epoch,train_accuracy,train_f1_score,val_accuracy,val_f1_score
1,0.41889880952380953,0.4615756788113105,0.4017857142857143,0.465238337640453
2,0.6912202380952381,0.7295757528335299,0.8035714285714286,0.7888140621262278
3,0.8489583333333334,0.873801497118114,0.8809523809523809,0.8857002213252213
4,0.9226190476190477,0.9294394136207715,0.7678571428571429,0.8219696118631005
5,0.9255952380952381,0.9331391035715308,0.8839285714285714,0.8900476843463201
6,0.9255952380952381,0.9327801344675667,0.8869047619047619,0.8995335307726509
7,0.9553571428571429,0.9568638233353534,0.8958333333333334,0.8963373393683992
8,0.9583333333333334,0.9606179108344594,0.8958333333333334,0.8951478426754653
9,0.9680059523809523,0.9701405674019699,0.9107142857142857,0.9189199928035767
10,0.9866071428571429,0.9867624429404981,0.9196428571428571,0.9224847071005435
11,0.9910714285714286,0.9912382186594284,0.9166666666666666,0.9169648681390365
12,0.9970238095238095,0.9970258242038545,0.9166666666666666,0.919035990464562
13,0.9962797619047619,0.9962816070573461,0.9077380952380952,0.9080896254861117
14,1.0,1.0,0.9255952380952381,0.9256528817624324
15,0.9992559523809523,0.9992558446422584,0.9077380952380952,0.9093515473723806
16,0.9977678571428571,0.9977681773758547,0.9077380952380952,0.9079484359982953
17,1.0,1.0,0.9107142857142857,0.9114199975399431
18,1.0,1.0,0.9107142857142857,0.9107801140806758
19,1.0,1.0,0.9136904761904762,0.9132553462537678
20,1.0,1.0,0.9166666666666666,0.9157199864964712
21,1.0,1.0,0.9196428571428571,0.9198345268785735
22,1.0,1.0,0.9166666666666666,0.9157199864964712
23,1.0,1.0,0.9166666666666666,0.9157199864964712
24,1.0,1.0,0.9196428571428571,0.9192689705700559
25,0.9992559523809523,0.9992560591252848,0.9196428571428571,0.9192689705700559
26,0.9992559523809523,0.9992560591252848,0.9166666666666666,0.9149421426792058
27,1.0,1.0,0.9136904761904762,0.9119495020230314
28,1.0,1.0,0.9136904761904762,0.9120158370401208
29,1.0,1.0,0.9166666666666666,0.9157937800095686
30,1.0,1.0,0.9136904761904762,0.9125304450694943
31,1.0,1.0,0.9226190476190477,0.9248190669225748
32,1.0,1.0,0.9136904761904762,0.9137841567406763
33,0.9747023809523809,0.9757058109111948,0.8988095238095238,0.9085867500722573
