epoch,train_accuracy,train_f1_score,val_accuracy,val_f1_score
1,0.0898876404494382,0.014826827290628982,0.1348314606741573,0.03203915897207698
2,0.0898876404494382,0.014826827290628982,0.1348314606741573,0.03203915897207698
3,0.0898876404494382,0.014826827290628982,0.1348314606741573,0.03203915897207698
4,0.09269662921348315,0.020411091681015906,0.1348314606741573,0.03203915897207698
5,0.09269662921348315,0.020411091681015906,0.1348314606741573,0.03203915897207698
6,0.09269662921348315,0.020379400478856405,0.1348314606741573,0.03203915897207698
7,0.09269662921348315,0.020379400478856405,0.1348314606741573,0.03203915897207698
8,0.09269662921348315,0.020379400478856405,0.1348314606741573,0.03203915897207698
9,0.09269662921348315,0.020379400478856405,0.1348314606741573,0.03203915897207698
10,0.0898876404494382,0.019882715599007734,0.1348314606741573,0.03203915897207698
11,0.0898876404494382,0.019882715599007734,0.1348314606741573,0.032359550561797755
12,0.0898876404494382,0.019882715599007734,0.12359550561797752,0.029962546816479398
13,0.09269662921348315,0.025012810817362043,0.12359550561797752,0.029962546816479398
14,0.0898876404494382,0.024290332611020295,0.12359550561797752,0.029962546816479398
15,0.0898876404494382,0.02421234540568132,0.11235955056179775,0.02751662462737904
16,0.0898876404494382,0.024137185944624922,0.11235955056179775,0.02780030116992934
17,0.0898876404494382,0.02406476723603027,0.11235955056179775,0.02780030116992934
18,0.09269662921348315,0.028681496956447384,0.11235955056179775,0.02780030116992934
19,0.09269662921348315,0.03246035648076253,0.11235955056179775,0.028089887640449437
20,0.09269662921348315,0.03246035648076253,0.11235955056179775,0.02868754482428879
