epoch,train_accuracy,train_f1_score,val_accuracy,val_f1_score
1,0.03932584269662921,0.007616515267517812,0.07865168539325842,0.05842065395783361
2,0.03932584269662921,0.007616515267517812,0.07865168539325842,0.05842065395783361
3,0.03932584269662921,0.007616515267517812,0.0898876404494382,0.07342185903983657
4,0.042134831460674156,0.01246148339506365,0.0898876404494382,0.07342185903983657
5,0.042134831460674156,0.01246148339506365,0.0898876404494382,0.07342185903983657
6,0.042134831460674156,0.012317535772591953,0.0898876404494382,0.07342185903983657
7,0.042134831460674156,0.012317535772591953,0.0898876404494382,0.07085307821456602
8,0.042134831460674156,0.012178212281495435,0.0898876404494382,0.07085307821456602
9,0.042134831460674156,0.011912630220627577,0.0898876404494382,0.07085307821456602
10,0.0449438202247191,0.0159752714215848,0.0898876404494382,0.07085307821456602
11,0.047752808988764044,0.01993599318566611,0.0898876404494382,0.07085307821456602
12,0.047752808988764044,0.01994367770880007,0.0898876404494382,0.07085307821456602
