epoch,train_accuracy,train_f1_score,val_accuracy,val_f1_score
1,0.03932584269662921,0.0029760097175827514,0.0449438202247191,0.0038661350730941164
2,0.03932584269662921,0.0029760097175827514,0.0449438202247191,0.0038661350730941164
3,0.03932584269662921,0.0029760097175827514,0.0449438202247191,0.0038661350730941164
4,0.03932584269662921,0.0029760097175827514,0.0449438202247191,0.0038661350730941164
5,0.03932584269662921,0.0029760097175827514,0.0449438202247191,0.0038661350730941164
6,0.03932584269662921,0.0029760097175827514,0.0449438202247191,0.0038661350730941164
7,0.03932584269662921,0.0029760097175827514,0.0449438202247191,0.0038661350730941164
8,0.03932584269662921,0.0029760097175827514,0.0449438202247191,0.0038661350730941164
9,0.03932584269662921,0.0029760097175827514,0.0449438202247191,0.0038661350730941164
10,0.042134831460674156,0.008436817679478842,0.0449438202247191,0.0038661350730941164
