epoch,train_accuracy,train_f1_score,val_accuracy,val_f1_score
1,0.35674157303370785,0.40781153824145183,0.2808988764044944,0.2610900335619437
2,0.6404494382022472,0.6112498294854695,0.6853932584269663,0.636607359752664
3,0.8286516853932584,0.8120925186574404,0.7303370786516854,0.7297306937756376
4,0.8567415730337079,0.8639921985151594,0.7528089887640449,0.756858871465613
5,0.8623595505617978,0.8683536602421745,0.6404494382022472,0.6523254606001457
6,0.9101123595505618,0.9147746326816629,0.7415730337078652,0.7602545868297539
7,0.9550561797752809,0.9566988868246569,0.8089887640449438,0.7987507973873332
8,0.9606741573033708,0.961819220707106,0.7528089887640449,0.7326708388190526
9,0.9831460674157303,0.9833209871470092,0.7865168539325843,0.7295576405101936
10,0.9915730337078652,0.9916103174199672,0.7303370786516854,0.7045177991322896
11,0.9943820224719101,0.9944290225453478,0.797752808988764,0.7759613047485965
12,0.9971910112359551,0.9972086625196295,0.797752808988764,0.7645765682921923
13,1.0,1.0,0.8202247191011236,0.8025641322959304
14,1.0,1.0,0.8426966292134831,0.8225610843588371
15,1.0,1.0,0.8202247191011236,0.7855747249005676
16,1.0,1.0,0.8202247191011236,0.7855747249005676
17,1.0,1.0,0.8314606741573034,0.8099096908085671
18,1.0,1.0,0.8202247191011236,0.7968253968253969
19,1.0,1.0,0.8089887640449438,0.7772491883529555
20,1.0,1.0,0.8202247191011236,0.7991764496060596
21,1.0,1.0,0.8089887640449438,0.7772491883529555
22,1.0,1.0,0.8089887640449438,0.7772491883529555
23,1.0,1.0,0.8089887640449438,0.7724904309173972
