epoch,train_accuracy,train_f1_score,val_accuracy,val_f1_score
1,0.3202247191011236,0.3076577127778199,0.33707865168539325,0.3903689073494422
2,0.41853932584269665,0.4446635695324191,0.5955056179775281,0.6273070316240038
3,0.5533707865168539,0.5726783030080185,0.6404494382022472,0.6817441112563948
4,0.6797752808988764,0.6839474639530737,0.7303370786516854,0.7491019592649147
5,0.7106741573033708,0.7064916897888245,0.7415730337078652,0.7797827965878771
6,0.7191011235955056,0.7238522127913681,0.8314606741573034,0.8444219575916908
7,0.7612359550561798,0.7609890964302664,0.8202247191011236,0.832289687032454
8,0.7837078651685393,0.7807780569766137,0.8202247191011236,0.8340150394959931
9,0.7949438202247191,0.7915156306504725,0.8089887640449438,0.8249166563773306
10,0.8061797752808989,0.8061472900300863,0.7752808988764045,0.8013963886228818
11,0.8202247191011236,0.8237533345335464,0.797752808988764,0.8144927536231884
12,0.8342696629213483,0.8404603457313921,0.7865168539325843,0.808437255628267
13,0.8595505617977528,0.8640694950066927,0.797752808988764,0.8144927536231884
14,0.8792134831460674,0.8852862972457136,0.7865168539325843,0.808437255628267
15,0.8651685393258427,0.8748963430168741,0.7752808988764045,0.8013627654077092
