epoch,train_accuracy,train_f1_score,val_accuracy,val_f1_score
1,0.0898876404494382,0.11148841042193652,0.20224719101123595,0.24056873101001247
2,0.4157303370786517,0.47888252945818066,0.5842696629213483,0.537468548002256
3,0.7134831460674157,0.6888653549864975,0.7078651685393258,0.6649045242445172
4,0.7443820224719101,0.7182696930631568,0.6292134831460674,0.595846101464079
5,0.7640449438202247,0.7460259653071698,0.6629213483146067,0.6553300370912076
6,0.75,0.7442324148237199,0.7078651685393258,0.6871743590183775
7,0.7724719101123596,0.7677589803425247,0.7191011235955056,0.6977653605451075
8,0.7780898876404494,0.7683911440462172,0.7640449438202247,0.7450849481626228
9,0.8033707865168539,0.7963219048393918,0.7191011235955056,0.721357103402067
10,0.8061797752808989,0.8046870689594425,0.7303370786516854,0.7353505486562849
11,0.8314606741573034,0.8337631387601819,0.7640449438202247,0.7621722846441947
12,0.8539325842696629,0.8585206634333407,0.7191011235955056,0.7368469889167703
13,0.8651685393258427,0.8715469303059784,0.7191011235955056,0.739783239311504
14,0.8764044943820225,0.8783518761153711,0.7415730337078652,0.7503416337686002
15,0.8707865168539326,0.8793943057207274,0.7078651685393258,0.7321246024261991
16,0.898876404494382,0.9043152800497328,0.6966292134831461,0.7206676750216077
17,0.9073033707865169,0.9116770850243858,0.7303370786516854,0.7435811141080069
