epoch,train_accuracy,train_f1_score,val_accuracy,val_f1_score
1,0.7723214285714286,0.7715255023771507,0.7738095238095238,0.8234704019519127
2,0.9032738095238095,0.9108823123419747,0.8928571428571429,0.8943063768823587
3,0.953125,0.9550309813619192,0.8869047619047619,0.9007693541639009
4,0.9717261904761905,0.9731841320195416,0.8660714285714286,0.8878717822516271
5,0.9590773809523809,0.960883979632975,0.8839285714285714,0.8874258036547952
6,0.9784226190476191,0.9792677715921363,0.8988095238095238,0.8973538927944499
7,0.9724702380952381,0.973147732172172,0.8898809523809523,0.8958392856637887
8,0.9925595238095238,0.9926855783311782,0.8898809523809523,0.8987843275825222
9,0.9947916666666666,0.9948907883619585,0.8988095238095238,0.9015961803025534
10,0.9970238095238095,0.9970683809696647,0.9107142857142857,0.9125861049814419
11,0.9970238095238095,0.9970683809696647,0.9107142857142857,0.9125861049814419
12,0.9970238095238095,0.9970683809696647,0.9136904761904762,0.9156521370259931
13,0.9985119047619048,0.9985235030800212,0.9047619047619048,0.9074454781912764
14,0.9977678571428571,0.997793417973142,0.9077380952380952,0.9083372007186551
15,0.9985119047619048,0.9985235030800212,0.9077380952380952,0.9104246574779311
16,0.9925595238095238,0.9926511231833557,0.8988095238095238,0.8953044340339007
17,0.9947916666666666,0.994808523765809,0.8928571428571429,0.890946239606954
18,0.9970238095238095,0.9970327873697533,0.8928571428571429,0.8919416773130777
19,0.9791666666666666,0.9794683752141318,0.8482142857142857,0.8487439031197884
20,0.9546130952380952,0.9560887473337827,0.8869047619047619,0.8931810289147247
