epoch,train_accuracy,train_f1_score,val_accuracy,val_f1_score
1,0.6525297619047619,0.6539864542169828,0.8273809523809523,0.8083623233307821
2,0.8430059523809523,0.8532269702915313,0.8809523809523809,0.8909985422740524
3,0.9084821428571429,0.9135196670562192,0.9196428571428571,0.9241073024004275
4,0.953125,0.9544021969217181,0.9166666666666666,0.9162492857495573
5,0.9806547619047619,0.9809689884684951,0.9017857142857143,0.9140688622114946
6,0.9739583333333334,0.974353001561145,0.9077380952380952,0.9106648526895863
7,0.9761904761904762,0.9765239074084339,0.9315476190476191,0.9303038802384352
8,0.9940476190476191,0.9940460272630961,0.9285714285714286,0.9276535877855755
9,0.9933035714285714,0.9933193468424731,0.8988095238095238,0.8921804546804547
10,0.9635416666666666,0.9640774840593759,0.8958333333333334,0.9033759987700053
11,0.9709821428571429,0.9711321787348691,0.9107142857142857,0.9071280007339239
12,0.984375,0.984455405521233,0.9285714285714286,0.931213616050709
13,0.9925595238095238,0.9925625836154442,0.9226190476190477,0.9246617610298712
14,0.9940476190476191,0.9940499320448127,0.9255952380952381,0.9275903654051485
15,0.9962797619047619,0.9962827139775624,0.9226190476190477,0.9239754606295959
16,0.9977678571428571,0.9977670026541238,0.9166666666666666,0.9188115485975902
17,0.9977678571428571,0.9977670026541238,0.9196428571428571,0.9217355495657383
18,0.9977678571428571,0.9977670026541238,0.9196428571428571,0.9217355495657383
19,0.9977678571428571,0.9977670026541238,0.9196428571428571,0.9217355495657383
20,0.9910714285714286,0.991094863325815,0.9166666666666666,0.9143862361998816
21,0.9270833333333334,0.9325861595316836,0.9226190476190477,0.9208613695821994
22,0.9732142857142857,0.973766003336436,0.9077380952380952,0.9108545013750182
23,0.9821428571428571,0.9823328169516917,0.8988095238095238,0.9034194389431865
24,0.9910714285714286,0.9911048799664655,0.9107142857142857,0.9104380862193361
25,0.9977678571428571,0.9977670026541238,0.9077380952380952,0.9080057216685125
26,0.9985119047619048,0.9985100672070207,0.9136904761904762,0.913350398922099
27,0.9985119047619048,0.9985100672070207,0.9136904761904762,0.913350398922099
28,0.9985119047619048,0.9985100672070207,0.9107142857142857,0.9110882937491444
29,0.9970238095238095,0.9970323479748634,0.9107142857142857,0.9110882937491444
30,0.9985119047619048,0.9985100672070207,0.9136904761904762,0.9132207930041454
31,0.9962797619047619,0.99630102382467,0.9136904761904762,0.9132207930041454
