epoch,train_accuracy,train_f1_score,val_accuracy,val_f1_score
1,0.7127976190476191,0.7057744410601797,0.7738095238095238,0.8192629259257229
2,0.8883928571428571,0.8965079434684485,0.8839285714285714,0.8886236910916674
3,0.9337797619047619,0.9382285424571593,0.8333333333333334,0.8686608135721692
4,0.9724702380952381,0.9729420618191617,0.8988095238095238,0.9078526310313154
5,0.9940476190476191,0.9940824243407269,0.9077380952380952,0.908914846999087
6,0.9992559523809523,0.9992586291402984,0.9077380952380952,0.9091960670908039
7,1.0,1.0,0.9017857142857143,0.9047128253010606
8,1.0,1.0,0.9077380952380952,0.9113925332037577
9,1.0,1.0,0.9077380952380952,0.9113925332037577
10,1.0,1.0,0.9107142857142857,0.9152293627813501
11,0.9992559523809523,0.9992560414386233,0.9077380952380952,0.9122937099495855
12,1.0,1.0,0.9107142857142857,0.9133593402823588
13,0.9880952380952381,0.9881156538141425,0.9017857142857143,0.9064922571288218
14,0.9799107142857143,0.9799388822099228,0.8660714285714286,0.8772403854640697
15,0.9427083333333334,0.9448930655462611,0.875,0.8797387723494039
16,0.9895833333333334,0.9896712814910771,0.8869047619047619,0.9005090759474316
17,0.9925595238095238,0.9925698268855573,0.9017857142857143,0.9028218530986453
18,0.9776785714285714,0.9779517270925081,0.8541666666666666,0.865501232458337
19,0.9732142857142857,0.9742439206451893,0.8839285714285714,0.8889441704061806
20,0.9947916666666666,0.9948563605958811,0.8898809523809523,0.8940160666136927
21,0.9977678571428571,0.9977921894769279,0.8928571428571429,0.8955966094502037
22,0.9992559523809523,0.9992586291402984,0.9017857142857143,0.9043092958968363
23,1.0,1.0,0.9017857142857143,0.9043092958968363
24,1.0,1.0,0.9017857142857143,0.9043092958968363
25,1.0,1.0,0.9017857142857143,0.9043092958968363
26,1.0,1.0,0.9017857142857143,0.9043092958968363
27,1.0,1.0,0.9047619047619048,0.9072173959457677
28,1.0,1.0,0.9047619047619048,0.9072173959457677
29,1.0,1.0,0.9047619047619048,0.9072173959457677
