epoch,train_accuracy,train_f1_score,val_accuracy,val_f1_score
1,0.6071428571428571,0.6015510619871085,0.7083333333333334,0.6960750992441133
2,0.8482142857142857,0.8532862787835023,0.8511904761904762,0.8531392069698521
3,0.9159226190476191,0.919674681864704,0.8630952380952381,0.8699937582466203
4,0.9553571428571429,0.9567648567613903,0.9047619047619048,0.9042829138176756
5,0.9717261904761905,0.9728745879334989,0.8839285714285714,0.8837374843121969
6,0.9776785714285714,0.9777884603050411,0.8839285714285714,0.8849403575254212
7,0.9851190476190477,0.9852752393155788,0.8303571428571429,0.8465018803290731
8,0.9754464285714286,0.9757295069309945,0.8839285714285714,0.8903489975112647
9,0.984375,0.9845246416185249,0.8928571428571429,0.8913147648996704
10,0.9813988095238095,0.9816367429622423,0.8809523809523809,0.8832872621188086
11,0.9955357142857143,0.9955379338208687,0.9047619047619048,0.9027116146535212
12,0.9992559523809523,0.9992560554924723,0.9047619047619048,0.9039140418103383
13,0.9992559523809523,0.9992560554924723,0.9047619047619048,0.9039140418103383
14,0.9992559523809523,0.9992560554924723,0.9047619047619048,0.9039140418103383
15,0.9992559523809523,0.9992560554924723,0.9047619047619048,0.9039140418103383
16,0.9992559523809523,0.9992560554924723,0.9047619047619048,0.9039140418103383
17,0.9992559523809523,0.9992560554924723,0.9017857142857143,0.9004194756554307
18,0.9985119047619048,0.9985119047619048,0.9017857142857143,0.9004194756554307
19,0.9992559523809523,0.9992560554924723,0.9017857142857143,0.9004194756554307
20,0.9992559523809523,0.9992560554924723,0.8928571428571429,0.8900029708853238
21,0.9650297619047619,0.9654246936255091,0.8898809523809523,0.891222756841937
22,0.9702380952380952,0.9707670231566864,0.8779761904761905,0.8867680063950784
23,0.984375,0.9847980853683345,0.8571428571428571,0.8600557821677244
