epoch,train_accuracy,train_f1_score,val_accuracy,val_f1_score
1,0.7380952380952381,0.7407181201720575,0.6488095238095238,0.7149511973034629
2,0.8787202380952381,0.8884010800588305,0.8571428571428571,0.8646157255198312
3,0.9404761904761905,0.942788057409593,0.8511904761904762,0.8604474543071331
4,0.9642857142857143,0.966094760342729,0.8660714285714286,0.8799109766469538
5,0.9836309523809523,0.9840992960189312,0.9017857142857143,0.9025622928946471
6,0.9620535714285714,0.9647525938953873,0.8898809523809523,0.9014078117810665
7,0.9672619047619048,0.968837650799059,0.875,0.882514919961496
8,0.9776785714285714,0.978512924339106,0.8630952380952381,0.8765186518739794
9,0.9903273809523809,0.9904124642200041,0.8898809523809523,0.8947446320739881
10,0.9940476190476191,0.994109393628474,0.8720238095238095,0.8771842654087497
11,0.9940476190476191,0.9941122847153298,0.9017857142857143,0.9017857142857143
12,0.9970238095238095,0.997032694760973,0.8988095238095238,0.8990386906250969
13,0.9977678571428571,0.9977782035802714,0.9017857142857143,0.9017857142857143
14,0.9985119047619048,0.9985145815212507,0.9017857142857143,0.9017857142857143
15,0.9992559523809523,0.9992560414386233,0.9017857142857143,0.9019360269360268
16,0.9985119047619048,0.9985100412344288,0.9017857142857143,0.9074292736546432
17,0.9977678571428571,0.9977697597195475,0.8898809523809523,0.8903592687074832
18,0.9985119047619048,0.9985145815212507,0.8869047619047619,0.8874697188975404
19,0.9992559523809523,0.9992560414386233,0.8869047619047619,0.8881410988308367
20,0.9985119047619048,0.9985145815212507,0.8898809523809523,0.8897438230432044
