epoch,train_accuracy,train_f1_score,val_accuracy,val_f1_score
1,0.6815476190476191,0.6700039170847489,0.8869047619047619,0.8832836888634209
2,0.8273809523809523,0.8376402292871719,0.8809523809523809,0.8820390051153142
3,0.9002976190476191,0.9058326186340115,0.9077380952380952,0.9092847076747891
4,0.9516369047619048,0.95238730865585,0.9107142857142857,0.9114446224420648
5,0.9627976190476191,0.9636317600577506,0.9077380952380952,0.9114133173603163
6,0.9828869047619048,0.9829902515191002,0.9136904761904762,0.911981138117101
7,0.9836309523809523,0.9837336177017681,0.9196428571428571,0.9196428571428571
8,0.9918154761904762,0.9918259364201089,0.9196428571428571,0.9181744637409662
9,0.9910714285714286,0.9910935145451089,0.9166666666666666,0.9166048766376113
10,0.9962797619047619,0.9962868098135301,0.9255952380952381,0.9238760561317128
11,1.0,1.0,0.9226190476190477,0.9208497654178283
12,1.0,1.0,0.9255952380952381,0.9238760561317128
13,1.0,1.0,0.9255952380952381,0.9238760561317128
14,1.0,1.0,0.9255952380952381,0.9238760561317128
15,1.0,1.0,0.9255952380952381,0.9238760561317128
16,0.96875,0.9690905063943356,0.9107142857142857,0.9191895750548281
17,0.9724702380952381,0.9732661965854477,0.8988095238095238,0.9021851784985925
18,0.9769345238095238,0.9775888195479426,0.9226190476190477,0.91970413275832
19,0.9851190476190477,0.9852261589951068,0.9285714285714286,0.9237567742501701
20,0.9851190476190477,0.9853519320088049,0.9196428571428571,0.9264693264693264
