epoch,train_accuracy,train_f1_score,val_accuracy,val_f1_score
1,0.7665,0.7689116950657747,0.8348348348348348,0.8345378892324853
2,0.86075,0.8613365224090724,0.8488488488488488,0.8500106031605085
3,0.87275,0.8731922463507639,0.8638638638638638,0.8643207191082904
4,0.8915,0.8919423118521106,0.8568568568568569,0.8571832896500811
5,0.91275,0.913036676804659,0.8548548548548549,0.855747917897282
6,0.923,0.9233346548257206,0.8328328328328328,0.8342130885388034
7,0.94275,0.9429489674151768,0.8438438438438438,0.8450838630371845
8,0.96225,0.9623254183138743,0.8238238238238238,0.8214298695913251
9,0.9695,0.9695466596397228,0.8338338338338338,0.8340743118202969
10,0.98125,0.9812757112459997,0.8328328328328328,0.8327360103342166
11,0.98575,0.9857618771769384,0.8238238238238238,0.8218611352161842
12,0.9895,0.9895058720355946,0.8338338338338338,0.834485707024567
