epoch,train_accuracy,train_f1_score,val_accuracy,val_f1_score
1,0.8715029277813924,0.8724934549342444,0.8984375,0.8983231485272465
2,0.929733246584255,0.9303538412201531,0.87109375,0.8746116450269409
3,0.9619388418998048,0.9621638225993675,0.8932291666666666,0.8931089510158233
4,0.9798308392973325,0.9798933386679982,0.8684895833333334,0.8719444248361671
5,0.9876382563435263,0.9876524121599692,0.86328125,0.8669437259896635
6,0.9840598568640209,0.9840938079109195,0.890625,0.8917353036175711
7,0.9951203643461288,0.9951252593075229,0.8971354166666666,0.8981321914431449
8,0.9938191281717632,0.993825328456196,0.87890625,0.880079668407753
9,0.9941444372153546,0.9941478053333205,0.9088541666666666,0.9077400577929318
10,0.9967469095640858,0.9967487807407336,0.9153645833333334,0.9148183572527658
11,0.9993493819128172,0.9993493819128172,0.89453125,0.895553259580946
12,0.9895901106050748,0.9896049772685506,0.9049479166666666,0.9050006886748343
13,0.9931685100845804,0.9931792296292277,0.9036458333333334,0.9031997350827123
14,1.0,1.0,0.9088541666666666,0.9088541666666666
15,1.0,1.0,0.9075520833333334,0.9077046361581611
16,1.0,1.0,0.9075520833333334,0.9077046361581611
17,1.0,1.0,0.9075520833333334,0.9077046361581611
18,1.0,1.0,0.9075520833333334,0.9077046361581611
19,1.0,1.0,0.9075520833333334,0.9077046361581611
20,1.0,1.0,0.9075520833333334,0.9077046361581611
