epoch,train_accuracy,train_f1_score,val_accuracy,val_f1_score
1,0.8724373576309795,0.8739379682352504,0.9128738621586476,0.912279330157434
2,0.9313374552554508,0.9319930383225974,0.9141742522756827,0.914658188950461
3,0.9583468922876668,0.9585949332832914,0.8478543563068921,0.8532556441791317
4,0.9723397331597787,0.9724428327506933,0.9063719115734721,0.9082041498414436
5,0.9824275951838595,0.9824812752190629,0.9024707412223667,0.902967962673954
6,0.993491701919948,0.9935008653763334,0.9063719115734721,0.9079751961253418
7,0.9863325740318907,0.9863668928443237,0.9089726918075423,0.909387104095942
8,0.9938171168239506,0.9938249606314671,0.9154746423927178,0.9154245215973316
9,0.9931662870159453,0.993173045519967,0.9141742522756827,0.9138619099982767
10,1.0,1.0,0.9128738621586476,0.9134117696476803
11,1.0,1.0,0.9154746423927178,0.9158129031222885
12,1.0,1.0,0.9167750325097529,0.9170618225808785
13,1.0,1.0,0.9167750325097529,0.9170618225808785
14,1.0,1.0,0.9167750325097529,0.9170618225808785
15,1.0,1.0,0.9167750325097529,0.9170618225808785
16,1.0,1.0,0.9167750325097529,0.9170618225808785
17,1.0,1.0,0.9167750325097529,0.9170618225808785
18,1.0,1.0,0.9167750325097529,0.9170618225808785
19,1.0,1.0,0.918075422626788,0.9183117604888281
20,1.0,1.0,0.918075422626788,0.9183117604888281
