epoch,train_accuracy,train_f1_score,val_accuracy,val_f1_score
1,0.6333767078724789,0.6460868746314288,0.7473958333333334,0.7256578762108584
2,0.682498373454782,0.6918777517003726,0.6067708333333334,0.6129675443590877
3,0.7010409889394925,0.709469731793488,0.7838541666666666,0.7562956758236526
4,0.7052700065061809,0.7135597903332322,0.7473958333333334,0.7508157714141036
5,0.7381262199089135,0.7449933840653706,0.7708333333333334,0.7724932432432432
6,0.7202342225113858,0.7272954222174098,0.5690104166666666,0.5675320699631216
7,0.7290175666883539,0.7363205300562952,0.7200520833333334,0.729723366097538
