epoch,train_accuracy,train_f1_score,val_accuracy,val_f1_score
1,0.5920624593363696,0.6050483911537348,0.6861979166666666,0.6890103420422989
2,0.6707872478854913,0.6796176849484538,0.6888020833333334,0.7013065707684007
3,0.719583604424203,0.7251534874053708,0.6692708333333334,0.6837046068926745
4,0.7059206245933637,0.7137329459947437,0.7278645833333334,0.736209258951391
5,0.7342225113858165,0.7401903013302874,0.7239583333333334,0.734611108550003
6,0.745608327911516,0.7507500040411061,0.6966145833333334,0.7098322053316544
7,0.7625243981782693,0.7667674319396454,0.7408854166666666,0.7502710231420916
8,0.7521145087833442,0.756355501597857,0.7213541666666666,0.7332100656945819
9,0.7478854912166558,0.7530029540338055,0.7122395833333334,0.7247337011745852
10,0.7524398178269356,0.7577577380291562,0.7356770833333334,0.7463804761415056
11,0.7608978529603123,0.7650570850418289,0.7200520833333334,0.7320768656516061
12,0.75113858165257,0.7559716926626374,0.703125,0.7160793161137272
13,0.7592713077423552,0.7641784216007981,0.6927083333333334,0.7060329503070556
14,0.7550422901756669,0.7596228980759386,0.7604166666666666,0.7690375329345184
15,0.7797657774886142,0.7835967980589362,0.6536458333333334,0.6667102037738108
16,0.7713077423552375,0.7760283052979554,0.75,0.7600050575015942
17,0.774886141834743,0.7801685055876494,0.765625,0.7735761140702953
18,0.763825634352635,0.768680459942407,0.76171875,0.7699935342892523
19,0.780416395575797,0.7838062523593374,0.6666666666666666,0.6798421713231674
20,0.7735849056603774,0.7785414162431087,0.6901041666666666,0.7028941972966192
21,0.7752114508783344,0.7796960931078497,0.7421875,0.7529416271657404
22,0.7716330513988289,0.7758825488599298,0.7122395833333334,0.7248017007783286
23,0.7703318152244633,0.7748532716539646,0.7291666666666666,0.7409134207665938
24,0.7657774886141835,0.7700929452379095,0.7513020833333334,0.7614465979233868
25,0.7732595966167859,0.7779398702598507,0.7135416666666666,0.7259629197777636
26,0.7830188679245284,0.7874231875361913,0.6966145833333334,0.7095991808610685
