epoch,train_accuracy,train_f1_score,val_accuracy,val_f1_score
1,0.5844451675886756,0.5979246772082499,0.6618985695708712,0.6658647725392431
2,0.6729580214773837,0.6810847712702752,0.6723016905071522,0.6844168075941481
3,0.7038724373576309,0.7102510000033033,0.6527958387516255,0.6662586533310403
4,0.7207940123657663,0.7279184481016671,0.7139141742522757,0.723630969752976
5,0.7204685974617637,0.7282719373454164,0.7243172951885566,0.7314704728878981
6,0.7315327041978522,0.7372922989867927,0.6879063719115734,0.7000035284751621
7,0.7412951513179303,0.7474443227276825,0.6996098829648895,0.7112574865897764
8,0.7536609176700293,0.7589882328442744,0.7399219765929779,0.7490305607727039
9,0.760494630654084,0.7647292654302259,0.7347204161248374,0.7437305355891232
10,0.7578913114220631,0.7630223473058767,0.6918075422626788,0.7037069441971694
11,0.7572404816140579,0.7619485527177441,0.7321196358907672,0.741670308357706
12,0.7696062479661568,0.7736797825062499,0.7035110533159948,0.7150134464595904
13,0.7692808330621542,0.7742305939171346,0.7438231469440832,0.7515635756351414
14,0.7585421412300684,0.7641852132254028,0.7386215864759428,0.7484214567730719
15,0.7643996095021152,0.7698296117157309,0.6814044213263979,0.693058291467632
16,0.7546371623820372,0.760449793861664,0.7308192457737321,0.7411211737911925
17,0.7764399609502115,0.7809999103919361,0.7620286085825748,0.7702411311848201
18,0.7744874715261959,0.7782285577151691,0.6788036410923277,0.6906992453621925
19,0.7660266840221283,0.7715135940267503,0.6540962288686606,0.6656273055896753
20,0.7738366417181907,0.7790675146555803,0.7451235370611183,0.7545464059065596
21,0.7699316628701595,0.7743722449305244,0.7269180754226268,0.7374611436141536
22,0.7578913114220631,0.7638525327621234,0.7594278283485045,0.7673615319725863
23,0.7796941099902376,0.7839871059065959,0.7542262678803641,0.7632248828992331
24,0.7767653758542141,0.7814180282859493,0.7139141742522757,0.7250120186350296
25,0.7702570777741621,0.7749225046449942,0.7022106631989596,0.7134647022058733
26,0.7627725349821022,0.7677377463879985,0.7230169050715215,0.733736137170513
