epoch,train_accuracy,train_f1_score,val_accuracy,val_f1_score
1,0.7436182019977803,0.7445853170335854,0.8168701442841287,0.8169219461601291
2,0.8304661487236404,0.8308615854144098,0.8135405105438401,0.8133340755714362
3,0.8590455049944506,0.859348957721148,0.8124306326304107,0.8125478319470061
4,0.8831853496115427,0.8834398867346119,0.7980022197558269,0.7982542693929868
5,0.9100998890122086,0.9102434221322382,0.7902330743618202,0.7883856777078829
6,0.9286903440621531,0.9287668959774172,0.7935627081021087,0.7932040521270972
7,0.9331298557158713,0.9331841084723645,0.7835738068812431,0.7835076755130544
8,0.9578246392896781,0.9578277579988049,0.7857935627081021,0.7861707271725372
9,0.9761376248612652,0.9761529495005029,0.779134295227525,0.7795440034703315
10,0.9733629300776915,0.9733707053392214,0.7857935627081021,0.7853579890234951
