epoch,train_accuracy,train_f1_score,val_accuracy,val_f1_score
1,0.7361265260821309,0.7366952472476772,0.827968923418424,0.8273826195384675
2,0.818534961154273,0.8188905752896068,0.7835738068812431,0.7832191851216938
3,0.8543285238623751,0.8545836399653423,0.8224195338512763,0.822246678978296
4,0.8729189789123196,0.8731680175575535,0.8124306326304107,0.8127660382324274
5,0.8998335183129855,0.8999842455646212,0.804661487236404,0.8020291914531422
6,0.9159267480577137,0.9160357174372612,0.8002219755826859,0.8008839404956256
7,0.9481132075471698,0.9481572245652388,0.8190899001109878,0.8197321655673074
8,0.9600443951165372,0.9600574928445934,0.8102108768035516,0.8106380750947585
9,0.9775249722530521,0.9775316192016227,0.804661487236404,0.8034315957148199
10,0.9755826859045506,0.975590690071696,0.8079911209766926,0.8078366288265688
