epoch,train_accuracy,train_f1_score,val_accuracy,val_f1_score
1,0.7374262920568851,0.7382270680678876,0.8141470180305131,0.8135238292904967
2,0.8400971210544571,0.8404410384377351,0.8210818307905686,0.8218345233988574
3,0.8699271592091571,0.8700924077658261,0.8099861303744799,0.8110259000504247
4,0.8987166146375304,0.8988490327920688,0.8196948682385575,0.8190902821474969
5,0.9396462018730489,0.9396973361718399,0.8072122052704577,0.8067175815326532
6,0.9493583073187651,0.9493846623720414,0.7780859916782247,0.7789621659815198
7,0.9684356573014221,0.9684534013139536,0.8169209431345353,0.8157758795656944
8,0.9722511272979535,0.9722655684230366,0.8141470180305131,0.8140672559428107
9,0.980922650017343,0.9809301611108687,0.812760055478502,0.8126383611861521
10,0.9854318418314256,0.9854369549601047,0.7988904299583911,0.7988476892724402
11,0.978494623655914,0.9784965432003091,0.8335644937586685,0.8340382018224095
12,0.9930627818244884,0.9930627818244884,0.8169209431345353,0.8162070714930622
13,0.9857787027402012,0.9857818492583595,0.8294036061026352,0.8295081708585823
14,0.9895941727367326,0.9895960198527418,0.8335644937586685,0.8334930650234126
15,0.9961845300034686,0.9961843582755515,0.8099861303744799,0.8108569787629866
