epoch,train_accuracy,train_f1_score,val_accuracy,val_f1_score
1,0.6663198057578911,0.6680588334037103,0.8349514563106796,0.8341673884217452
2,0.8248352410683316,0.8253026738684452,0.8224687933425797,0.822634122950873
3,0.8449531737773153,0.845388974524653,0.7947295423023578,0.7944427987629742
4,0.8765175164758932,0.8768151077779103,0.8085991678224688,0.8085991678224688
5,0.9118973291710024,0.9120822976051386,0.812760055478502,0.8121787380352676
6,0.931321540062435,0.9314316650094652,0.8085991678224688,0.8052776602115372
7,0.9500520291363164,0.9500867881782696,0.7877947295423023,0.7879930426516594
8,0.9614984391259105,0.9615379073949317,0.8044382801664355,0.8034208684538102
9,0.9791883454734651,0.9792008232075184,0.7891816920943134,0.7884034375931662
10,0.9864724245577523,0.9864731194761323,0.782246879334258,0.7825260301192436
11,0.9857787027402012,0.9857837401386725,0.7877947295423023,0.7876714119810523
12,0.974332292750607,0.9743476819559392,0.7864077669902912,0.7863606320858345
13,0.989247311827957,0.9892478641989768,0.7947295423023578,0.7941307556318801
14,0.9850849809226501,0.9850872680320217,0.7905686546463245,0.7906318318892509
15,0.9937565036420395,0.9937571435048971,0.7877947295423023,0.78729004535256
