epoch,train_accuracy,train_f1_score,val_accuracy,val_f1_score
1,0.7247502774694784,0.7256106521667262,0.8124306326304107,0.8120218235325607
2,0.818534961154273,0.818946956082509,0.832408435072142,0.8328743495762696
3,0.8371254162042175,0.8374684587700804,0.8435072142064373,0.8439899890024561
4,0.8562708102108768,0.8565267403133939,0.8179800221975583,0.818467150794854
5,0.8706992230854605,0.8709427817016825,0.8346281908990011,0.8350562705668025
6,0.8937291897891232,0.8938809736572592,0.8213096559378469,0.8218444285209698
7,0.9073251942286349,0.9074950178062398,0.8235294117647058,0.8215095599813669
8,0.9206437291897891,0.9207364618495498,0.8257491675915649,0.8248515655635413
9,0.9461709211986682,0.9462306225702459,0.8357380688124306,0.8360685346717072
10,0.9594894561598224,0.9595193868267159,0.8091009988901221,0.8096541402199747
11,0.9655937846836848,0.9656192052500874,0.8157602663706992,0.8162346332492357
12,0.9753052164261932,0.9753210869671504,0.8235294117647058,0.8208853993033602
