epoch,train_accuracy,train_f1_score,val_accuracy,val_f1_score
1,0.7685904550499445,0.7694375640807396,0.7924528301886793,0.7887667693951186
2,0.8268590455049944,0.8271456078262375,0.8102108768035516,0.8104584614347252
3,0.8562708102108768,0.8564297122539202,0.8113207547169812,0.8113207547169812
4,0.8715316315205327,0.8716858908067984,0.8113207547169812,0.8098751984082946
5,0.894284128745838,0.8943698976264349,0.8057713651498335,0.8058927253889117
6,0.9170366259711432,0.9170927384806091,0.8102108768035516,0.8092628874925759
7,0.9408990011098779,0.9409586298217127,0.8079911209766926,0.8083115768964853
8,0.9600443951165372,0.9600700549775861,0.8124306326304107,0.8123327393421078
9,0.968645948945616,0.9686713869600714,0.7869034406215316,0.7868605693749228
10,0.9669811320754716,0.9670057032697024,0.804661487236404,0.8040587892519613
11,0.9819644839067703,0.981974201641659,0.7924528301886793,0.7903212198003713
12,0.9850166481687015,0.9850242001100471,0.7869034406215316,0.7850766841500652
13,0.980299667036626,0.9803047098496511,0.8057713651498335,0.8061447909524077
14,0.9894561598224195,0.9894599898879319,0.8057713651498335,0.8059513541966818
15,0.9830743618201998,0.9830811098442239,0.7957824639289678,0.7950862469176264
16,0.9902885682574917,0.9902924400745546,0.7891231964483907,0.7859698524193293
17,0.9891786903440621,0.9891814603399494,0.8057713651498335,0.8057120164860746
