epoch,train_accuracy,train_f1_score,val_accuracy,val_f1_score
1,0.7635960044395117,0.7644506816014354,0.8168701442841287,0.8169984543511044
2,0.8304661487236404,0.8306893737999314,0.8035516093229744,0.804370544709309
3,0.8515538290788013,0.8517884715818329,0.802441731409545,0.8031096092614397
4,0.8704217536071032,0.8706131379276332,0.8146503884572697,0.8144483814097523
5,0.8956714761376249,0.8958060004412778,0.7880133185349611,0.7888648216001665
6,0.9195338512763596,0.9195810982684209,0.8013318534961155,0.8021298589865434
7,0.9397891231964484,0.9398445439032763,0.8057713651498335,0.8057426401973504
8,0.9550499445061044,0.9550735204166053,0.779134295227525,0.7800251940237073
9,0.968645948945616,0.9686405453288922,0.7880133185349611,0.7879176136069168
10,0.9808546059933407,0.9808565487502764,0.7891231964483907,0.7895027363723057
