epoch,train_accuracy,train_f1_score,val_accuracy,val_f1_score
1,0.31100981767180924,0.3126381698479692,0.5217391304347826,0.4636225378110178
2,0.5284011220196353,0.5254348831555156,0.5946704067321178,0.5910067677673932
3,0.6065918653576438,0.6042185875348687,0.5932678821879382,0.5877702115347144
4,0.6367461430575035,0.636940543999329,0.5848527349228612,0.5800209934843892
5,0.6791725105189341,0.6802858188781922,0.5525946704067322,0.5362085394233147
6,0.7282608695652174,0.7291252852281852,0.576437587657784,0.5754591467067257
7,0.7997896213183731,0.8005533905887042,0.5539971949509116,0.5581449020460219
8,0.8362552594670407,0.8367749860912865,0.5876577840112202,0.5736534808566034
9,0.8944600280504909,0.8947631009011535,0.573632538569425,0.5723066796587557
10,0.9193548387096774,0.9196189290247266,0.5511921458625526,0.5483432687565131
11,0.9565217391304348,0.9565801500307937,0.5806451612903226,0.5820585757788852
