epoch,train_accuracy,train_f1_score,val_accuracy,val_f1_score
1,0.33362560280578696,0.33047392067325976,0.5569176882661997,0.5422363278859229
2,0.5414291977202981,0.5367041170403503,0.5691768826619965,0.5807238735654129
3,0.6098202542744411,0.609110687686145,0.6007005253940455,0.5885187929203491
