epoch,train_accuracy,train_f1_score,val_accuracy,val_f1_score
1,0.7942492012779553,0.7963604809044608,0.8337595907928389,0.8355669796143295
2,0.9099041533546326,0.9103698615048478,0.8964194373401535,0.8975130481073011
3,0.9348242811501597,0.9350466058430222,0.9104859335038363,0.9111307690072078
4,0.9501597444089457,0.9503523036555216,0.870843989769821,0.8724120856750984
5,0.9597444089456869,0.9598569039895295,0.9053708439897699,0.9044436331050874
6,0.9651757188498402,0.965264844399131,0.9168797953964194,0.9168550706388193
7,0.9830670926517572,0.9830885600034626,0.9156010230179028,0.9159193033934558
8,0.9910543130990416,0.9910589091750229,0.9040920716112532,0.9049298033457459
9,0.987220447284345,0.9872398045506328,0.9028132992327366,0.9022356755732714
10,0.9875399361022364,0.9875577869540054,0.907928388746803,0.9083197638118384
11,0.9971246006389777,0.9971248486366423,0.90153452685422,0.9009850862205008
12,0.9942492012779552,0.9942531294037581,0.9002557544757033,0.900631904010448
13,0.9936102236421726,0.9936113242708404,0.9066496163682864,0.9067831717073811
14,0.9958466453674122,0.9958477169375332,0.9104859335038363,0.9099539117122237
15,0.9920127795527156,0.9920189083746711,0.8836317135549873,0.880914844605356
