epoch,train_accuracy,train_f1_score,val_accuracy,val_f1_score
1,0.8018471872376155,0.8133330232463276,0.8588235294117647,0.8617098642796294
2,0.8916876574307305,0.8965707453046596,0.8403361344537815,0.8496569389996131
3,0.9252728799328296,0.9280710001867325,0.8756302521008403,0.876543266564825
4,0.9559193954659949,0.9570604630553005,0.8504201680672269,0.8506200082683674
5,0.9777497900923594,0.9781466473721033,0.8621848739495799,0.8606093959760425
6,0.9911838790931989,0.9912157082494754,0.8470588235294118,0.8512180302096268
7,0.9907640638119227,0.990780557066266,0.8588235294117647,0.8565142639211861
8,0.984047019311503,0.9841828118819973,0.6789915966386555,0.7011109425857333
9,0.9811083123425692,0.9813168586314144,0.853781512605042,0.8572926504153382
10,0.9987405541561712,0.9987419385343564,0.8588235294117647,0.8581852602078449
11,1.0,1.0,0.8588235294117647,0.8578709977152945
12,1.0,1.0,0.8571428571428571,0.8557018231021223
13,1.0,1.0,0.8571428571428571,0.8557018231021223
14,1.0,1.0,0.8588235294117647,0.8571701744826283
15,1.0,1.0,0.8621848739495799,0.8607489385873655
16,1.0,1.0,0.8621848739495799,0.8607489385873655
17,1.0,1.0,0.8605042016806723,0.8591112377154252
18,1.0,1.0,0.8605042016806723,0.8591112377154252
19,1.0,1.0,0.8621848739495799,0.8610361054860826
20,1.0,1.0,0.8605042016806723,0.8593456252186435
