epoch,train_accuracy,train_f1_score,val_accuracy,val_f1_score
1,0.7926112510495382,0.7999083872470718,0.880672268907563,0.8891308824993387
2,0.8803526448362721,0.8856546406657426,0.8605042016806723,0.8693369355200837
3,0.9282115869017632,0.9302049478633426,0.8504201680672269,0.8649942858187185
4,0.9584382871536524,0.9592651677542156,0.880672268907563,0.8845266835860239
5,0.9769101595298069,0.9770380686345503,0.880672268907563,0.8900478518334428
6,0.9874055415617129,0.9874686204138119,0.8739495798319328,0.8776802890210784
7,0.9861460957178841,0.9862263823009315,0.8957983193277311,0.8936230114918076
8,0.9878253568429891,0.9878693027900342,0.8705882352941177,0.8747919145876892
9,0.9869857262804366,0.9870720018914771,0.8605042016806723,0.8572761065030853
10,0.9916036943744753,0.9916277494145624,0.8890756302521008,0.8901248569366863
11,1.0,1.0,0.8941176470588236,0.894279332893567
12,1.0,1.0,0.8957983193277311,0.8963580515981351
13,1.0,1.0,0.8957983193277311,0.8963580515981351
14,1.0,1.0,0.8957983193277311,0.8963580515981351
15,1.0,1.0,0.8941176470588236,0.894687943670619
16,1.0,1.0,0.892436974789916,0.8928271884745698
17,1.0,1.0,0.892436974789916,0.8928271884745698
18,1.0,1.0,0.892436974789916,0.8928271884745698
19,1.0,1.0,0.892436974789916,0.8928271884745698
20,1.0,1.0,0.892436974789916,0.8928271884745698
