epoch,train_accuracy,train_f1_score,val_accuracy,val_f1_score
1,0.5451490970180597,0.5388212664656786,0.47651006711409394,0.3875423344794183
2,0.6707265854682907,0.6395927946268316,0.6812080536912751,0.629807399182497
3,0.8080638387232255,0.7844680371113582,0.802013422818792,0.812852268441877
4,0.8366232675346493,0.8427803828653904,0.7835570469798657,0.8179041594307809
5,0.8643427131457371,0.8740760534770533,0.8389261744966443,0.8532263380143049
6,0.8979420411591769,0.9053487878990019,0.8171140939597316,0.8392139597080649
7,0.9025619487610248,0.9087240544751785,0.8171140939597316,0.8370369314601619
8,0.9298614027719445,0.9338029433147315,0.8523489932885906,0.8607616002782918
9,0.9487610247795044,0.9509499998667991,0.802013422818792,0.8281752546724184
10,0.9538009239815204,0.9555118150098806,0.8439597315436241,0.8573499248585469
11,0.9659806803863923,0.966753214828531,0.8640939597315436,0.8716320746099986
12,0.9622007559848803,0.9632758415904091,0.8674496644295302,0.8756543888866201
13,0.9756404871902562,0.9759836346148402,0.8691275167785235,0.873972551437425
14,0.9823603527929441,0.9825153012355393,0.8573825503355704,0.8690972911067191
15,0.9613607727845443,0.9620797960427699,0.8557046979865772,0.8657387606090322
16,0.9760604787904242,0.9763740316994844,0.8640939597315436,0.8733687717596658
17,0.989920201595968,0.9899263879991558,0.8657718120805369,0.8748438457329717
18,0.9932801343973121,0.9932824990389204,0.87248322147651,0.8783485151176017
19,0.99370012599748,0.9936994615894291,0.8590604026845637,0.8699393333703455
20,0.9907601847963041,0.9907699074034576,0.8506711409395973,0.8650062977424442
