epoch,train_accuracy,train_f1_score,val_accuracy,val_f1_score
1,0.7548278757346767,0.7616727127111291,0.880672268907563,0.8832720742480169
2,0.8816120906801007,0.8878869770083287,0.8705882352941177,0.8757551193436983
3,0.9328295549958019,0.934433319803974,0.8705882352941177,0.8738612570031219
4,0.9638958858102435,0.9644658761161943,0.8991596638655462,0.8985450312495077
5,0.9752308984047019,0.9756284006928331,0.8957983193277311,0.8966564553362275
6,0.9819479429051218,0.9820452952902343,0.8840336134453781,0.8867066576559581
7,0.9945424013434089,0.9945465880338482,0.892436974789916,0.8906984005854504
8,0.9974811083123426,0.9974810144909336,0.8857142857142857,0.886516701833919
9,1.0,1.0,0.8890756302521008,0.8882806653842229
10,1.0,1.0,0.8907563025210085,0.8900215353060098
11,1.0,1.0,0.8890756302521008,0.8886416693570176
12,1.0,1.0,0.8890756302521008,0.8886416693570176
13,1.0,1.0,0.8890756302521008,0.8883583773285298
14,1.0,1.0,0.8890756302521008,0.8883583773285298
15,1.0,1.0,0.8907563025210085,0.8897854440858068
16,1.0,1.0,0.8907563025210085,0.8897854440858068
17,1.0,1.0,0.8907563025210085,0.88979596171345
18,1.0,1.0,0.8907563025210085,0.88979596171345
19,1.0,1.0,0.8907563025210085,0.88979596171345
20,1.0,1.0,0.8907563025210085,0.88979596171345
