epoch,train_accuracy,train_f1_score,val_accuracy,val_f1_score
1,0.3116018226428321,0.25835072167409334,0.41514726507713884,0.40705180353715786
2,0.45075359270942866,0.43356210150992663,0.47545582047685836,0.4211956524013676
3,0.5022783035401331,0.4603337661982834,0.5231416549789621,0.501351653123522
4,0.544689800210305,0.530935300566073,0.5343618513323983,0.5201357309903074
5,0.5853487556957588,0.5728263628574508,0.5399719495091164,0.5347450168251183
6,0.61689449702068,0.6129714657722116,0.5582047685834503,0.5520398298122121
7,0.6403785488958991,0.6368971633730671,0.5469845722300141,0.5459929612665941
8,0.6722747984577637,0.6697561810517718,0.5469845722300141,0.5472507399214155
9,0.6936558009113214,0.6927350508790664,0.5427769985974754,0.5414855166830647
10,0.7174903610234841,0.7158100085655534,0.5553997194950911,0.5598285979979428
11,0.7434279705573081,0.7426738462614544,0.5539971949509116,0.5584219247432715
12,0.773571678934455,0.7736063846220549,0.5553997194950911,0.5552455886060439
13,0.7868909919383106,0.7866993168630888,0.5315568022440392,0.5338692510643942
14,0.812478093235191,0.812667335309044,0.5455820476858345,0.5487620856550871
15,0.8352611286365229,0.8356522207394085,0.5483870967741935,0.5528289516518062
16,0.8629512793550649,0.8631883469586754,0.5189340813464236,0.5241379145292206
17,0.8734665264633719,0.8738252063981323,0.544179523141655,0.5432331043749307
18,0.892043463021381,0.89219820946323,0.5161290322580645,0.5218372631105223
19,0.9158780231335436,0.9159751294702786,0.5217391304347826,0.5263396042162402
20,0.9221871713985279,0.9223006411259753,0.5217391304347826,0.5243814749425321
21,0.9260427620049071,0.926143964824391,0.5189340813464236,0.5211773279563255
22,0.9305993690851735,0.9306694832659473,0.5091164095371669,0.5155419706225525
23,0.9414651244304241,0.9414715481536381,0.5133239831697055,0.5217087197253556
24,0.9579390115667719,0.9579682425419436,0.5161290322580645,0.5226733920381341
25,0.9652996845425867,0.9653015516206308,0.5091164095371669,0.5133633280487715
26,0.9695057833859095,0.9695378745356675,0.5133239831697055,0.517336185766407
27,0.9740623904661759,0.9740854371225905,0.5021037868162693,0.5046593538081903
28,0.9751139151770066,0.9751643427267855,0.4992987377279102,0.5011316091940372
29,0.9716088328075709,0.9716428331301327,0.5035063113604488,0.510282678650443
