accuracy,f1_score
0.722860791826309,0.6945010293204269
0.722860791826309,0.6834263411886745
0.7292464878671775,0.6960932688577629
0.7378516624040921,0.7104719489789074
0.7289002557544757,0.6964768568741775
