accuracy,f1_score
0.7317554240631163,0.7037698990194087
0.7830374753451677,0.760400463965192
0.7727272727272727,0.7460930739776552
0.7351778656126482,0.709924642371642
0.8003952569169961,0.7837877089579053
