accuracy,f1_score
0.708,0.6434061916753074
0.709,0.6489065751099585
0.717,0.6581140143638053
0.712,0.658953936078025
0.72,0.6641154264804651
