accuracy,f1_score
0.685,0.6422406900352541
0.702,0.6661825469304921
0.693,0.6574976781852799
0.671,0.6228620069989595
0.701,0.6640227233386313
