accuracy,f1_score
0.8257425742574257,0.7982617979384589
0.8178217821782178,0.7861452229947
0.8138613861386138,0.7804750478104046
0.8297029702970297,0.8003733730114584
0.8415841584158416,0.8164577088382513
