accuracy,f1_score
0.785,0.7648222760290557
0.781,0.7540798776030327
0.747,0.7152280762024983
0.761,0.7363007656921909
0.7747747747747747,0.7486552025887405
