accuracy,f1_score
0.8478543563068921,0.8345217057808658
0.823146944083225,0.8062453000776028
0.8229166666666666,0.8044545366367365
0.83203125,0.8136919381978899
0.8268229166666666,0.8078846564364458
