accuracy,f1_score
0.607103218645949,0.5896811919016932
0.5937846836847946,0.5688790783043347
0.6215316315205327,0.6025627363949817
0.611542730299667,0.5936556555498471
0.6259711431742508,0.6044746134194618
