accuracy,f1_score
0.7909270216962525,0.7920062445599662
0.8241106719367589,0.8250810834837066
0.7845849802371542,0.786059842892844
0.7193675889328063,0.7263833992094861
0.7905138339920948,0.7941570716617976
