accuracy,f1_score
0.7254150702426565,0.7223790489221226
0.7394636015325671,0.7404582748543934
0.7442455242966752,0.7436432176126521
0.7250639386189258,0.727932495918124
0.710997442455243,0.7117536719585165
