accuracy,f1_score
0.8950495049504951,0.8875987825649891
0.8851485148514852,0.8752500890765194
0.8772277227722772,0.8674987385102146
0.897029702970297,0.8902756098394649
0.9087301587301587,0.9009584129218189
