accuracy,f1_score
0.696,0.6933261987535847
0.676,0.6709401001540832
0.682,0.6759899610265816
0.676,0.675494541803505
0.7027027027027027,0.6977856711836151
