epoch,train_accuracy,train_f1_score,val_accuracy,val_f1_score
1,0.7979197622585439,0.8051384140225251,0.8950495049504951,0.8993049234202063
2,0.9400693412580485,0.9410436343406342,0.9465346534653465,0.9472218282251955
3,0.9653293709757306,0.9657121268356427,0.9504950495049505,0.9510225618832369
4,0.9727587914809311,0.9730241307801655,0.9504950495049505,0.9511313224307365
5,0.9851411589895989,0.985234115251604,0.9603960396039604,0.9602952007224475
6,0.9846458642892522,0.984746118962673,0.9504950495049505,0.9510225618832369
7,0.9905894006934126,0.9906352712271326,0.9485148514851485,0.9488879096495632
8,0.9965329370975731,0.9965400118859258,0.9584158415841584,0.9585695112641963
9,0.9975235264982665,0.9975271480408537,0.9524752475247524,0.9527078713233254
10,0.9955423476968797,0.9955436601011481,0.9267326732673268,0.928682922738735
11,0.9891035165923725,0.9891474746759924,0.9128712871287129,0.9158406434646429
12,0.9836552748885586,0.9837349447629143,0.9544554455445544,0.9545122920744723
13,0.9980188211986132,0.9980211428208995,0.9584158415841584,0.9583632491438585
14,1.0,1.0,0.9524752475247524,0.9525931039444313
