epoch,train_accuracy,train_f1_score,val_accuracy,val_f1_score
1,0.7588454376163873,0.7597412286455097,0.9182156133828996,0.9180142597258788
2,0.9199255121042831,0.919954586344589,0.8996282527881041,0.9012923325981936
3,0.931098696461825,0.9309932808213196,0.8996282527881041,0.8980819334071455
4,0.957169459962756,0.9571373624810939,0.9330855018587361,0.9325615766245793
5,0.9636871508379888,0.9636804531661362,0.9256505576208178,0.9254675088417079
6,0.9776536312849162,0.977661745026397,0.9033457249070632,0.901026119972409
7,0.9813780260707635,0.9813780260707635,0.9219330855018587,0.9214310090285531
8,0.9860335195530726,0.9860203685007909,0.8847583643122676,0.8869025496032145
9,0.9878957169459963,0.9878889489133655,0.9070631970260223,0.9080894711247355
10,0.9404096834264432,0.9403650260606525,0.9144981412639405,0.9131809062357166
11,0.9264432029795159,0.926429635900635,0.9144981412639405,0.9139482479836534
12,0.978584729981378,0.9785963315426576,0.9144981412639405,0.9141776900359887
13,0.9748603351955307,0.9748914365000148,0.9330855018587361,0.9325615766245793
14,0.9906890130353817,0.9906890130353817,0.9256505576208178,0.9243835540147307
15,0.9972067039106145,0.9972061887050873,0.929368029739777,0.9287135166004458
