epoch,train_accuracy,train_f1_score,val_accuracy,val_f1_score
1,0.8102678571428571,0.8100382739252022,0.9134328358208955,0.9123600724539427
2,0.9255952380952381,0.9257387932258613,0.9194029850746268,0.9195085697231403
3,0.9508928571428571,0.9509724318493278,0.9313432835820895,0.9312415317770261
4,0.9642857142857143,0.9642976508785333,0.9283582089552239,0.9282888038421622
5,0.9776785714285714,0.9776860317990833,0.9313432835820895,0.9310872265289146
6,0.9873511904761905,0.9873533122977165,0.9462686567164179,0.9461000313364902
7,0.9940476190476191,0.9940496084797555,0.9343283582089552,0.9342647368553154
8,0.9925595238095238,0.9925595238095238,0.9134328358208955,0.9125028106186106
9,0.9888392857142857,0.9888411579097498,0.9194029850746268,0.9196787898531623
10,0.9866071428571429,0.9866160272138823,0.9253731343283582,0.9247989169376603
11,0.9970238095238095,0.9970248042398777,0.9223880597014925,0.922144489708264
12,0.9985119047619048,0.9985119047619048,0.9343283582089552,0.9341222605223771
13,1.0,1.0,0.9283582089552239,0.9282138756765623
14,0.9977678571428571,0.9977682315819498,0.9343283582089552,0.9341960527035155
15,0.9970238095238095,0.9970238095238095,0.9313432835820895,0.9313106857309584
