epoch,train_accuracy,train_f1_score,val_accuracy,val_f1_score
1,0.7451162790697674,0.7468945375878853,0.8656716417910447,0.8659635460630764
2,0.9051162790697674,0.9052844880707746,0.9291044776119403,0.9291913703953921
3,0.935813953488372,0.9359139725264629,0.9216417910447762,0.9208482474505301
4,0.9562790697674418,0.9562277319494309,0.9216417910447762,0.9217905829177483
5,0.9702325581395349,0.970246113242611,0.9291044776119403,0.9292390988303437
6,0.9786046511627907,0.9786471274423846,0.9253731343283582,0.9255367621330016
7,0.9841860465116279,0.9841896631962452,0.9291044776119403,0.9283865095980988
8,0.987906976744186,0.9879041863557029,0.9291044776119403,0.9292390988303437
9,0.9944186046511628,0.9944236424165569,0.9253731343283582,0.9252207655009886
10,0.9944186046511628,0.9944211462329895,0.9365671641791045,0.9363208423410733
11,0.9925581395348837,0.9925581395348837,0.9067164179104478,0.9070388371312491
12,0.9841860465116279,0.9841896631962452,0.914179104477612,0.9142166480160058
13,0.9841860465116279,0.9841896631962452,0.9253731343283582,0.9254907892967593
14,0.9795348837209302,0.9795623423928271,0.9440298507462687,0.9439466078437962
15,0.9962790697674418,0.9962790697674418,0.9328358208955224,0.9326182387296256
