epoch,train_accuracy,train_f1_score,val_accuracy,val_f1_score
1,0.633147113594041,0.6341193245360783,0.7434944237918215,0.7030232079519118
2,0.8798882681564246,0.8800531740353533,0.9368029739776952,0.9362319923882292
3,0.9301675977653632,0.9302896348629354,0.895910780669145,0.8969264004629336
4,0.9581005586592178,0.9581257066308183,0.9368029739776952,0.9368560984252695
5,0.9655493482309124,0.9655834712086079,0.9405204460966543,0.940050723075494
6,0.9851024208566108,0.9851142841760985,0.9330855018587361,0.9332978185425811
7,0.9925512104283054,0.9925571420880492,0.929368029739777,0.9290369342957974
8,0.9897579143389199,0.9897599836402204,0.929368029739777,0.9297371245496988
9,0.9972067039106145,0.9972072682655146,0.9330855018587361,0.9329665687472379
10,0.9981378026070763,0.9981378026070763,0.9219330855018587,0.9223410323970354
11,0.984171322160149,0.9841808225049758,0.929368029739777,0.9295394442721528
12,0.9878957169459963,0.9879029819155697,0.929368029739777,0.9290369342957974
13,0.994413407821229,0.994413407821229,0.9442379182156134,0.9442847927281792
14,1.0,1.0,0.9219330855018587,0.9224359427687768
15,1.0,1.0,0.929368029739777,0.9296426446432294
