epoch,train_accuracy,train_f1_score,val_accuracy,val_f1_score
1,0.7253258845437617,0.7244442770997591,0.48698884758364314,0.4110076039807432
2,0.8091247672253259,0.810732780879761,0.9070631970260223,0.9075894697131413
3,0.9338919925512105,0.9339561750247484,0.9070631970260223,0.9071472941374601
4,0.9385474860335196,0.9386638129410149,0.9033457249070632,0.9029640749523704
5,0.9506517690875232,0.9506996799480516,0.9033457249070632,0.9027537889619675
6,0.9636871508379888,0.9636798858684154,0.9033457249070632,0.9040822496051201
7,0.978584729981378,0.9785804455121423,0.9144981412639405,0.9145755106064634
8,0.9916201117318436,0.9916217717685964,0.9070631970260223,0.9069760666460275
9,0.9869646182495344,0.9869697571944824,0.8847583643122676,0.8808347590920776
10,0.9888268156424581,0.9888312204524138,0.8996282527881041,0.8993360153651506
11,0.9916201117318436,0.9916217717685964,0.8996282527881041,0.9001966272901923
12,0.9953445065176909,0.995345428760331,0.8996282527881041,0.8993360153651506
13,0.9990689013035382,0.9990690857520661,0.8996282527881041,0.898899207026348
14,1.0,1.0,0.8884758364312267,0.8884758364312267
15,1.0,1.0,0.8996282527881041,0.8993360153651506
