epoch,train_accuracy,train_f1_score,val_accuracy,val_f1_score
1,0.24640729057132843,0.2495699583706856,0.3155680224403927,0.28513819946340646
2,0.3280757097791798,0.3300288372201905,0.33520336605890605,0.26450674044582845
3,0.36102348405187523,0.3628855547576854,0.3548387096774194,0.3063700510465724
4,0.3711882229232387,0.3681320107158531,0.3338008415147265,0.328175457890697
5,0.4055380301437084,0.40454374631577217,0.35624123422159887,0.3276941543314516
6,0.3953732912723449,0.39168892105512904,0.32959326788218796,0.29412627806432307
7,0.40168243953732913,0.39739650462586634,0.3267882187938289,0.28881882283831006
8,0.41359971959341046,0.41512099797761703,0.33660589060308554,0.28939935610225637
9,0.3820539782684893,0.38156123076830883,0.34782608695652173,0.3391967444052461
10,0.4013319313003856,0.40160878414748225,0.3492286115007013,0.3221509460699473
11,0.42446547493866105,0.4181490796460112,0.31837307152875177,0.30163181657790883
12,0.4020329477742727,0.39893429199025526,0.364656381486676,0.3555665325588247
13,0.42656852436032244,0.4256262628135747,0.3758765778401122,0.3882427016968567
14,0.4160532772520154,0.41855502750799406,0.36605890603085556,0.3250502910708762
15,0.4241149667017175,0.4213384876028621,0.40813464235624125,0.35603893234651485
16,0.39747634069400634,0.393157587745761,0.3520336605890603,0.3428705320692495
17,0.41359971959341046,0.4104081511399426,0.3155680224403927,0.3039187334042861
18,0.43357868909919384,0.43396205393716425,0.3632538569424965,0.350783250869933
19,0.4083420960392569,0.40876826123864335,0.40252454417952316,0.3693336671603357
20,0.4328776726253067,0.4311583591453678,0.3688639551192146,0.3680148605524646
21,0.43147563967753244,0.4282257979034799,0.3450210378681627,0.2988493208542616
22,0.43042411496670174,0.4285796469715365,0.40392706872370265,0.3853735336764964
