epoch,train_accuracy,train_f1_score,val_accuracy,val_f1_score
1,0.8108711839166046,0.8089622023125215,0.8839285714285714,0.8849842848669037
2,0.8942665673864483,0.9029930718582351,0.9107142857142857,0.9060061524609845
3,0.932241250930752,0.9361619013315684,0.8601190476190477,0.8694270367387172
4,0.9516008935219658,0.9540674622718908,0.8988095238095238,0.8969029572312659
5,0.9516008935219658,0.9533290880962579,0.8928571428571429,0.8864273897771834
6,0.9538346984363366,0.9559564834527352,0.8869047619047619,0.8879004527175259
7,0.9776619508562919,0.9777535180903799,0.875,0.875849407273458
8,0.9932985852568875,0.9933123502564025,0.8928571428571429,0.8833677157588973
9,0.9761727475800447,0.9762156695091099,0.8809523809523809,0.878159638834711
10,0.992553983618764,0.9926203190086557,0.9047619047619048,0.898540660072472
11,0.9940431868950111,0.9941107019100741,0.9107142857142857,0.9000351311802022
12,0.9880863737900223,0.9882926983842817,0.9017857142857143,0.8953837141598648
13,0.996276991809382,0.9962784831282502,0.8928571428571429,0.8885330649064513
14,0.9992553983618764,0.9992582422722761,0.9047619047619048,0.8977183760533501
15,0.9992553983618764,0.9992553136522638,0.8839285714285714,0.8800088359412316
16,1.0,1.0,0.8928571428571429,0.8875546796587488
17,1.0,1.0,0.8958333333333334,0.8904346818209649
18,1.0,1.0,0.8988095238095238,0.8925509504213208
19,1.0,1.0,0.9017857142857143,0.895541075463537
20,1.0,1.0,0.9017857142857143,0.895541075463537
