epoch,train_accuracy,train_f1_score,val_accuracy,val_f1_score
1,0.8041697691734921,0.8034990007794164,0.9077380952380952,0.9069567438668236
2,0.8652271034996277,0.8798050291037609,0.8898809523809523,0.8903329427612648
3,0.8897989575577067,0.9008977727817125,0.9136904761904762,0.916650975503716
4,0.9262844378257632,0.9334597618042686,0.9226190476190477,0.9235713961643396
5,0.9493670886075949,0.9527136978436583,0.9017857142857143,0.9023016746599575
6,0.9746835443037974,0.9752059560034687,0.9255952380952381,0.9193783601506115
7,0.9880863737900223,0.9880890832476489,0.9285714285714286,0.9242466850734568
8,0.9977661950856291,0.9977653192318345,0.9285714285714286,0.9238823655127086
9,0.9992553983618764,0.9992553020173539,0.9255952380952381,0.9212704945972663
10,1.0,1.0,0.9285714285714286,0.9240379340172596
11,1.0,1.0,0.9285714285714286,0.9243207320384101
12,1.0,1.0,0.9255952380952381,0.9214400435664803
13,1.0,1.0,0.9255952380952381,0.9214400435664803
14,1.0,1.0,0.9255952380952381,0.9214400435664803
15,1.0,1.0,0.9285714285714286,0.9243207320384101
16,1.0,1.0,0.9285714285714286,0.9243207320384101
17,1.0,1.0,0.9226190476190477,0.9185616414821469
18,1.0,1.0,0.9226190476190477,0.9185616414821469
19,1.0,1.0,0.9226190476190477,0.9185616414821469
20,1.0,1.0,0.9226190476190477,0.9185616414821469
