epoch,train_accuracy,train_f1_score,val_accuracy,val_f1_score
1,0.4892032762472077,0.5365901226487904,0.5982142857142857,0.5778269183638458
2,0.6500372300819062,0.693075359822653,0.6517857142857143,0.6350934144906477
3,0.7736411020104245,0.7920365051413535,0.7916666666666666,0.8026361944388627
4,0.8317200297840656,0.8469480754903254,0.8244047619047619,0.8307529326684798
5,0.877885331347729,0.8852529797931091,0.7023809523809523,0.7641575484771428
6,0.8763961280714817,0.8907615840128524,0.8869047619047619,0.8843248919584797
7,0.9419210722263589,0.943979895451046,0.8690476190476191,0.876816712789313
8,0.9233060312732688,0.9251945436512501,0.8392857142857143,0.829972947571632
9,0.9583023082650782,0.958448969071724,0.9047619047619048,0.8952279202279202
10,0.9798957557706627,0.9799873915241839,0.8958333333333334,0.8736022972397374
11,0.9873417721518988,0.9873582744778253,0.8988095238095238,0.8753075434234044
12,0.9940431868950111,0.9940400571691667,0.8928571428571429,0.875277164595071
13,0.9985107967237528,0.9985107967237528,0.9107142857142857,0.8936355569895943
14,0.9985107967237528,0.9985107967237528,0.9047619047619048,0.8852789246877917
15,1.0,1.0,0.9047619047619048,0.8851467110942911
16,1.0,1.0,0.9047619047619048,0.8851467110942911
17,1.0,1.0,0.9047619047619048,0.8851467110942911
18,1.0,1.0,0.9047619047619048,0.8851467110942911
19,1.0,1.0,0.9077380952380952,0.8911324371947293
20,1.0,1.0,0.9077380952380952,0.8911324371947293
21,1.0,1.0,0.9077380952380952,0.8911324371947293
22,1.0,1.0,0.9077380952380952,0.8911324371947293
23,1.0,1.0,0.9077380952380952,0.8911324371947293
24,1.0,1.0,0.9077380952380952,0.8911324371947293
25,1.0,1.0,0.9077380952380952,0.8911324371947293
26,1.0,1.0,0.9077380952380952,0.8911324371947293
27,1.0,1.0,0.9077380952380952,0.8911324371947293
28,1.0,1.0,0.9077380952380952,0.8911324371947293
29,1.0,1.0,0.9077380952380952,0.8911324371947293
30,1.0,1.0,0.9077380952380952,0.8911324371947293
