epoch,train_accuracy,train_f1_score,val_accuracy,val_f1_score
1,0.6113179448994788,0.6154106293085643,0.6309523809523809,0.6937779601834532
2,0.7408786299329858,0.7652048749612661,0.7113095238095238,0.7568009089876807
3,0.810126582278481,0.8267923890712657,0.8482142857142857,0.8516226924390191
4,0.8525688756515264,0.867042174191013,0.7857142857142857,0.8142630250298317
5,0.8555472822040209,0.8690987231271197,0.8392857142857143,0.8442366195411308
6,0.8875651526433358,0.8955506831424785,0.8452380952380952,0.8486696342901006
7,0.9307520476545048,0.9323662838254628,0.8660714285714286,0.8693848238875668
8,0.9508562918838421,0.9521208665479023,0.8482142857142857,0.8553047610964458
9,0.9262844378257632,0.9326869786120773,0.8482142857142857,0.8544811048350459
10,0.9650037230081906,0.9656318999037558,0.8244047619047619,0.837686347494973
11,0.9426656738644825,0.9476917349218168,0.8065476190476191,0.8316631026581758
12,0.9754281459419211,0.9759275333004366,0.8571428571428571,0.8644330958228255
13,0.9888309754281459,0.9888280128832627,0.8720238095238095,0.8745264641282342
14,0.9970215934475056,0.9970215934475056,0.8601190476190477,0.8628394303065356
15,0.9992553983618764,0.9992553136522638,0.8601190476190477,0.8632036546676086
16,0.9992553983618764,0.9992553136522638,0.8660714285714286,0.8685254705428757
17,0.9992553983618764,0.9992553136522638,0.8630952380952381,0.8653103764618618
18,0.9992553983618764,0.9992553136522638,0.8660714285714286,0.8685254705428757
19,0.9992553983618764,0.9992553136522638,0.8660714285714286,0.8685254705428757
20,0.9992553983618764,0.9992553136522638,0.8660714285714286,0.8685254705428757
21,0.9992553983618764,0.9992553136522638,0.8660714285714286,0.8685254705428757
22,0.9992553983618764,0.9992553136522638,0.8660714285714286,0.8685254705428757
23,0.9992553983618764,0.9992553136522638,0.8660714285714286,0.8683744210462455
24,0.9992553983618764,0.9992553136522638,0.8630952380952381,0.8656218442180593
25,1.0,1.0,0.8660714285714286,0.8685254705428757
26,1.0,1.0,0.8630952380952381,0.8654710992577102
27,1.0,1.0,0.8660714285714286,0.8683744210462455
28,1.0,1.0,0.8601190476190477,0.8625699501490641
29,1.0,1.0,0.8660714285714286,0.8683744210462455
30,1.0,1.0,0.8660714285714286,0.8683744210462455
