epoch,train_accuracy,train_f1_score,val_accuracy,val_f1_score
1,0.6614583333333334,0.6597866294450596,0.6328358208955224,0.6957867161570291
2,0.6867559523809523,0.7220847339528834,0.6776119402985075,0.7233221756455561
3,0.7909226190476191,0.8112232071724186,0.7373134328358208,0.7808491219229737
4,0.8102678571428571,0.8328134805914045,0.7223880597014926,0.7656869288134439
5,0.8816964285714286,0.8909599528736368,0.8626865671641791,0.8674148421654794
6,0.9025297619047619,0.9080493395129954,0.8835820895522388,0.8835509981817481
7,0.9375,0.9395601334227789,0.8716417910447761,0.8721252534444639
8,0.9516369047619048,0.9521950329663325,0.8746268656716418,0.8761074856732224
9,0.9650297619047619,0.9652459238148006,0.8805970149253731,0.875224931463783
10,0.96875,0.9694893159032109,0.8597014925373134,0.8559301813661593
11,0.9799107142857143,0.9800569328793381,0.8776119402985074,0.8781153725944711
12,0.9880952380952381,0.9882668925073593,0.8865671641791045,0.886132430825002
13,0.9918154761904762,0.991871614751309,0.8746268656716418,0.8686149020446723
14,0.9977678571428571,0.99776977343644,0.8865671641791045,0.8840310722601825
15,0.9985119047619048,0.9985231152059546,0.8895522388059701,0.8871455447485256
16,0.9985119047619048,0.9985231152059546,0.8805970149253731,0.8748002970600103
17,0.9985119047619048,0.9985231152059546,0.8865671641791045,0.8840310722601825
18,0.9992559523809523,0.9992585752724642,0.8865671641791045,0.8834165635359665
19,1.0,1.0,0.8805970149253731,0.876369553851134
20,1.0,1.0,0.8805970149253731,0.876369553851134
21,1.0,1.0,0.8805970149253731,0.876369553851134
22,1.0,1.0,0.8805970149253731,0.876369553851134
23,1.0,1.0,0.8805970149253731,0.876369553851134
24,1.0,1.0,0.8805970149253731,0.876369553851134
25,1.0,1.0,0.8805970149253731,0.876369553851134
26,1.0,1.0,0.8805970149253731,0.876369553851134
27,1.0,1.0,0.8805970149253731,0.876369553851134
28,1.0,1.0,0.8805970149253731,0.876369553851134
29,1.0,1.0,0.8805970149253731,0.876369553851134
30,1.0,1.0,0.8805970149253731,0.876369553851134
