epoch,train_accuracy,train_f1_score,val_accuracy,val_f1_score
1,0.6150409530900968,0.6208752251335417,0.5714285714285714,0.6134810119557683
2,0.7580044676098288,0.7823171559431199,0.8095238095238095,0.8446593557673423
3,0.8726731198808637,0.8867513991534929,0.8422619047619048,0.8753345677893798
4,0.909903201787044,0.9178350374639682,0.9047619047619048,0.9131056382561963
5,0.9255398361876396,0.9304967245903089,0.9017857142857143,0.9041534843925332
6,0.9233060312732688,0.9295903822999243,0.8928571428571429,0.9058975848609163
7,0.9352196574832464,0.9366723530908191,0.9166666666666666,0.9195426408786963
8,0.9709605361131795,0.9715142056522024,0.9077380952380952,0.9185303272741697
9,0.9731943410275503,0.9736564329439751,0.9255952380952381,0.9226223745466358
10,0.9843633655994043,0.9844856965466536,0.8869047619047619,0.8836363204499678
11,0.9888309754281459,0.9888604670086938,0.8571428571428571,0.877345844987689
12,0.9947877885331348,0.9947934269783754,0.9047619047619048,0.9093238559433198
13,0.9992553983618764,0.9992552958336776,0.9166666666666666,0.9182426795026073
14,0.9992553983618764,0.9992552958336776,0.9136904761904762,0.916160622437357
15,1.0,1.0,0.9107142857142857,0.9132265506738888
16,1.0,1.0,0.9136904761904762,0.916160622437357
17,1.0,1.0,0.9107142857142857,0.9132265506738888
18,1.0,1.0,0.9107142857142857,0.9132265506738888
19,1.0,1.0,0.9136904761904762,0.916160622437357
20,1.0,1.0,0.9107142857142857,0.9132265506738888
21,1.0,1.0,0.9077380952380952,0.9094694060419868
22,1.0,1.0,0.9077380952380952,0.9094694060419868
23,1.0,1.0,0.9077380952380952,0.9094694060419868
24,1.0,1.0,0.9077380952380952,0.9094694060419868
25,1.0,1.0,0.9077380952380952,0.9094694060419868
26,1.0,1.0,0.9077380952380952,0.9094694060419868
27,1.0,1.0,0.9077380952380952,0.9094694060419868
28,1.0,1.0,0.9077380952380952,0.9094694060419868
29,1.0,1.0,0.9077380952380952,0.9094694060419868
30,1.0,1.0,0.9107142857142857,0.9123926687340161
