epoch,train_accuracy,train_f1_score,val_accuracy,val_f1_score
1,0.4432732316227462,0.4600162716725321,0.5316315205327414,0.5514419408382709
2,0.6349514563106796,0.647265461684838,0.681465038845727,0.6960023204756184
3,0.7128987517337032,0.7258743269298861,0.6736958934517203,0.6912701088542794
4,0.748127600554785,0.7584040311423849,0.7358490566037735,0.7388469104155031
5,0.750624133148405,0.7614769939360029,0.7280799112097669,0.7283357582787027
6,0.7558945908460472,0.7651579144645918,0.7280799112097669,0.7324798503539606
7,0.7950069348127601,0.8024653944521457,0.7347391786903441,0.7341843932755255
8,0.8094313453536754,0.815805933688508,0.7291897891231964,0.7322982172140049
9,0.8280166435506241,0.8331819083084823,0.7214206437291898,0.7330196028632249
10,0.8441054091539528,0.8485198450110135,0.7358490566037735,0.7340854503894108
11,0.8540915395284328,0.8576357298088931,0.7425083240843507,0.7368592882495363
12,0.8804438280166436,0.8826807649346542,0.7258601553829079,0.730894844270232
13,0.8957004160887656,0.8972475432512147,0.7291897891231964,0.7248253327516693
14,0.9248266296809986,0.925630347854813,0.7169811320754716,0.7206208524250828
15,0.9395284327323162,0.9399540367586815,0.7247502774694784,0.7263663367845352
16,0.9503467406380027,0.9506735493828924,0.7036625971143174,0.7144468723804044
17,0.9642163661581137,0.9643588699607979,0.7114317425083241,0.7170822169778678
18,0.9675450762829404,0.9677146857616721,0.7192008879023307,0.7132955318693764
19,0.9775312066574202,0.9775840516596156,0.7158712541620422,0.7045169063586899
20,0.9816920943134535,0.9817510687613299,0.7280799112097669,0.7318903974271269
21,0.9866851595006935,0.9866994083154803,0.7158712541620422,0.7168778032619236
22,0.9850208044382802,0.9850503290984707,0.7136514983351832,0.7204629097447479
23,0.9880721220527046,0.9880995112779347,0.7169811320754716,0.7136858406413762
