epoch,train_accuracy,train_f1_score,val_accuracy,val_f1_score
1,0.5350901525658808,0.5500158409233864,0.7147613762486127,0.7216534249293549
2,0.7045769764216366,0.7161903290096897,0.7058823529411765,0.710193586786727
3,0.7475728155339806,0.7573441606242611,0.730299667036626,0.7531151027280668
4,0.7908460471567268,0.7977366373884864,0.6792452830188679,0.7120546074520313
5,0.842995839112344,0.8473654888708791,0.7003329633740288,0.7302992088509538
6,0.8646324549237171,0.8680217213506812,0.7391786903440621,0.7435307548350533
7,0.9048543689320389,0.9065589868468311,0.7658157602663707,0.76767567017135
8,0.9289875173370319,0.9298672593189412,0.7458379578246392,0.7540721575049829
9,0.9489597780859916,0.9495283383716324,0.7314095449500555,0.7353874286839137
10,0.9703190013869626,0.9704806531554642,0.7613762486126526,0.7623978952304322
11,0.9675450762829404,0.9676576699095166,0.7336293007769146,0.7443240644973841
12,0.9728155339805825,0.9729559569262726,0.7103218645948945,0.7186767218342373
13,0.9761442441054091,0.976252756471919,0.7236403995560489,0.7348544743210553
14,0.9883495145631068,0.9883644171545163,0.7247502774694784,0.7358614361608238
15,0.9933425797503468,0.9933537227510802,0.7469478357380688,0.7404620234767646
16,0.9825242718446602,0.9825907462456619,0.7169811320754716,0.733292740056767
17,0.986130374479889,0.9861612022568943,0.7314095449500555,0.7375572179547136
18,0.9880721220527046,0.9880929374846057,0.7413984461709212,0.7437255227604258
19,0.9922330097087378,0.9922422450663114,0.753607103218646,0.7529901245793202
20,0.9819694868238558,0.9820067805170009,0.7314095449500555,0.7370717828957077
21,0.9869625520110957,0.98700453751788,0.7480577136514983,0.7529788297059682
22,0.9869625520110957,0.9869848999966994,0.7569367369589345,0.7559432899870765
23,0.982246879334258,0.9823390816794709,0.7491675915649278,0.753684663762545
24,0.9880721220527046,0.9881043634281922,0.7602663706992231,0.752057064002093
25,0.9914008321775312,0.991405997332883,0.753607103218646,0.7543867688079027
26,0.9980582524271845,0.9980582524271845,0.758046614872364,0.7595673459980103
