epoch,train_accuracy,train_f1_score,val_accuracy,val_f1_score
1,0.3934517203107658,0.41089087913493594,0.5898004434589801,0.5189076905277478
2,0.6514983351831298,0.6676106688644333,0.7283813747228381,0.726893449856482
3,0.7275249722530521,0.7391104335033568,0.7217294900221729,0.7331859044303676
4,0.7555493895671476,0.7654566444441596,0.7328159645232816,0.7421259765101863
5,0.7935627081021087,0.8013514910860229,0.7317073170731707,0.7361642460444326
6,0.8146503884572697,0.8205948418576814,0.7017738359201774,0.7150110480015383
7,0.8337957824639289,0.8393368998509584,0.720620842572062,0.7175528156734107
8,0.867369589345172,0.8704299159884468,0.7283813747228381,0.732010855363567
9,0.9056603773584906,0.9071887508187085,0.7283813747228381,0.7260723640206276
10,0.9250832408435072,0.9262004969346164,0.7084257206208425,0.7087565344592308
11,0.9522752497225305,0.9527663691729547,0.7161862527716186,0.7192769574333597
12,0.9633740288568258,0.9635413803337632,0.7062084257206208,0.7156849925045523
13,0.9736403995560489,0.9737479091119338,0.7084257206208425,0.7112854903312624
14,0.9611542730299667,0.9613302582112087,0.6962305986696231,0.6925920053368771
15,0.9836293007769146,0.9836549187729402,0.720620842572062,0.7245508672243987
16,0.9833518312985572,0.9833985951046759,0.7195121951219512,0.718456211810603
17,0.9805771365149833,0.9806030526357141,0.7150776053215078,0.7151083869369192
18,0.982519422863485,0.9825679816340523,0.7139689578713969,0.715870256547009
19,0.9908435072142064,0.9908634862547427,0.7095343680709535,0.7155093251845831
20,0.9922308546059934,0.9922436584952407,0.7073170731707317,0.7065896292810847
21,0.9930632630410655,0.9930797140950701,0.7228381374722838,0.7188954487196021
22,0.9830743618201998,0.9831120434831311,0.7106430155210643,0.7092913851034166
23,0.9886237513873474,0.988637286955165,0.7139689578713969,0.7109374023227856
