epoch,train_accuracy,train_f1_score,val_accuracy,val_f1_score
1,0.49042995839112347,0.5055147036933989,0.7158712541620422,0.7242581950726693
2,0.7128987517337032,0.7245621829515202,0.7547169811320755,0.7600884004452109
3,0.7800277392510402,0.7875995665471816,0.7369589345172031,0.7440842185036306
4,0.8171983356449376,0.8232866639872596,0.7436182019977803,0.7422672543288893
5,0.8629680998613037,0.8662353509889535,0.7380688124306326,0.7445353864237462
6,0.9142857142857143,0.9158255720376383,0.7214206437291898,0.7295469683887791
7,0.9142857142857143,0.9158926720238781,0.7458379578246392,0.7469143171086606
8,0.9486823855755895,0.9492122983535107,0.7458379578246392,0.7457989261368937
9,0.9625520110957004,0.9627081889600926,0.7380688124306326,0.7407535610781958
10,0.9750346740638003,0.9750958976149139,0.7291897891231964,0.7238231825286033
11,0.9778085991678225,0.9778695481425259,0.7336293007769146,0.7398913374634762
12,0.9816920943134535,0.9817226077436169,0.7480577136514983,0.7505373113857888
13,0.9897364771151179,0.9897639868930721,0.7447280799112098,0.7479577680709835
14,0.9864077669902913,0.9864364764777867,0.7413984461709212,0.7389078986521233
15,0.991123439667129,0.9911542147753679,0.7413984461709212,0.7482305704460936
16,0.9930651872399445,0.9930804176938051,0.7413984461709212,0.7447266900937997
17,0.9902912621359223,0.9903037879815179,0.7480577136514983,0.7532936875072731
18,0.9883495145631068,0.988367812658326,0.7491675915649278,0.7460231349520647
19,0.9869625520110957,0.9869908027634513,0.7258601553829079,0.7281884794820543
20,0.9828016643550624,0.9828486384108601,0.7469478357380688,0.7403798733594322
21,0.9836338418862691,0.9836889862478121,0.7258601553829079,0.7333194269878084
