epoch,train_accuracy,train_f1_score,val_accuracy,val_f1_score
1,0.49042995839112347,0.5074430769010154,0.6514983351831298,0.6752006330801095
2,0.6882108183079056,0.6995530804971192,0.6914539400665927,0.7062171772206787
3,0.7373092926490985,0.7473843634466494,0.7158712541620422,0.7327266854100015
4,0.7597780859916782,0.7683172307819666,0.6958934517203108,0.7091845729316548
5,0.7897364771151179,0.7974488452206848,0.7402885682574917,0.743164706704268
6,0.826629680998613,0.8318657917034931,0.7425083240843507,0.7429139826463512
7,0.8449375866851595,0.8495289778650545,0.7147613762486127,0.7177201004442004
8,0.7237170596393897,0.7323018329387062,0.6781354051054383,0.6993964276358794
9,0.8019417475728156,0.808814070394722,0.7247502774694784,0.732580408943974
10,0.8366158113730929,0.8418779602161838,0.7336293007769146,0.7334007629285356
11,0.8626907073509015,0.8656118997957675,0.7169811320754716,0.7240696469524184
12,0.8857142857142857,0.8882760504090774,0.7203107658157603,0.7254910674553551
13,0.9167822468793343,0.9178050459955663,0.7203107658157603,0.7207865929955141
14,0.9228848821081831,0.9240160456946198,0.704772475027747,0.7115760698053258
15,0.9350901525658807,0.9358076004366194,0.7380688124306326,0.733122079790309
16,0.9334257975034674,0.9340153612679277,0.7003329633740288,0.7129888579526025
17,0.9497919556171983,0.9500484977475925,0.7203107658157603,0.7218018600070237
18,0.9531206657420249,0.9535034270075672,0.7192008879023307,0.7183521131760338
19,0.9653259361997226,0.9654209565920043,0.7125416204217536,0.713631037690308
20,0.9642163661581137,0.9644540079254782,0.730299667036626,0.7283110886481494
21,0.9642163661581137,0.9644346027625552,0.7314095449500555,0.732267269611104
22,0.9686546463245492,0.968800279485186,0.7192008879023307,0.7223853124600311
23,0.9750346740638003,0.9751105604065811,0.7269700332963374,0.7320920595539209
24,0.9750346740638003,0.975095551431988,0.7180910099889012,0.720001597271889
