epoch,train_accuracy,train_f1_score,val_accuracy,val_f1_score
1,0.3857036485480268,0.229275624017782,0.41369047619047616,0.24211779448621554
2,0.37676842889054357,0.22420643019528486,0.41369047619047616,0.24211779448621554
3,0.3708116157855547,0.2253884944705033,0.4107142857142857,0.24088306208559374
4,0.37751303052866714,0.23785724060650357,0.4107142857142857,0.24088306208559374
5,0.37379002233804914,0.23809937108668272,0.4107142857142857,0.24088306208559374
6,0.379746835443038,0.251171290106466,0.4107142857142857,0.24088306208559374
7,0.37006701414743115,0.2470639223978008,0.40773809523809523,0.23964310882915535
8,0.3827252419955324,0.2646598286245269,0.40476190476190477,0.23839790153349477
9,0.3857036485480268,0.2788901251069206,0.39880952380952384,0.23589159067882476
10,0.37751303052866714,0.28265687147672297,0.39285714285714285,0.2385108112550377
