epoch,train_accuracy,train_f1_score,val_accuracy,val_f1_score
1,0.41027550260610574,0.23871362400841,0.35119047619047616,0.1825571638346969
2,0.41027550260610574,0.23871362400841,0.35119047619047616,0.1825571638346969
3,0.41027550260610574,0.23871362400841,0.35119047619047616,0.1825571638346969
4,0.41027550260610574,0.23871362400841,0.35119047619047616,0.1825571638346969
5,0.41027550260610574,0.23871362400841,0.35119047619047616,0.1825571638346969
6,0.4095309009679821,0.23840626141929014,0.35119047619047616,0.1825571638346969
7,0.41027550260610574,0.23871362400841,0.35119047619047616,0.1825571638346969
8,0.4095309009679821,0.23853226895703825,0.35119047619047616,0.1825571638346969
9,0.4095309009679821,0.23840626141929014,0.35119047619047616,0.1825571638346969
10,0.4095309009679821,0.23840626141929014,0.35119047619047616,0.1825571638346969
