epoch,train_accuracy,train_f1_score,val_accuracy,val_f1_score
1,0.39314966492926284,0.22189526785959462,0.41964285714285715,0.24809074573225515
2,0.39314966492926284,0.22189526785959462,0.41964285714285715,0.24809074573225515
3,0.3924050632911392,0.2215934475055845,0.41964285714285715,0.24809074573225515
4,0.39314966492926284,0.22189526785959462,0.41964285714285715,0.24809074573225515
5,0.39314966492926284,0.22189526785959462,0.41964285714285715,0.24809074573225515
6,0.39314966492926284,0.22189526785959462,0.41964285714285715,0.24809074573225515
7,0.3924050632911392,0.2215934475055845,0.41964285714285715,0.24809074573225515
8,0.39314966492926284,0.22189526785959462,0.41964285714285715,0.24809074573225515
9,0.39314966492926284,0.22189526785959462,0.41964285714285715,0.24809074573225515
10,0.39166046165301566,0.2212913041763427,0.41964285714285715,0.24809074573225515
