epoch,train_accuracy,train_f1_score,val_accuracy,val_f1_score
1,0.5758426966292135,0.5292387976113665,0.34831460674157305,0.37482759645680996
2,0.7528089887640449,0.7567112985335284,0.7528089887640449,0.7455761466997421
3,0.8230337078651685,0.8405485739768558,0.8202247191011236,0.8010248273402091
4,0.8904494382022472,0.8954453109805907,0.7640449438202247,0.7482034931157058
5,0.9353932584269663,0.9361720087768318,0.8314606741573034,0.8312436930960566
6,0.8876404494382022,0.8992540031679859,0.8314606741573034,0.8261799447523175
7,0.9775280898876404,0.9778500889657544,0.8314606741573034,0.8178513839297803
8,0.9831460674157303,0.9833350468325367,0.8539325842696629,0.8552235988039548
9,0.9943820224719101,0.9944157769379384,0.8202247191011236,0.8167404527365392
10,0.9915730337078652,0.9916027444833692,0.8202247191011236,0.812927953904857
11,0.9943820224719101,0.9943813671231171,0.7752808988764045,0.7707305882145324
12,1.0,1.0,0.8426966292134831,0.830743365218564
13,1.0,1.0,0.8314606741573034,0.8202580769653172
14,1.0,1.0,0.8314606741573034,0.8202580769653172
15,1.0,1.0,0.8314606741573034,0.8202580769653172
16,1.0,1.0,0.8314606741573034,0.8202580769653172
17,1.0,1.0,0.8426966292134831,0.8337451379996513
18,1.0,1.0,0.8426966292134831,0.8337451379996513
19,1.0,1.0,0.8426966292134831,0.8337451379996513
20,1.0,1.0,0.8426966292134831,0.8337451379996513
