epoch,train_accuracy,train_f1_score,val_accuracy,val_f1_score
1,0.41853932584269665,0.3868759557561284,0.5842696629213483,0.5311493462942876
2,0.6348314606741573,0.6065648837847306,0.8202247191011236,0.786144382228485
3,0.7724719101123596,0.7708014164321552,0.7415730337078652,0.6940912095175149
4,0.8567415730337079,0.8554103135534046,0.7528089887640449,0.7649664459015675
5,0.9044943820224719,0.9066214210797896,0.7752808988764045,0.7914996364434567
6,0.9550561797752809,0.9561706297685795,0.8089887640449438,0.8232791717120516
7,0.9915730337078652,0.9916142452424453,0.8651685393258427,0.8713397973576087
8,1.0,1.0,0.8539325842696629,0.8525321432624804
9,1.0,1.0,0.8426966292134831,0.853776822662649
10,0.9971910112359551,0.9972322227705352,0.8426966292134831,0.85070566161396
11,1.0,1.0,0.8426966292134831,0.853776822662649
12,1.0,1.0,0.8539325842696629,0.8618147875246007
13,1.0,1.0,0.8539325842696629,0.8618147875246007
14,1.0,1.0,0.8426966292134831,0.8513499274232568
15,1.0,1.0,0.8426966292134831,0.8513499274232568
16,1.0,1.0,0.8426966292134831,0.8513499274232568
17,1.0,1.0,0.8539325842696629,0.8592594484167517
18,1.0,1.0,0.8651685393258427,0.8702593539969614
19,1.0,1.0,0.8651685393258427,0.8702593539969614
20,1.0,1.0,0.8539325842696629,0.8592594484167517
