epoch,train_accuracy,train_f1_score,val_accuracy,val_f1_score
1,0.27808988764044945,0.3093866978980814,0.550561797752809,0.4396067415730337
2,0.75,0.7099636551560887,0.8426966292134831,0.7947395301327886
3,0.8426966292134831,0.8400402830403227,0.8202247191011236,0.8165941984815546
4,0.9241573033707865,0.9238822169175376,0.8089887640449438,0.8245461235925459
5,0.9129213483146067,0.9169714459682271,0.797752808988764,0.8125337979931503
6,0.9803370786516854,0.9805339676605513,0.8314606741573034,0.81446029265171
7,0.9971910112359551,0.9972303764438597,0.8314606741573034,0.8411795382354337
8,0.9943820224719101,0.9943820224719101,0.8426966292134831,0.8306112449713436
9,1.0,1.0,0.8426966292134831,0.8379828010193815
10,1.0,1.0,0.8651685393258427,0.864124548147568
11,1.0,1.0,0.8651685393258427,0.864124548147568
12,1.0,1.0,0.8651685393258427,0.864124548147568
13,1.0,1.0,0.8651685393258427,0.864124548147568
14,1.0,1.0,0.8539325842696629,0.8506477366566465
15,1.0,1.0,0.8426966292134831,0.8368996119192095
16,1.0,1.0,0.8426966292134831,0.8368996119192095
17,1.0,1.0,0.8539325842696629,0.8465862550670749
18,1.0,1.0,0.8426966292134831,0.8368996119192095
19,1.0,1.0,0.8426966292134831,0.8368996119192095
20,1.0,1.0,0.8426966292134831,0.8368996119192095
