epoch,train_accuracy,train_f1_score,val_accuracy,val_f1_score
1,0.3904494382022472,0.42941436688113077,0.5955056179775281,0.5082835849481334
2,0.7415730337078652,0.7132666369609795,0.797752808988764,0.7595717012610681
3,0.8174157303370787,0.8104381460613971,0.7865168539325843,0.7638702209781838
4,0.8595505617977528,0.8711215264156726,0.6853932584269663,0.6865502475053037
5,0.8820224719101124,0.8828594500545002,0.7415730337078652,0.7421837655394025
6,0.9044943820224719,0.9076728502372817,0.7640449438202247,0.773649218935003
7,0.9466292134831461,0.9482806959213974,0.6629213483146067,0.6995168843532302
8,0.9634831460674157,0.9657126404375389,0.797752808988764,0.7907513574013741
9,0.9747191011235955,0.9767184255754576,0.8202247191011236,0.8037163364142281
10,1.0,1.0,0.8202247191011236,0.8130539465419778
11,1.0,1.0,0.8202247191011236,0.8106900183353528
12,1.0,1.0,0.8202247191011236,0.8091311561023334
13,1.0,1.0,0.8202247191011236,0.811309663375765
14,1.0,1.0,0.8202247191011236,0.811309663375765
15,1.0,1.0,0.8202247191011236,0.811309663375765
16,1.0,1.0,0.8202247191011236,0.811309663375765
17,1.0,1.0,0.8202247191011236,0.811309663375765
18,1.0,1.0,0.8202247191011236,0.811309663375765
19,1.0,1.0,0.8202247191011236,0.811309663375765
20,1.0,1.0,0.8202247191011236,0.811309663375765
