epoch,train_accuracy,train_f1_score,val_accuracy,val_f1_score
1,0.8056255247691015,0.804713689519062,0.8302521008403362,0.832052410135667
2,0.874895046179681,0.8753464249401649,0.838655462184874,0.8403975637358165
3,0.8971452560873215,0.8975480489778904,0.838655462184874,0.8406103032517355
4,0.9126784214945424,0.9128897381182216,0.8302521008403362,0.8323322181483771
5,0.9265323257766582,0.9267050004277623,0.8722689075630252,0.872757292042561
6,0.9492023509655751,0.9493001099514411,0.8436974789915966,0.8452259849847912
7,0.9622166246851386,0.9622866052585056,0.8369747899159664,0.8385690381024168
8,0.9735516372795969,0.9735909059861493,0.8554621848739495,0.8567065647554472
9,0.9832073887489504,0.9832208054880859,0.8453781512605042,0.8455045215165312
10,0.9865659109991604,0.9865724140225881,0.853781512605042,0.8524475717881125
11,0.9865659109991604,0.9865680997096405,0.8470588235294118,0.8482569568264046
12,0.9928631402183039,0.9928601843159749,0.8521008403361344,0.8525609616887507
13,0.9916036943744753,0.9916064171088207,0.8588235294117647,0.8601076129185079
14,0.9928631402183039,0.992862554644309,0.8521008403361344,0.8526663381545443
