epoch,train_accuracy,train_f1_score,val_accuracy,val_f1_score
1,0.631243063263041,0.6356946474957103,0.7547169811320755,0.7538335136742444
2,0.8016093229744728,0.8026474175758677,0.7613762486126526,0.7626561522592733
3,0.8282463928967814,0.8291780096587666,0.781354051054384,0.7796130679026575
4,0.8582130965593785,0.8588995252233997,0.7624861265260822,0.766086854739764
5,0.882630410654828,0.8831273307834977,0.7746947835738068,0.7769216603225955
6,0.9328523862375139,0.9330612924206673,0.781354051054384,0.7781826497710925
7,0.9644839067702553,0.9645784996205987,0.7924528301886793,0.7931242842854003
8,0.9794672586015538,0.9795028692440184,0.7846836847946725,0.7872450754698596
9,0.9816870144284129,0.9817099599193669,0.7569367369589345,0.7595262768823955
10,0.9913984461709212,0.9913989995698816,0.7835738068812431,0.7813410245465098
11,0.9944506104328524,0.9944506104328524,0.7891231964483907,0.7873630581267707
12,0.996392896781354,0.9963949622829158,0.7835738068812431,0.7806217019452668
13,0.9983351831298557,0.9983351831298557,0.7647058823529411,0.7654014005572801
14,0.9925083240843507,0.9925097660539774,0.7746947835738068,0.7747644246395872
15,0.9947280799112098,0.9947290946305769,0.7702552719200888,0.7698897278891265
16,0.9833518312985572,0.9833665569874188,0.781354051054384,0.7816853760115094
17,0.9991675915649278,0.9991676451196662,0.7802441731409545,0.7802441731409545
18,1.0,1.0,0.779134295227525,0.7799702351789928
19,1.0,1.0,0.779134295227525,0.7795982249169329
20,1.0,1.0,0.7802441731409545,0.7807690860426213
21,1.0,1.0,0.7802441731409545,0.7807690860426213
22,1.0,1.0,0.7802441731409545,0.7807690860426213
23,1.0,1.0,0.7780244173140954,0.7785546323662842
24,1.0,1.0,0.7780244173140954,0.7785546323662842
25,1.0,1.0,0.7780244173140954,0.7785546323662842
26,1.0,1.0,0.7780244173140954,0.7786805665634718
27,1.0,1.0,0.7769145394006659,0.7775110175325257
28,1.0,1.0,0.7769145394006659,0.7775110175325257
29,1.0,1.0,0.7758046614872364,0.7764673722291066
30,1.0,1.0,0.7758046614872364,0.7764673722291066
