epoch,train_accuracy,train_f1_score,val_accuracy,val_f1_score
1,0.7056048834628191,0.7083204338147457,0.8091009988901221,0.8106861319268376
2,0.7910654827968924,0.7926495027845281,0.8102108768035516,0.8044855241401696
3,0.8224195338512763,0.8233949211475725,0.8146503884572697,0.8162200223248064
4,0.8657047724750278,0.8664424091178518,0.802441731409545,0.8047203498464988
5,0.9078801331853497,0.9083674744464498,0.7780244173140954,0.7808787243007618
6,0.9506104328523862,0.9507756304852862,0.8146503884572697,0.8138326964240729
7,0.9711431742508324,0.9712091779224293,0.755826859045505,0.759154254167949
8,0.9891786903440621,0.9891893076686437,0.7924528301886793,0.7950179884525751
9,0.9947280799112098,0.9947318939114352,0.8124306326304107,0.8118360331092752
10,0.9894561598224195,0.9894617301827762,0.8135405105438401,0.8130059139242484
