epoch,train_accuracy,train_f1_score,val_accuracy,val_f1_score
1,0.7275249722530521,0.7275599841513805,0.7358490566037735,0.7402969041061449
2,0.8121531631520533,0.8127271828187854,0.7591564927857936,0.7616309901557106
3,0.8496115427302997,0.8498723666251071,0.7647058823529411,0.7655321127600727
4,0.888457269700333,0.8889352716813547,0.7724750277469479,0.7645614762972115
5,0.9322974472807991,0.9324067901567462,0.7480577136514983,0.74901127329463
6,0.9519977802441731,0.9520838825020876,0.7458379578246392,0.7484492937587914
7,0.9786348501664817,0.9786550695430153,0.7413984461709212,0.7446832191990644
8,0.9733629300776915,0.9733897814074555,0.7447280799112098,0.7457632735265431
9,0.9850166481687015,0.9850317520416937,0.7469478357380688,0.7467890987789932
10,0.9836293007769146,0.9836366122127009,0.7425083240843507,0.7403591025547938
11,0.9938956714761377,0.9938980115636254,0.758046614872364,0.7572581010150944
12,0.9983351831298557,0.9983353970518413,0.7436182019977803,0.7465358002255605
13,0.9975027746947835,0.9975035735638473,0.7491675915649278,0.745853326197502
14,0.9947280799112098,0.9947304344413783,0.7602663706992231,0.7616128792182902
15,0.9997225305216426,0.999722548373222,0.7547169811320755,0.754165349396032
16,1.0,1.0,0.758046614872364,0.757582431097362
17,1.0,1.0,0.758046614872364,0.7577401175010517
18,1.0,1.0,0.7613762486126526,0.7613017679448519
19,1.0,1.0,0.7624861265260822,0.7623371365732656
20,1.0,1.0,0.7624861265260822,0.7623371365732656
