epoch,train_accuracy,train_f1_score,val_accuracy,val_f1_score
1,0.7025527192008879,0.7043334025483019,0.7724750277469479,0.7755597548699635
2,0.7918978912319645,0.7933007805411791,0.8102108768035516,0.8009542516584641
3,0.8066037735849056,0.8080699912892645,0.8091009988901221,0.8109782161250398
4,0.8490566037735849,0.8499158131730586,0.7991120976692564,0.8014890335289087
5,0.8865149833518313,0.8871095627982779,0.7935627081021087,0.7956493384110498
6,0.939511653718091,0.9397000569956052,0.8035516093229744,0.8010192137054682
7,0.9655937846836848,0.9656724813690503,0.7624861265260822,0.765568705094233
8,0.962819089900111,0.962934897419317,0.806881243063263,0.8050464766891224
9,0.9875138734739178,0.9875324524080807,0.7869034406215316,0.7870181707679943
10,0.9852941176470589,0.9853066567717629,0.8079911209766926,0.8065073889101888
11,0.9911209766925638,0.9911245043919245,0.7824639289678136,0.785097699865198
12,0.9894561598224195,0.9894658284657548,0.8157602663706992,0.8131664425567035
13,0.983906770255272,0.9839194540949969,0.7913429522752498,0.7920791262329436
14,0.9977802441731409,0.9977808337204336,0.8057713651498335,0.8041345225667728
15,1.0,1.0,0.8013318534961155,0.8018919116157889
16,1.0,1.0,0.7991120976692564,0.7998672129170169
17,1.0,1.0,0.8013318534961155,0.8017951888166279
18,1.0,1.0,0.8002219755826859,0.8005377453204204
19,1.0,1.0,0.8013318534961155,0.80159496107343
20,1.0,1.0,0.8002219755826859,0.8005377453204204
21,1.0,1.0,0.7991120976692564,0.799480523867926
22,1.0,1.0,0.7991120976692564,0.7995806099207244
23,1.0,1.0,0.7991120976692564,0.799480523867926
24,1.0,1.0,0.7980022197558269,0.7984232885017857
25,1.0,1.0,0.7991120976692564,0.7995806099207244
26,1.0,1.0,0.7991120976692564,0.7995806099207244
27,1.0,1.0,0.7991120976692564,0.7995806099207244
28,1.0,1.0,0.7991120976692564,0.7995806099207244
29,1.0,1.0,0.7991120976692564,0.7995806099207244
30,1.0,1.0,0.7991120976692564,0.7995806099207244
