epoch,train_accuracy,train_f1_score,val_accuracy,val_f1_score
1,0.7300221975582686,0.7306233997436418,0.804661487236404,0.806736929179077
2,0.8152053274139844,0.8158862345154198,0.8301886792452831,0.8291079207810759
3,0.867369589345172,0.868044040501167,0.7946725860155383,0.7958027777629223
4,0.9211986681465039,0.9214164999566861,0.7968923418423973,0.7976558009050502
5,0.9716981132075472,0.971759422392421,0.804661487236404,0.8051648848541191
6,0.9833518312985572,0.983379718382493,0.8102108768035516,0.8074625630471732
7,0.978912319644839,0.9789502551436388,0.7946725860155383,0.7932271238431754
8,0.9855715871254163,0.9855885050661022,0.8268590455049944,0.8261497344950984
9,0.9938956714761377,0.9938988964216072,0.8113207547169812,0.8121574147351452
10,0.9930632630410655,0.9930682814624149,0.804661487236404,0.8051648848541191
11,0.9908435072142064,0.9908477457152116,0.804661487236404,0.8026627999116245
12,0.9947280799112098,0.9947291314658309,0.804661487236404,0.7990707915333197
13,0.9894561598224195,0.9894644699243084,0.8190899001109878,0.8158664861078779
14,0.9911209766925638,0.9911245043919245,0.802441731409545,0.8030459132729378
15,0.996392896781354,0.9963926556532151,0.804661487236404,0.8060067316879539
16,0.9930632630410655,0.9930682814624149,0.8157602663706992,0.8093111537591126
17,0.9983351831298557,0.9983351831298557,0.7846836847946725,0.7846836847946725
18,0.9927857935627081,0.9927905447277434,0.7857935627081021,0.7881953422193827
19,0.9986126526082131,0.9986129293331134,0.8168701442841287,0.8162896181244401
20,1.0,1.0,0.8190899001109878,0.8164701624367792
