epoch,train_accuracy,train_f1_score,val_accuracy,val_f1_score
1,0.7028301886792453,0.7043702781082298,0.7225305216426193,0.7237370296287721
2,0.7935627081021087,0.7949177520013749,0.7735849056603774,0.7761003152496119
3,0.8110432852386238,0.8124008496615155,0.7824639289678136,0.7845814011618237
4,0.844062153163152,0.8451309431266781,0.7835738068812431,0.7857936964087003
5,0.867369589345172,0.8682140734611867,0.7991120976692564,0.7999408971273337
6,0.9012208657047724,0.9018978927991057,0.7846836847946725,0.786420862062331
7,0.9414539400665927,0.9417510724985366,0.7891231964483907,0.7816842095953038
8,0.9689234184239733,0.9689689366600927,0.781354051054384,0.7832951631337215
9,0.9833518312985572,0.9833826148689496,0.7602663706992231,0.762769982769926
10,0.9800221975582686,0.9800488711188333,0.7824639289678136,0.7823567489916305
11,0.9933407325194229,0.9933443467464571,0.7658157602663707,0.7684089206393149
12,0.9900110987791343,0.9900151756428179,0.7857935627081021,0.7819722359303612
13,0.9925083240843507,0.992513892468609,0.7835738068812431,0.778599512140939
14,0.9983351831298557,0.9983354108301862,0.7846836847946725,0.7825414616164338
15,1.0,1.0,0.7758046614872364,0.7761209440084964
16,1.0,1.0,0.779134295227525,0.7788575587002611
17,1.0,1.0,0.7780244173140954,0.7781312858106618
18,1.0,1.0,0.7758046614872364,0.7758046614872363
19,1.0,1.0,0.7769145394006659,0.7768598969063107
20,1.0,1.0,0.7780244173140954,0.7779150499914597
21,1.0,1.0,0.7780244173140954,0.7779150499914597
22,1.0,1.0,0.7780244173140954,0.7776887756920465
23,1.0,1.0,0.7769145394006659,0.7766350216017711
24,1.0,1.0,0.7769145394006659,0.7765187814638785
25,1.0,1.0,0.7746947835738068,0.7744124845032814
26,1.0,1.0,0.7735849056603774,0.7733592365602651
27,1.0,1.0,0.7746947835738068,0.7746395973730402
28,1.0,1.0,0.7735849056603774,0.7733592365602651
29,1.0,1.0,0.7713651498335183,0.7710194389628079
30,1.0,1.0,0.7735849056603774,0.7734733509912889
