epoch,train_accuracy,train_f1_score,val_accuracy,val_f1_score
1,0.7480577136514983,0.7497124524708922,0.8057713651498335,0.8001209397693847
2,0.8246392896781354,0.8252974086852123,0.7735849056603774,0.7767140472763049
3,0.876803551609323,0.8773846006524201,0.7380688124306326,0.7418841243173975
4,0.9164816870144284,0.9167997200750644,0.7857935627081021,0.7840730564854709
5,0.9655937846836848,0.9656633460329749,0.7835738068812431,0.7793823674008129
6,0.9725305216426193,0.9725777104090707,0.7758046614872364,0.7742426496545389
7,0.9794672586015538,0.9794910698809144,0.7935627081021087,0.7942224269528768
8,0.9938956714761377,0.9938988613728992,0.7824639289678136,0.7824639289678136
9,0.9897336293007769,0.9897383299624292,0.7957824639289678,0.7940684247860671
10,0.994173140954495,0.9941765617719924,0.7924528301886793,0.7811580600588202
11,0.9950055493895672,0.9950075121968608,0.7502774694783574,0.7538540074046306
12,0.9869589345172031,0.9869682663112802,0.7824639289678136,0.7822118818266889
13,0.9927857935627081,0.9927895634406991,0.7957824639289678,0.7931325824055547
14,0.994173140954495,0.9941750518515835,0.7846836847946725,0.7849230400154292
15,0.9944506104328524,0.9944520683454645,0.7591564927857936,0.7624685744396287
16,0.9916759156492786,0.9916813380661652,0.7802441731409545,0.780488463520902
17,0.9891786903440621,0.9891850432908431,0.7857935627081021,0.784949609086348
18,0.9977802441731409,0.9977805365525277,0.7669256381798002,0.7700423206381516
19,0.9930632630410655,0.9930664391638035,0.7724750277469479,0.7709691557079934
20,0.9961154273029966,0.9961159389669236,0.7691453940066593,0.7709908972990287
