epoch,train_accuracy,train_f1_score,val_accuracy,val_f1_score
1,0.6884017758046614,0.6919671980889548,0.753607103218646,0.7564540799671701
2,0.8066037735849056,0.8078301666527167,0.7846836847946725,0.7841276252733972
3,0.8412874583795783,0.8421857378795315,0.7935627081021087,0.7911808422822766
4,0.8829078801331853,0.8835149161543437,0.779134295227525,0.7799702351789928
5,0.9345172031076582,0.9347353174063906,0.7658157602663707,0.7691210770932193
6,0.9669811320754716,0.9670364313893001,0.7658157602663707,0.7689962490805899
7,0.9880688124306326,0.9880859312806597,0.7769145394006659,0.776263311879146
8,0.9947280799112098,0.9947304344413783,0.7746947835738068,0.7744817577731743
9,0.9894561598224195,0.9894680833946158,0.7713651498335183,0.765546840439598
10,0.9891786903440621,0.9891848868487476,0.7003329633740288,0.7042690413944576
