epoch,train_accuracy,train_f1_score,val_accuracy,val_f1_score
1,0.7133858267716535,0.7149439204590867,0.8529411764705882,0.8536892411204726
2,0.8771653543307086,0.8775047220405124,0.8718487394957983,0.8717927785039026
3,0.9007874015748032,0.9010319961082135,0.865546218487395,0.8651737290660944
4,0.9385826771653544,0.9386443331845589,0.8508403361344538,0.8519398361281
5,0.9564304461942257,0.9564741850796443,0.8550420168067226,0.8561693189324059
6,0.9816272965879265,0.9816293919659845,0.8529411764705882,0.8532960014451054
7,0.9805774278215224,0.9805926779698709,0.8613445378151261,0.8616790870768136
8,0.989501312335958,0.9895060622499067,0.865546218487395,0.865659644139346
9,0.9837270341207349,0.9837362115883774,0.8466386554621849,0.8472760118262985
10,0.984251968503937,0.9842660605238489,0.8571428571428571,0.8568847593237837
11,0.9931758530183727,0.9931734924195365,0.8676470588235294,0.8681086477836891
12,0.9937007874015747,0.9936993386907315,0.8445378151260504,0.8457160052349852
13,0.9905511811023622,0.9905596363143093,0.8613445378151261,0.8603690359407611
14,0.9994750656167979,0.9994751254847424,0.8487394957983193,0.8498217238763686
15,0.9958005249343832,0.995801480184974,0.8613445378151261,0.8606761948383358
