epoch,train_accuracy,train_f1_score,val_accuracy,val_f1_score
1,0.7804366078925273,0.7815385422219847,0.8235294117647058,0.8252111597786116
2,0.8828715365239295,0.8829988650970069,0.8588235294117647,0.8597896301377694
3,0.9059613769941226,0.9060712093920841,0.853781512605042,0.853291161414573
4,0.927791771620487,0.9278525805088916,0.8521008403361344,0.8465279060934279
5,0.9550797649034425,0.9551285970085296,0.8487394957983193,0.849591009884001
6,0.9638958858102435,0.9639552738283733,0.8487394957983193,0.8495225504908666
7,0.9781696053736356,0.9781843815725301,0.8420168067226891,0.8431543090851207
8,0.9819479429051218,0.9819494952469284,0.8571428571428571,0.8580376050718385
9,0.9798488664987406,0.9798691350541495,0.8521008403361344,0.8511650814171822
10,0.9798488664987406,0.9798658364210862,0.8487394957983193,0.8497746037190387
11,0.9890848026868178,0.9890903696368499,0.8403361344537815,0.8402807381564037
