epoch,train_accuracy,train_f1_score,val_accuracy,val_f1_score
1,0.7396325459317585,0.7412400476157472,0.6491596638655462,0.6430652083449788
2,0.8645669291338582,0.8650137239065228,0.8361344537815126,0.8388226494786395
3,0.9086614173228347,0.9087166205630065,0.8298319327731093,0.8328102922584962
4,0.9338582677165355,0.9339738405999439,0.8529411764705882,0.8542218689277513
5,0.958005249343832,0.9580550884090737,0.8487394957983193,0.8504462155253194
6,0.9653543307086614,0.9653683749137411,0.8508403361344538,0.8524631275580873
7,0.9811023622047244,0.98111378356476,0.8571428571428571,0.85765543426673
8,0.9837270341207349,0.9837352548803945,0.8445378151260504,0.8469252199524797
9,0.9800524934383202,0.9800605794957904,0.8634453781512605,0.8641602900033395
10,0.9952755905511811,0.9952760736719284,0.8718487394957983,0.8712471078030982
11,0.9984251968503937,0.9984250348440258,0.8592436974789915,0.8610949722012016
12,1.0,1.0,0.8718487394957983,0.8714263109277263
13,0.9989501312335958,0.9989501312335958,0.8634453781512605,0.8640117907026001
14,0.9937007874015747,0.9937033408934074,0.8529411764705882,0.8548232890258362
15,0.9884514435695538,0.988456124971247,0.8466386554621849,0.8480439520324912
