epoch,train_accuracy,train_f1_score,val_accuracy,val_f1_score
1,0.7879042419151617,0.78839144423082,0.8674496644295302,0.8674860382286157
2,0.879042419151617,0.8791702316446711,0.8674496644295302,0.8671723375268661
3,0.9185216295674087,0.9186625293584023,0.860738255033557,0.8595013269603763
4,0.9407811843763125,0.9407650073693763,0.8506711409395973,0.8516272601396371
5,0.9563208735825284,0.9563049291684675,0.860738255033557,0.8615097541495925
6,0.9760604787904242,0.9760795799043637,0.8590604026845637,0.8576204830698062
7,0.9857202855942881,0.9857254065303392,0.860738255033557,0.8589872774116944
8,0.9794204115917682,0.9794368318476109,0.8590604026845637,0.8590604026845637
9,0.991180176396472,0.9911825538925755,0.8708053691275168,0.870909375862184
10,0.997060058798824,0.997060324143271,0.8590604026845637,0.8581036498001658
11,0.9773204535909282,0.9773405147587217,0.860738255033557,0.8599570485634157
12,0.991180176396472,0.9911825538925755,0.8640939597315436,0.8638950334520034
13,0.9916001679966401,0.9916016808834143,0.8674496644295302,0.8680468387804817
14,0.998740025199496,0.9987403648417966,0.8573825503355704,0.8570841606301727
15,0.998740025199496,0.9987401389185447,0.860738255033557,0.8608503661891075
