epoch,train_accuracy,train_f1_score,val_accuracy,val_f1_score
1,0.7303188028627196,0.737490450464366,0.8502604166666666,0.845409952029756
2,0.8581652569941445,0.859988366919923,0.77734375,0.7851824672788433
3,0.8828887443070917,0.8844729826242707,0.8372395833333334,0.8405256325601069
4,0.9108653220559532,0.9119908054435714,0.8606770833333334,0.859066525355662
5,0.9333116460637606,0.9339577602667167,0.8372395833333334,0.8399269558639922
6,0.9512036434612883,0.951561248477557,0.8515625,0.8540709229254997
7,0.9616135328562134,0.9618653494926486,0.8190104166666666,0.8231409074344364
8,0.9801561483409239,0.9802203605397122,0.82421875,0.8284440049136625
9,0.9850357839947951,0.9850655658402524,0.8489583333333334,0.8475078227536091
10,0.9863370201691607,0.9863718207742688,0.8450520833333334,0.8465535541991677
11,0.9811320754716981,0.9811957106861687,0.83984375,0.8409364088767446
12,0.9765777488614183,0.9766567443000715,0.8424479166666666,0.8421805977048868
13,0.9902407286922577,0.9902655862673349,0.8463541666666666,0.8450747558314372
