epoch,train_accuracy,train_f1_score,val_accuracy,val_f1_score
1,0.7875734676742233,0.7886047511340007,0.8823529411764706,0.8822645046369993
2,0.8849706129303107,0.8850841407231077,0.8571428571428571,0.8587259897328595
3,0.8967254408060453,0.8968920807813809,0.8789915966386554,0.8779377697024754
4,0.9273719563392108,0.9273780869119094,0.8857142857142857,0.8856283759330851
5,0.945424013434089,0.9454865544223449,0.8857142857142857,0.884942676553479
6,0.9588581024349286,0.9588786960095464,0.8722689075630252,0.8732755864376532
7,0.9718723761544921,0.9718933456733677,0.8773109243697479,0.878148558191396
8,0.9672544080604534,0.9672761593710195,0.892436974789916,0.8919095163299767
9,0.9878253568429891,0.9878324497558918,0.8840336134453781,0.884460034215282
10,0.9874055415617129,0.9874118457172081,0.8504201680672269,0.8517822450220243
11,0.9861460957178841,0.986156423988375,0.8823529411764706,0.8826764968598505
12,0.9979009235936188,0.9979011007778009,0.8840336134453781,0.8833054100761184
13,0.9911838790931989,0.9911875651974652,0.8722689075630252,0.8720735537712109
14,0.9903442485306465,0.990345063577884,0.865546218487395,0.8654451481565707
15,0.9962216624685138,0.996221342044912,0.8756302521008403,0.874547152194211
