epoch,train_accuracy,train_f1_score,val_accuracy,val_f1_score
1,0.770483193277311,0.7722342397280624,0.859538784067086,0.8601803907752781
2,0.8524159663865546,0.8529254161497825,0.8846960167714885,0.8837759639895131
3,0.8923319327731093,0.8926138902642813,0.8679245283018868,0.8686522491336447
4,0.9164915966386554,0.9167454886779562,0.8658280922431866,0.8625980277971893
5,0.944327731092437,0.944431115661382,0.8616352201257862,0.8621453309421117
6,0.9585084033613446,0.9585900472216459,0.8763102725366876,0.8759970334437625
7,0.9695378151260504,0.9695875823466302,0.8805031446540881,0.8780752438044895
8,0.9837184873949579,0.9837320400320346,0.870020964360587,0.8681694282176504
9,0.9826680672268907,0.9826784273132256,0.8553459119496856,0.8557869521984741
10,0.9847689075630253,0.9847851211851032,0.8658280922431866,0.8643960722484229
11,0.9915966386554622,0.991602650311538,0.8846960167714885,0.8826769351389692
12,0.9921218487394958,0.9921228006020912,0.8511530398322851,0.8509999997069285
13,0.9884453781512605,0.9884509182355097,0.870020964360587,0.8690498920571801
14,0.9984243697478992,0.9984245601204182,0.8637316561844863,0.8626443210785155
15,1.0,1.0,0.8679245283018868,0.8681979434010454
