epoch,train_accuracy,train_f1_score,val_accuracy,val_f1_score
1,0.3787458379578246,0.38610995317270097,0.39844617092119866,0.24979033252111593
2,0.4614317425083241,0.4810489821821506,0.6293007769145395,0.5971128439841978
3,0.5960044395116537,0.6034964897343162,0.6037735849056604,0.5812079142115004
4,0.5760266370699223,0.5923859768157885,0.6759156492785794,0.6268867813685026
5,0.5929522752497225,0.6065568038795308,0.5793562708102109,0.5949343034384662
6,0.6201442841287459,0.6309117927863237,0.6703662597114317,0.6787894379718086
7,0.6198668146503885,0.6341922994940453,0.655937846836848,0.6306187098560542
8,0.6107103218645948,0.6245111523150906,0.6126526082130965,0.5719978787124291
9,0.5879578246392897,0.601607185940458,0.6692563817980022,0.6757177244127737
10,0.6229189789123196,0.6355299466766263,0.6537180910099889,0.6530563733957737
11,0.6126526082130965,0.626172990897898,0.6470588235294118,0.6172900157764414
12,0.6437291897891232,0.654065020221979,0.6748057713651499,0.6715859734914026
13,0.6390122086570478,0.650505247111063,0.5826859045504994,0.5604507510314621
14,0.6320754716981132,0.6437768473550214,0.658157602663707,0.6579116299707579
15,0.6193118756936737,0.6310363408503887,0.6803551609322974,0.6879161200445942
16,0.6354051054384018,0.6498436783956989,0.658157602663707,0.6253808655142342
17,0.634850166481687,0.6487495166657176,0.6592674805771365,0.6610321000954853
18,0.6470588235294118,0.6584189055348872,0.6981132075471698,0.6892452376057673
19,0.6445615982241953,0.6563471082246527,0.7036625971143174,0.6887602654076669
20,0.6284683684794673,0.6424688598478445,0.6981132075471698,0.6934221276042404
21,0.6390122086570478,0.652519774496286,0.6936736958934517,0.6834289487961445
22,0.6387347391786904,0.6523736688895412,0.6526082130965594,0.6127038234192156
23,0.6412319644839067,0.6558911052625982,0.6681465038845728,0.622640942120901
24,0.618756936736959,0.6349113106236789,0.6459489456159823,0.6216205059029852
25,0.6512208657047724,0.6616660785683943,0.6892341842397336,0.6834482432166215
26,0.6379023307436182,0.6506970327886776,0.655937846836848,0.6519376638255407
27,0.6459489456159823,0.6589806382517577,0.6537180910099889,0.6515574021553563
28,0.655937846836848,0.6689306226455001,0.6625971143174251,0.6666995704852632
29,0.6417869034406215,0.655802198262815,0.655937846836848,0.658305372526773
