epoch,train_accuracy,train_f1_score,val_accuracy,val_f1_score
1,0.4098224195338513,0.42372599226074287,0.36847946725860153,0.3425442226291893
2,0.5133185349611543,0.5297418776957425,0.5227524972253053,0.4725691334657928
3,0.5521642619311876,0.5623451380737662,0.6514983351831298,0.6274086963558548
4,0.5849056603773585,0.5966082864671054,0.5904550499445061,0.5422804042414642
5,0.6112652608213096,0.6248958004513541,0.7003329633740288,0.6890927061587879
6,0.6082130965593785,0.6229118402905031,0.6981132075471698,0.6624650489840475
7,0.6223640399556049,0.6344898183308246,0.7103218645948945,0.689579940661786
8,0.5899001109877914,0.6045517013863598,0.6859045504994451,0.6887830955173371
9,0.6015538290788013,0.6153678139243303,0.6481687014428413,0.6227003579141616
10,0.611542730299667,0.6229290555841578,0.6925638179800222,0.6825566494196061
11,0.6190344062153164,0.6323495904229338,0.7069922308546059,0.6774114834821212
12,0.6134850166481687,0.6275928048396718,0.6970033296337403,0.6803762738641123
13,0.623196448390677,0.638856961166769,0.6714761376248612,0.6631300993593102
14,0.6387347391786904,0.6510114706151181,0.6981132075471698,0.681771666253944
15,0.6273584905660378,0.6406048854616607,0.704772475027747,0.6857956577284849
16,0.6290233074361821,0.6435490408398835,0.709211986681465,0.6941370808441348
17,0.6437291897891232,0.6577236353977344,0.6925638179800222,0.6731049326923515
18,0.6420643729189789,0.6552036185401282,0.6970033296337403,0.6677706540496536
19,0.6309655937846836,0.6432550706221352,0.6714761376248612,0.6718733938210201
20,0.6417869034406215,0.6543135048237956,0.7192008879023307,0.7211535985123607
21,0.6431742508324084,0.657349271122303,0.6426193118756937,0.6472755834559706
22,0.6223640399556049,0.6397316238931601,0.6825749167591565,0.6631540585962078
23,0.6276359600443951,0.64422712381436,0.709211986681465,0.6932200501992136
24,0.6423418423973363,0.6564777825932536,0.6992230854605993,0.6908453334061133
25,0.6553829078801332,0.6696659878245059,0.7203107658157603,0.7062645820861863
26,0.6514983351831298,0.6627466603562648,0.6426193118756937,0.6579254913406284
27,0.6459489456159823,0.6596269479278093,0.6970033296337403,0.6920035192619985
28,0.6376248612652609,0.652206980144069,0.6914539400665927,0.6893975632546642
29,0.6376248612652609,0.6504933740833201,0.6714761376248612,0.6892863573090273
