epoch,train_accuracy,train_f1_score,val_accuracy,val_f1_score
1,0.41120976692563815,0.42808452129586805,0.586015538290788,0.5693149903089952
2,0.5374583795782464,0.5583478792284974,0.6259711431742508,0.5870894683038077
3,0.5840732519422863,0.5939333015579018,0.564927857935627,0.5316403242481734
4,0.5885127635960045,0.6056113731649763,0.6614872364039955,0.6103596439494144
5,0.5943396226415094,0.6074170667027753,0.6637069922308546,0.6527338022657461
6,0.6159822419533851,0.6273144962834314,0.5782463928967814,0.6042752613283746
7,0.6143174250832408,0.6306191939317016,0.609322974472808,0.6289297642559036
8,0.6129300776914539,0.6269770178896702,0.6681465038845728,0.6611205711196014
9,0.6342952275249722,0.6472197270029727,0.6170921198668147,0.5982424154325344
10,0.6082130965593785,0.6206910926404234,0.5871254162042175,0.605527914946639
11,0.5926748057713651,0.6069649963032593,0.6947835738068813,0.6793340270737712
12,0.6226415094339622,0.6370921443364229,0.6548279689234184,0.6442219148611228
13,0.6317980022197558,0.6465271416499426,0.6947835738068813,0.692071824717578
14,0.6276359600443951,0.6434906685390537,0.6015538290788013,0.6305941918541752
15,0.6387347391786904,0.6518598048242862,0.5549389567147613,0.530376052747619
16,0.6134850166481687,0.6294598537678093,0.6781354051054383,0.6703376040893442
17,0.6209766925638179,0.6346671391813824,0.5771365149833518,0.5860875873779986
18,0.6306881243063263,0.6458870980448828,0.5549389567147613,0.581345125155322
19,0.6087680355160933,0.6263003819160642,0.6259711431742508,0.6145471646798312
20,0.6206992230854605,0.6365348350788171,0.658157602663707,0.648298539546063
21,0.6398446170921198,0.6545935763392446,0.6448390677025527,0.6298667693163272
22,0.6176470588235294,0.6336334305698728,0.6781354051054383,0.6649006586525121
