epoch,train_accuracy,train_f1_score,val_accuracy,val_f1_score
1,0.7460063897763578,0.7495977775949934,0.8569604086845466,0.8573711943929039
2,0.8680511182108627,0.8682489730343801,0.8454661558109834,0.848020598247284
3,0.8904153354632588,0.8909812145208422,0.8773946360153256,0.8785559601151804
4,0.9166134185303514,0.9169327731452828,0.879948914431673,0.8808237803051228
5,0.9293929712460064,0.9296138048328683,0.8939974457215837,0.8939574583665211
6,0.9450479233226837,0.9451920118833282,0.8773946360153256,0.8784257494168574
7,0.9587859424920128,0.9588909931942943,0.8914431673052363,0.8908756715810142
8,0.9638977635782747,0.9639407625121845,0.8773946360153256,0.8779110151570765
9,0.9725239616613418,0.9725672637079464,0.8722860791826309,0.8733601556425598
10,0.982108626198083,0.9821340807717431,0.8863346104725415,0.8857404090671797
11,0.9833865814696485,0.9834076556706138,0.876117496807152,0.8757796487971554
12,0.9856230031948882,0.9856445612265063,0.876117496807152,0.8761637228421904
13,0.9881789137380191,0.9881911528907973,0.8786717752234994,0.8790615725029678
14,0.9907348242811501,0.9907444171306248,0.8850574712643678,0.8838835268855554
15,0.9936102236421726,0.9936133095275342,0.8786717752234994,0.8788061131133517
16,0.9936102236421726,0.9936122870945843,0.8837803320561941,0.8840740109839751
17,0.9952076677316294,0.9952095993134458,0.8850574712643678,0.8842036082550441
18,0.9923322683706071,0.9923347445135013,0.8863346104725415,0.8851192000228324
19,0.9926517571884984,0.9926570563224142,0.8825031928480205,0.8834262878537038
20,0.9955271565495207,0.9955286009662092,0.8748403575989783,0.8750241159252526
21,0.9971246006389777,0.9971252981003902,0.8735632183908046,0.8747932173077032
22,0.9977635782747604,0.9977637596409568,0.8748403575989783,0.8759603563338059
23,0.9977635782747604,0.997764120744748,0.8837803320561941,0.8839090136138421
24,0.9977635782747604,0.997764120744748,0.8850574712643678,0.884505711813832
