epoch,train_accuracy,train_f1_score,val_accuracy,val_f1_score
1,0.6924305333759182,0.6962841130399801,0.829923273657289,0.8288245197429844
2,0.8556371766208879,0.8561689151835219,0.8657289002557544,0.8668488794953261
3,0.8862983072500799,0.8870195820359277,0.8861892583120204,0.8848069172680664
4,0.9061002874480997,0.9064739599531662,0.8964194373401535,0.8958276514778281
5,0.920153305653146,0.9204354715302414,0.9028132992327366,0.9026298139678024
6,0.9335675503034174,0.9338609516887941,0.9040920716112532,0.9035441217387297
7,0.9495368891727882,0.9496610498814434,0.8938618925831202,0.8926642168715202
8,0.9610348131587352,0.9610996785161863,0.90153452685422,0.9002520512426596
9,0.9674225487064836,0.9674924288730151,0.8951406649616368,0.8950102978533361
10,0.9731715106994571,0.973216172093112,0.9040920716112532,0.9033245371909985
11,0.9798786330245928,0.9798871923862031,0.8887468030690537,0.8889101626096482
12,0.9859469817949537,0.9859635023079414,0.8887468030690537,0.8887803188944603
13,0.9894602363462153,0.9894682598743734,0.8976982097186701,0.8967567865995266
14,0.9881826892366656,0.9881916853136913,0.8989769820971867,0.8978370256969892
15,0.9904183966783775,0.9904200341249882,0.8951406649616368,0.8951406649616368
16,0.9878633024592782,0.987869488832323,0.8913043478260869,0.8917526037264152
17,0.9929734908974769,0.9929770724818712,0.8900255754475703,0.8888313103361393
18,0.9952091983391887,0.9952087872019101,0.8887468030690537,0.8887128630732648
19,0.9926541041200895,0.9926547327150513,0.8925831202046036,0.892999367955041
20,0.9948898115618013,0.9948915531270675,0.8823529411764706,0.880661835411239
21,0.996167358671351,0.9961680136499952,0.8900255754475703,0.8891019445276934
22,0.9971255190035132,0.9971257649754549,0.90153452685422,0.9008984061669909
23,0.9964867454487384,0.9964870460811115,0.8989769820971867,0.8983998082314619
24,0.9968061322261258,0.9968066780416627,0.8964194373401535,0.8964506417293252
25,0.9974449057809007,0.9974449057809007,0.8938618925831202,0.8934089923204901
