epoch,train_accuracy,train_f1_score,val_accuracy,val_f1_score
1,0.801007556675063,0.8009564866359106,0.9058823529411765,0.9058823529411765
2,0.8937867338371117,0.8937801631836018,0.8957983193277311,0.8957894886768265
3,0.9156171284634761,0.9156204152840401,0.9008403361344538,0.9007337806808832
4,0.9387069689336692,0.9387088702096026,0.8974789915966387,0.8974668277091932
5,0.9433249370277078,0.9433271446404493,0.8907563025210085,0.8907556853615884
6,0.9676742233417296,0.9676749355767242,0.8739495798319328,0.8739346242326145
7,0.9706129303106633,0.9706139662477526,0.8857142857142857,0.8857046004842614
8,0.9802686817800168,0.9802687826437322,0.8823529411764706,0.8823509472486456
9,0.9827875734676742,0.9827874794100852,0.8857142857142857,0.8853723378419075
10,0.9861460957178841,0.9861460200129953,0.892436974789916,0.8924035421845398
