epoch,train_accuracy,train_f1_score,val_accuracy,val_f1_score
1,0.7971440571188576,0.796755258063677,0.8708053691275168,0.8707744288394458
2,0.879462410751785,0.8794633037858305,0.8909395973154363,0.8909356040828924
3,0.9092818143637127,0.9092808542393171,0.8741610738255033,0.8732440081754919
4,0.9340613187736245,0.9340606208572945,0.8959731543624161,0.895964949890336
5,0.9483410331793364,0.948341415908213,0.8859060402684564,0.8859124659974988
6,0.9672406551868963,0.9672390947865775,0.8808724832214765,0.88067441655373
7,0.9760604787904242,0.9760600142468749,0.8825503355704698,0.8822223269421545
8,0.9815203695926081,0.9815202457170162,0.889261744966443,0.8891718154112611
9,0.9857202855942881,0.9857202855942881,0.8926174496644296,0.8926174496644296
10,0.9928601427971441,0.9928599311930117,0.8942953020134228,0.8942556837895506
11,0.9907601847963041,0.990760122858508,0.8942953020134228,0.894303338469547
12,0.989920201595968,0.9899202549382445,0.8842281879194631,0.8839649148172518
13,0.99370012599748,0.993700105993777,0.889261744966443,0.8892417921276984
