epoch,train_accuracy,train_f1_score,val_accuracy,val_f1_score
1,0.7988240235195296,0.7988253010488002,0.8691275167785235,0.8691363592151453
2,0.8798824023519529,0.8798763424841572,0.8557046979865772,0.8548987339284309
3,0.9113817723645528,0.9113724866455922,0.8842281879194631,0.8841385295229153
4,0.9231415371692566,0.9231422692675951,0.8791946308724832,0.8792082350807183
5,0.9374212515749685,0.9374198607214768,0.8825503355704698,0.8825582742193814
6,0.9550608987820244,0.9550611048826195,0.8708053691275168,0.8697515817145766
7,0.9685006299874003,0.9685009300277031,0.8808724832214765,0.8808553791009053
8,0.9739605207895842,0.9739607228938355,0.8825503355704698,0.8823912238201503
9,0.9853002939941201,0.985300423642628,0.8590604026845637,0.8590477058524915
10,0.9853002939941201,0.9853003873417705,0.8674496644295302,0.8674141787188056
11,0.9832003359932802,0.9832004663831199,0.87248322147651,0.8724199541281455
12,0.9869802603947921,0.9869800307195667,0.8758389261744967,0.8758137365469045
