epoch,train_accuracy,train_f1_score,val_accuracy,val_f1_score
1,0.8203190596137699,0.8203239998287865,0.8638655462184874,0.8635957753888073
2,0.8921074727120067,0.8921068452002481,0.8588235294117647,0.8585847048439853
3,0.9059613769941226,0.905960249744363,0.8689075630252101,0.8689075630252101
4,0.9290512174643157,0.9290541060328411,0.8621848739495799,0.8618227611784044
5,0.9416456759026028,0.9416465707998212,0.8739495798319328,0.8739032803203927
6,0.961376994122586,0.961376994122586,0.8789915966386554,0.8788032700346692
7,0.9727120067170445,0.9727131177676017,0.8705882352941177,0.8704894479667687
8,0.9773299748110831,0.9773304223661975,0.8823529411764706,0.8823536058040597
9,0.9836272040302267,0.98362667006145,0.8739495798319328,0.8739431702893677
10,0.9903442485306465,0.9903444783000178,0.8689075630252101,0.8688505186422867
11,0.9878253568429891,0.9878254233715277,0.8722689075630252,0.8722371465879176
12,0.9949622166246851,0.9949622699061456,0.8739495798319328,0.8739353352772877
13,0.9865659109991604,0.9865660530830542,0.8705882352941177,0.8705779995955569
14,0.9911838790931989,0.991184088882625,0.865546218487395,0.8655257053435029
15,0.9949622166246851,0.9949623160813771,0.8739495798319328,0.8739481555696098
16,0.9970612930310663,0.997061309089679,0.8789915966386554,0.8789676668009396
17,0.9979009235936188,0.9979009350640564,0.880672268907563,0.8806284387033051
