epoch,train_accuracy,train_f1_score,val_accuracy,val_f1_score
1,0.5040953090096798,0.5195007712417906,0.40476190476190477,0.25643740366537826
2,0.7520476545048399,0.7673933854758125,0.7738095238095238,0.8160132517696896
3,0.8481012658227848,0.8675404720234595,0.8988095238095238,0.8976793202302463
4,0.8763961280714817,0.8884824717445853,0.9077380952380952,0.9057788834212475
5,0.8860759493670886,0.8965177338579718,0.8125,0.8513455048546645
6,0.9195830230826508,0.9256510819829133,0.9166666666666666,0.9190693867711627
7,0.9277736411020104,0.9320355720740929,0.9226190476190477,0.9206668899443835
8,0.9441548771407298,0.9459209376669102,0.9136904761904762,0.9123840969503613
9,0.960536113179449,0.9611126145383516,0.9285714285714286,0.9274397700495469
10,0.9672375279225615,0.9681161362415664,0.9077380952380952,0.9042952546872407
11,0.9836187639612807,0.9837722292588486,0.9255952380952381,0.9231164119065023
12,0.9873417721518988,0.9873624215244354,0.9107142857142857,0.9033943590716499
13,0.9947877885331348,0.9947887391296707,0.9047619047619048,0.9023534277870346
14,0.996276991809382,0.9962755320530575,0.9166666666666666,0.9133396725241935
15,0.9985107967237528,0.9985107967237528,0.9136904761904762,0.9106505948993143
