epoch,train_accuracy,train_f1_score,val_accuracy,val_f1_score
1,0.542830540037244,0.5849739881816859,0.8066914498141264,0.7988329366150194
2,0.8305400372439479,0.8521746793765379,0.8364312267657993,0.8492034093422884
3,0.88268156424581,0.8962538332048632,0.8773234200743495,0.8858744751380331
4,0.931098696461825,0.9338605677958715,0.8884758364312267,0.8891576709768984
5,0.9553072625698324,0.9566609392753442,0.895910780669145,0.8860658048064282
6,0.9664804469273743,0.967049245280142,0.8810408921933085,0.8789380158658707
7,0.978584729981378,0.9788184268911461,0.8921933085501859,0.8834596320655801
8,0.9962756052141527,0.9962783188061289,0.8921933085501859,0.8840807554713476
9,0.9795158286778398,0.9798418823833374,0.8810408921933085,0.8814392390216003
10,0.9851024208566108,0.9851662486867145,0.8921933085501859,0.8862167572204748
11,0.9925512104283054,0.9926082747434668,0.895910780669145,0.8904355135918693
12,0.9981378026070763,0.9981416077567272,0.8921933085501859,0.8892945374027951
13,1.0,1.0,0.8996282527881041,0.8928722108637839
14,1.0,1.0,0.895910780669145,0.8900115969977733
15,1.0,1.0,0.8847583643122676,0.8766530270499191
