epoch,train_accuracy,train_f1_score,val_accuracy,val_f1_score
1,0.5927029039463887,0.5994976505696944,0.33630952380952384,0.4430429997944675
2,0.7944899478778853,0.824494160483454,0.8928571428571429,0.9012955997289305
3,0.8838421444527178,0.8956153822090605,0.9136904761904762,0.9134076066077603
4,0.9158600148920327,0.923093570848634,0.8809523809523809,0.8950046169338142
5,0.9404318689501117,0.9442740067318324,0.9077380952380952,0.9111030091833986
6,0.9538346984363366,0.9553471335987018,0.9017857142857143,0.9098860503797478
7,0.9761727475800447,0.9769172273336936,0.8839285714285714,0.9023668342988322
8,0.9806403574087863,0.9813570380087743,0.9047619047619048,0.910519583398265
9,0.9918093819806404,0.9918590275052724,0.9136904761904762,0.9135319525561082
10,0.9932985852568875,0.9933138952621874,0.8988095238095238,0.9047769514238785
11,0.9932985852568875,0.9933302834704897,0.9047619047619048,0.9088461310363272
12,0.9769173492181683,0.9773375938197864,0.8988095238095238,0.9105536517140654
