epoch,train_accuracy,train_f1_score,val_accuracy,val_f1_score
1,0.4972067039106145,0.5154483799431028,0.6059479553903345,0.586451479337876
2,0.7355679702048417,0.7624598183831908,0.8773234200743495,0.8931075576741786
3,0.87243947858473,0.8820473352072313,0.8438661710037175,0.8745268358475523
4,0.9162011173184358,0.9219211992588255,0.8810408921933085,0.8984933363617145
5,0.9273743016759777,0.9307173568945316,0.8847583643122676,0.8969028496903965
6,0.9608938547486033,0.9620876868123135,0.8773234200743495,0.8866511665538224
7,0.9357541899441341,0.9375750880128385,0.8661710037174721,0.8858433719102129
8,0.9515828677839852,0.9535587920045323,0.895910780669145,0.90121772001314
9,0.9720670391061452,0.9723712470396976,0.9182156133828996,0.9198206456803528
10,0.9757914338919925,0.9758626618955903,0.9033457249070632,0.9088012838820383
11,0.9925512104283054,0.9925541007360885,0.9107806691449815,0.9146701300015193
12,0.9739292364990689,0.9745410930138667,0.8773234200743495,0.8811865031671053
13,0.972998137802607,0.973300613623253,0.8996282527881041,0.9059633031509491
14,0.9906890130353817,0.9907540726562115,0.9033457249070632,0.9068456109899108
15,0.9906890130353817,0.9907532239905785,0.9033457249070632,0.9068456109899108
