epoch,train_accuracy,train_f1_score,val_accuracy,val_f1_score
1,0.6093023255813953,0.6259592655255374,0.8544776119402985,0.843076134832883
2,0.8148837209302325,0.8358056294408752,0.8656716417910447,0.8606872659123472
3,0.88,0.8900165843880727,0.8694029850746269,0.8798013971548949
4,0.8427906976744186,0.8583051622429365,0.09328358208955224,0.08402452157511724
5,0.8437209302325581,0.8665408867756432,0.8843283582089553,0.8960078659754845
6,0.9106976744186046,0.9189926653089494,0.8395522388059702,0.86687994125418
7,0.933953488372093,0.9383299655094681,0.9067164179104478,0.9105909423797456
8,0.9618604651162791,0.9635263345524533,0.9029850746268657,0.9033769377052959
9,0.9776744186046512,0.9779594278630385,0.9067164179104478,0.9055265081384485
10,0.9758139534883721,0.9765296568402612,0.8917910447761194,0.892855671074916
11,0.9795348837209302,0.9798475386854066,0.8880597014925373,0.8869792830113997
12,0.9925581395348837,0.9925725865372688,0.8955223880597015,0.904784029604408
13,0.9841860465116279,0.9846992056659766,0.8843283582089553,0.8887268085792465
14,0.9906976744186047,0.9908855625160551,0.8768656716417911,0.8891083492322336
15,0.9962790697674418,0.996293802279788,0.9216417910447762,0.9222383646380898
