epoch,train_accuracy,train_f1_score,val_accuracy,val_f1_score
1,0.4558139534883721,0.49985002581814847,0.7649253731343284,0.7411310497581927
2,0.7283720930232558,0.7637776918639855,0.8955223880597015,0.8990911457432066
3,0.867906976744186,0.8841083486780847,0.9104477611940298,0.9151209133248723
4,0.9069767441860465,0.9172572447880354,0.9216417910447762,0.9234950870209144
5,0.9413953488372093,0.943410540585208,0.8805970149253731,0.8873106108114889
6,0.9525581395348838,0.9539462216710755,0.9253731343283582,0.9276296342971512
7,0.9804651162790697,0.9808010539559464,0.917910447761194,0.9182836845467091
8,0.9618604651162791,0.9638477514661653,0.8731343283582089,0.8845208101082503
9,0.9544186046511628,0.9582141345834875,0.8917910447761194,0.8992561134137793
10,0.9795348837209302,0.980036919082514,0.914179104477612,0.9126579009233341
11,0.9897674418604652,0.9899078920386714,0.9216417910447762,0.9218084881929836
12,0.9953488372093023,0.9953638604574125,0.917910447761194,0.9192580482443817
13,1.0,1.0,0.917910447761194,0.9209580856650416
14,1.0,1.0,0.917910447761194,0.9185159595924919
15,1.0,1.0,0.9104477611940298,0.9111985260203489
