epoch,train_accuracy,train_f1_score,val_accuracy,val_f1_score
1,0.45716945996275604,0.4865121491318138,0.724907063197026,0.7235450450003359
2,0.7523277467411545,0.7662313297803756,0.8364312267657993,0.861953030414284
3,0.861266294227188,0.8723610854822547,0.8884758364312267,0.9017713201081555
4,0.9124767225325885,0.9179985605071719,0.9144981412639405,0.9131168490841924
5,0.9450651769087524,0.9467367582219401,0.8364312267657993,0.8715593536174085
6,0.9487895716945997,0.9516132977159147,0.8921933085501859,0.9051390165642978
7,0.9581005586592178,0.9597777697117587,0.8847583643122676,0.8907471715918807
8,0.9823091247672253,0.9824929170643794,0.8996282527881041,0.9003237909134841
9,0.9962756052141527,0.9962783489527159,0.9033457249070632,0.9052608868826341
10,0.9972067039106145,0.997207808345708,0.9182156133828996,0.918165922861677
11,0.9972067039106145,0.9972054371283195,0.9182156133828996,0.9197133790283514
12,0.9990689013035382,0.9990690382377377,0.9107806691449815,0.9096407254850662
13,1.0,1.0,0.9182156133828996,0.9194924351137276
14,1.0,1.0,0.9219330855018587,0.9210328574482807
15,1.0,1.0,0.9219330855018587,0.9224602867470872
