accuracy,f1_score
0.724,0.7242252196035137
0.716,0.7168271701253446
0.73,0.7287995389768648
0.751,0.7545585720025254
0.7477477477477478,0.7475101497322473
