accuracy,f1_score
0.33851276359600446,0.3280325871155037
0.3407325194228635,0.3175152078031091
0.32408435072142067,0.3208116828000559
0.34739178690344064,0.33931182621355443
0.3407325194228635,0.3267843243921603
