accuracy,f1_score
0.34563758389261745,0.31709518261535025
0.2953020134228188,0.28383562529578654
0.31932773109243695,0.29884515275350426
0.3378151260504202,0.3182322010184006
0.28907563025210087,0.2673423858161965
