accuracy,f1_score
0.8035714285714286,0.8586449444345015
0.8303571428571429,0.867539304648909
0.8154761904761905,0.8425969093694962
0.8214285714285714,0.857155372662101
0.755223880597015,0.8079979413278435
