accuracy,f1_score
0.8717948717948718,0.8734641501233597
0.8379446640316206,0.8392245895848474
0.83399209486166,0.8361767876392383
0.8221343873517787,0.8282069586268972
0.8478260869565217,0.850871305342183
