accuracy,f1_score
0.34563758389261745,0.31383896568132147
0.39932885906040266,0.3685065877815071
0.36470588235294116,0.3375460529039202
0.35294117647058826,0.3310012928833725
0.3949579831932773,0.3664355541922901
