accuracy,f1_score
0.3274139844617092,0.2809712532188032
0.3218645948945616,0.2803815533392717
0.32519422863485015,0.2827274086744754
0.316315205327414,0.26643773867560955
0.2974472807991121,0.2561053949494518
