accuracy,f1_score
0.7828863346104725,0.7812734822595275
0.7739463601532567,0.7705964740493155
0.8275862068965517,0.8247137959611099
0.8273657289002557,0.824325161278777
0.809462915601023,0.8068105981929841
