accuracy,f1_score
0.773,0.776878257799564
0.76,0.7639098477365727
0.763,0.7659298640804297
0.751,0.7549107930367506
0.7777777777777778,0.7815435052277158
