accuracy,f1_score
0.8007889546351085,0.7995794109087734
0.854043392504931,0.8522685501091433
0.8656126482213439,0.8640737095329123
0.8616600790513834,0.8606606758780672
0.8952569169960475,0.8942302458899041
