accuracy,f1_score
0.7030201342281879,0.6871613110919933
0.6862416107382551,0.6681357056213824
0.7092436974789916,0.6945202604577178
0.7075630252100841,0.6948430542572732
0.6823529411764706,0.6639018156780445
