accuracy,f1_score
0.270687237026648,0.19132075539343918
0.2973352033660589,0.21490880204639612
0.2805049088359046,0.20928460365800597
0.3127629733520337,0.22596738006053724
0.3155680224403927,0.23038437438327464
