accuracy,f1_score
0.3265993265993266,0.2686634402594968
0.36363636363636365,0.30437409874897164
0.31313131313131315,0.25000952525897496
0.3885135135135135,0.31612812429982545
0.3141891891891892,0.2568802236495899
