accuracy,f1_score
0.6176853055916776,0.6239038176935245
0.6306892067620286,0.6392029979693523
0.6098829648894668,0.6203758045151859
0.6380208333333334,0.6448227294389978
0.6484375,0.6512288904082629
