accuracy,f1_score
0.376940133037694,0.3700974958458726
0.36736958934517205,0.3759660751994322
0.35738068812430634,0.3650724723878303
0.36847946725860153,0.37272960577037595
0.3374028856825749,0.36419285183923544
