accuracy,f1_score
0.6126526082130965,0.6374738029012272
0.6415094339622641,0.6552256540512452
0.6281908990011099,0.6537068021461532
0.6426193118756937,0.6682300198935484
0.6526082130965594,0.676437214789569
