accuracy,f1_score
0.8831683168316832,0.8866336941251873
0.9207920792079208,0.922062392078907
0.8851485148514852,0.8871004932317857
0.8851485148514852,0.889062666385211
0.8928571428571429,0.8957756526264395
