accuracy,f1_score
0.709731543624161,0.752347370495853
0.6996644295302014,0.7371872999100716
0.7126050420168067,0.7514525190233917
0.7075630252100841,0.7428321428801736
0.7428571428571429,0.7704696996666626
