accuracy,f1_score
0.743,0.7369625694460278
0.745,0.7410331108787231
0.765,0.762038161606818
0.734,0.7281688008960735
0.763,0.7570922877326349
