accuracy,f1_score
0.2976190476190476,0.2729056437389771
0.36904761904761907,0.36059736394557823
0.29464285714285715,0.2852039935373269
0.3005952380952381,0.2831549607474412
0.29253731343283584,0.27389031130136954
