accuracy,f1_score
0.36834733893557425,0.295700086712545
0.3576437587657784,0.29284112012195257
0.3814866760168303,0.3162576758265124
0.3534361851332398,0.2935767907813082
0.34642356241234223,0.2885827296596206
