epoch,train_accuracy,train_f1_score,val_accuracy,val_f1_score
1,0.8676893576222435,0.868763206689313,0.9195402298850575,0.9191626426921963
2,0.9181847235538511,0.918549223639838,0.9220945083014048,0.9222698482799208
3,0.9520613614573347,0.9522198832772434,0.9220945083014048,0.9222212617344882
4,0.970917225950783,0.9709714272961582,0.9246487867177522,0.9239879056822436
5,0.9811441355065517,0.9811673292442685,0.9233716475095786,0.9225995713797805
6,0.9894534995206136,0.9894596256226554,0.9169859514687101,0.9160380271962321
7,0.99712368168744,0.9971244019536287,0.8978288633461047,0.895004215108314
8,0.9996804090763822,0.9996803822429514,0.9259259259259259,0.9261153134670922
9,0.9929689996804091,0.9929725054743317,0.9284802043422733,0.9281721150610054
10,0.9884947267497604,0.9884985625276496,0.9157088122605364,0.916293703074101
11,0.9910514541387024,0.9910573858420229,0.8952745849297573,0.8922535713031361
12,0.9942473633748802,0.9942483251409239,0.9220945083014048,0.9217289080035552
13,0.9996804090763822,0.9996804358313224,0.9220945083014048,0.9221204666586543
14,1.0,1.0,0.9220945083014048,0.922068244357365
15,1.0,1.0,0.9246487867177522,0.9245716880661539
16,1.0,1.0,0.9208173690932312,0.9208173690932312
17,1.0,1.0,0.9233716475095786,0.9233196792808748
18,1.0,1.0,0.9233716475095786,0.9233196792808748
19,1.0,1.0,0.9233716475095786,0.9233196792808748
20,1.0,1.0,0.9220945083014048,0.9220147961361931
