epoch,train_accuracy,train_f1_score,val_accuracy,val_f1_score
1,0.860702875399361,0.861773760858536,0.8759590792838875,0.8780641914245547
2,0.9319488817891374,0.9321637200782602,0.9117647058823529,0.9127234573930142
3,0.9498402555910543,0.9500271626033489,0.907928388746803,0.9064632173422651
4,0.9664536741214057,0.9665147520120415,0.9053708439897699,0.9063777239671135
5,0.9801916932907349,0.9802201332243387,0.9194373401534527,0.9201992345416806
6,0.987220447284345,0.9872266748667781,0.9117647058823529,0.9125551163202169
7,0.9958466453674122,0.9958483345277339,0.870843989769821,0.8729893371929893
8,0.9913738019169329,0.9913786988042363,0.9232736572890026,0.9235390999759048
9,0.9929712460063898,0.9929757992445424,0.9130434782608695,0.9135602994298647
10,0.9939297124600639,0.993933158417796,0.9156010230179028,0.9161026435642804
11,0.9961661341853035,0.9961673834295534,0.9156010230179028,0.9161996429736179
12,0.9968051118210862,0.9968051118210862,0.9181585677749361,0.9183876855225024
13,0.9936102236421726,0.993614362949584,0.9207161125319693,0.92088448243597
14,0.9955271565495207,0.9955286140011455,0.9117647058823529,0.9126833257224174
15,0.9996805111821087,0.9996805373246603,0.9143222506393862,0.9152142438174199
16,1.0,1.0,0.9181585677749361,0.9188708173422383
17,1.0,1.0,0.9143222506393862,0.9149537411209727
18,1.0,1.0,0.9143222506393862,0.9149537411209727
19,1.0,1.0,0.9143222506393862,0.9149537411209727
20,1.0,1.0,0.9143222506393862,0.9149537411209727
