epoch,train_accuracy,train_f1_score,val_accuracy,val_f1_score
1,0.8212345679012346,0.8244592965964664,0.9466403162055336,0.9463815363944039
2,0.9580246913580247,0.9581659092432834,0.9466403162055336,0.9468590402237954
3,0.9614814814814815,0.9616159558421643,0.9525691699604744,0.9527830535735674
4,0.9817283950617284,0.9817660950841302,0.9545454545454546,0.9546932532417617
5,0.9797530864197531,0.9797894497364936,0.9565217391304348,0.9566049030888958
6,0.9906172839506173,0.990634135243741,0.9644268774703557,0.9644615525666624
7,0.994567901234568,0.9945732230404022,0.9624505928853755,0.9625395135236123
8,0.9950617283950617,0.9950645108439339,0.9683794466403162,0.9683474526488927
9,0.9950617283950617,0.9950658841867595,0.958498023715415,0.9586681423962853
10,0.9955555555555555,0.9955574377367833,0.9624505928853755,0.9624690668055684
11,0.9965432098765432,0.9965446737952758,0.9644268774703557,0.9643148967881754
12,0.9980246913580247,0.9980258043375735,0.9683794466403162,0.9683474526488927
13,0.9990123456790123,0.9990126251179352,0.9683794466403162,0.9683474526488927
14,0.9990123456790123,0.9990126251179352,0.9624505928853755,0.9623930780301604
15,0.9995061728395062,0.999506242848673,0.9664031620553359,0.966386321535063
16,0.9995061728395062,0.999506242848673,0.9644268774703557,0.9644615525666624
17,0.9995061728395062,0.999506242848673,0.9664031620553359,0.966386321535063
