epoch,train_accuracy,train_f1_score,val_accuracy,val_f1_score
1,0.8431130327362569,0.8455527814356956,0.9481481481481482,0.9484580016187024
2,0.9468807906114886,0.9471109851086267,0.9604938271604938,0.9604938271604938
3,0.9660284126003706,0.9661159553092971,0.9629629629629629,0.9630914383743449
4,0.9789993823347746,0.9790287972801027,0.9679012345679012,0.9679244754051402
5,0.983940704138357,0.9839576653990039,0.9629629629629629,0.9630914383743449
6,0.9907350216182829,0.9907431979604403,0.9679012345679012,0.9677775883727971
7,0.9913526868437307,0.9913588082069078,0.9629629629629629,0.9629355790128428
8,0.9907350216182829,0.9907300102584671,0.9481481481481482,0.9485184584032174
9,0.9907350216182829,0.9907431979604403,0.9629629629629629,0.9629355790128428
10,0.9962940086473132,0.9962926758158158,0.9629629629629629,0.9629355790128428
11,0.9962940086473132,0.9962953273905585,0.9654320987654321,0.9653804489420927
12,0.9950586781964176,0.9950604365207448,0.9629629629629629,0.9628790938605609
13,0.9975293390982087,0.9975293390982087,0.9604938271604938,0.9603733176146969
