epoch,train_accuracy,train_f1_score,val_accuracy,val_f1_score
1,0.8503703703703703,0.8480847732510378,0.958498023715415,0.9585228031130822
2,0.9604938271604938,0.9606059194119863,0.9604743083003953,0.9607321535393027
3,0.9708641975308642,0.9709574994514197,0.9664031620553359,0.9665001575666885
4,0.9787654320987654,0.9788125180036827,0.9703557312252964,0.9704079529268322
5,0.988641975308642,0.9886584925850043,0.9683794466403162,0.9684530969975204
6,0.9920987654320987,0.9921092344737004,0.9723320158102767,0.9723647816986064
7,0.9950617283950617,0.9950656893525293,0.9683794466403162,0.9684530969975204
8,0.997037037037037,0.9970378362635343,0.9703557312252964,0.9702627874195513
9,0.9975308641975309,0.9975311979428045,0.9683794466403162,0.9684168933698359
10,0.9925925925925926,0.9925975547688866,0.9664031620553359,0.9662074019731579
11,0.9960493827160494,0.9960493827160494,0.9446640316205533,0.9452686060900931
12,0.9965432098765432,0.9965446054415269,0.9683794466403162,0.9682595183460916
13,1.0,1.0,0.9683794466403162,0.9683007724618822
14,0.9990123456790123,0.9990123456790123,0.9644268774703557,0.964549078649038
15,0.997037037037037,0.9970378362635343,0.9664031620553359,0.9665001575666885
