epoch,train_accuracy,train_f1_score,val_accuracy,val_f1_score
1,0.8758492896849908,0.8757385504184307,0.9111111111111111,0.9124614752414217
2,0.9549104385423101,0.9550818516594228,0.928395061728395,0.9292584701706519
3,0.9617047560222359,0.9618080188143306,0.9530864197530864,0.9533241913956083
4,0.9746757257566399,0.9746977163322336,0.9333333333333333,0.93406914461938
5,0.9746757257566399,0.9747641188991407,0.9580246913580247,0.9581798670753721
6,0.9876466954910439,0.9876760031982265,0.9604938271604938,0.9606118838995551
7,0.9913526868437307,0.9913675021210143,0.9580246913580247,0.9581197430074135
8,0.993823347745522,0.9938297666047547,0.9530864197530864,0.9528945390231018
9,0.9913526868437307,0.9913616732466567,0.9481481481481482,0.9484789414613974
10,0.9925880172946263,0.9925982318506475,0.9530864197530864,0.9533241913956083
11,0.9962940086473132,0.9962940086473132,0.9506172839506173,0.9506926024167404
12,0.9969116738727609,0.9969132916557086,0.9555555555555556,0.9556233421750662
13,0.9981470043236566,0.9981479749934252,0.9506172839506173,0.9506172839506173
14,0.9987646695491044,0.9987646695491044,0.9530864197530864,0.9531926539494622
15,1.0,1.0,0.9580246913580247,0.9581798670753721
