epoch,train_accuracy,train_f1_score,val_accuracy,val_f1_score
1,0.24912280701754386,0.2754847449649208,0.43661971830985913,0.3449600423859773
2,0.2982456140350877,0.33794873130761643,0.49295774647887325,0.3993740219092332
3,0.6526315789473685,0.6506272026644979,0.5492957746478874,0.5127980001219438
4,0.6701754385964912,0.6918919528732397,0.6338028169014085,0.6091295246224824
5,0.6842105263157895,0.6966633399546669,0.6056338028169014,0.5845201238390093
6,0.7929824561403509,0.7931729077785692,0.6901408450704225,0.6875015488827393
7,0.8245614035087719,0.8323875781407543,0.704225352112676,0.6825326207545152
8,0.8385964912280702,0.8475841293469345,0.676056338028169,0.6797861241523213
9,0.9192982456140351,0.9206497379842205,0.6619718309859155,0.6622282611587027
10,0.9333333333333333,0.9330719215610266,0.7183098591549296,0.6873119056217647
11,0.9754385964912281,0.9755741524527058,0.7605633802816901,0.7196610557654872
12,0.9964912280701754,0.9965038932117478,0.6619718309859155,0.643737973189308
13,0.9824561403508771,0.9830824525817585,0.7323943661971831,0.6981220657276995
14,0.9929824561403509,0.9931061332751834,0.7605633802816901,0.7502353301093108
15,0.9929824561403509,0.9929241206464438,0.7605633802816901,0.7356314792934512
