epoch,train_accuracy,train_f1_score,val_accuracy,val_f1_score
1,0.7232142857142857,0.7258553960647389,0.8553459119496856,0.8538828922192292
2,0.8602941176470589,0.8608185931715343,0.8658280922431866,0.8649580838798953
3,0.8876050420168067,0.887981560235195,0.8616352201257862,0.8624261212514408
4,0.907563025210084,0.907891480115874,0.8784067085953878,0.876194158163797
5,0.9385504201680672,0.9387372463856659,0.8574423480083857,0.8562309205928869
6,0.9485294117647058,0.9485418166154115,0.8532494758909853,0.8534312934978862
7,0.9684873949579832,0.9685025042786627,0.8553459119496856,0.8561166297015353
8,0.960609243697479,0.9606867536914359,0.8406708595387841,0.8415611085675424
9,0.9753151260504201,0.9753582182767628,0.8679245283018868,0.8681979434010454
10,0.9800420168067226,0.9800609522965569,0.8469601677148847,0.845893075655967
11,0.9879201680672269,0.9879302232495741,0.8679245283018868,0.8667323686025271
12,0.9963235294117647,0.9963239736143091,0.8574423480083857,0.8552299468024412
13,0.9884453781512605,0.9884481629136637,0.8553459119496856,0.8552977054290993
14,0.9852941176470589,0.9853011686633759,0.859538784067086,0.859183071876815
15,0.9873949579831933,0.9873918878758596,0.8406708595387841,0.8414224120881295
