epoch,train_accuracy,train_f1_score,val_accuracy,val_f1_score
1,0.22752808988764045,0.25088938571683356,0.21348314606741572,0.2000131349306713
2,0.32303370786516855,0.3348219154647349,0.16853932584269662,0.14531709576865395
3,0.30337078651685395,0.338235889050679,0.550561797752809,0.5891611544178139
4,0.601123595505618,0.5918675607269288,0.5955056179775281,0.5520463057541709
5,0.5730337078651685,0.6224106528079241,0.6966292134831461,0.6691215812167564
6,0.7528089887640449,0.7528032775704273,0.6179775280898876,0.682120065463147
7,0.7696629213483146,0.783084834034731,0.6853932584269663,0.7450672211850771
8,0.7471910112359551,0.7686998761812357,0.797752808988764,0.7767164857969284
9,0.797752808988764,0.814670905853236,0.7640449438202247,0.7744006627660124
10,0.848314606741573,0.8571049597399364,0.7303370786516854,0.7541949291496228
11,0.8876404494382022,0.8915023411166308,0.6966292134831461,0.7305280164500257
12,0.901685393258427,0.90759054913059,0.6966292134831461,0.7278881935301579
13,0.9382022471910112,0.9405488351420894,0.7752808988764045,0.7838856196041294
14,0.9550561797752809,0.9571476262983553,0.7528089887640449,0.7664686531133884
15,0.9691011235955056,0.9692343516904866,0.7865168539325843,0.7847703214674466
