epoch,train_accuracy,train_f1_score,val_accuracy,val_f1_score
1,0.2912280701754386,0.32857574263535483,0.4225352112676056,0.2619718309859155
2,0.3298245614035088,0.33169178069359556,0.352112676056338,0.3516092950911582
3,0.45614035087719296,0.42602758084658304,0.5774647887323944,0.5158953722334004
4,0.5473684210526316,0.5279585534964893,0.5915492957746479,0.5782405663930106
5,0.6385964912280702,0.6474255311688437,0.676056338028169,0.6394220940616964
6,0.7649122807017544,0.7462958673596497,0.6197183098591549,0.6436585615387239
7,0.8140350877192982,0.8165262639954309,0.6197183098591549,0.6372311079281715
8,0.7929824561403509,0.8145467631783422,0.704225352112676,0.6929949490541071
9,0.8912280701754386,0.8946478376941903,0.676056338028169,0.6900905432595573
10,0.9333333333333333,0.9345021438995506,0.704225352112676,0.6694229780304545
11,0.9543859649122807,0.9547901178009189,0.7323943661971831,0.7163732394366197
12,0.9754385964912281,0.9755450025059311,0.7464788732394366,0.7317366264492571
13,0.9894736842105263,0.9894997860215007,0.7464788732394366,0.7359663536776212
14,0.9929824561403509,0.9930776703401335,0.7323943661971831,0.6994901225535028
15,0.9964912280701754,0.9965022732782117,0.7183098591549296,0.6973304760690842
