epoch,train_accuracy,train_f1_score,val_accuracy,val_f1_score
1,0.2247191011235955,0.2530979105272015,0.4943820224719101,0.3796479890333162
2,0.4044943820224719,0.43242116425046434,0.47191011235955055,0.4581819541389752
3,0.6348314606741573,0.6382585291401194,0.5393258426966292,0.4949907666500556
4,0.6320224719101124,0.6681616487647558,0.6067415730337079,0.6088954154415805
5,0.7331460674157303,0.7499288508981097,0.6404494382022472,0.5912935077487451
6,0.800561797752809,0.8031193198342925,0.6741573033707865,0.6863238448169049
7,0.8567415730337079,0.8710848027734436,0.651685393258427,0.667636352175489
8,0.9157303370786517,0.9202730588792762,0.5730337078651685,0.6055647951715367
9,0.9269662921348315,0.9326707778446491,0.6629213483146067,0.6653907889862946
10,0.9634831460674157,0.9641417972061164,0.5842696629213483,0.5618636528386438
11,0.9719101123595506,0.971957561699372,0.6404494382022472,0.6358321938846283
12,0.8904494382022472,0.8954911110356188,0.6067415730337079,0.5684334548577884
13,0.6151685393258427,0.6476200076077687,0.6853932584269663,0.6402304201734315
14,0.8202247191011236,0.8358864975758812,0.6629213483146067,0.655135962059563
15,0.8848314606741573,0.8872405501988552,0.6853932584269663,0.6901571452133249
