epoch,train_accuracy,train_f1_score,val_accuracy,val_f1_score
1,0.20350877192982456,0.21866474611123957,0.028169014084507043,0.0015435076210688792
2,0.312280701754386,0.343705221054796,0.38028169014084506,0.38191555347120315
3,0.49473684210526314,0.48847214561500285,0.5633802816901409,0.5187457192313918
4,0.49122807017543857,0.47548216046094405,0.4225352112676056,0.494798200970529
5,0.5929824561403508,0.6356741063135434,0.704225352112676,0.698937835403582
6,0.7719298245614035,0.7730518638887001,0.5633802816901409,0.6563750317999953
7,0.7859649122807018,0.8099138040933707,0.8309859154929577,0.8078141576733125
8,0.8526315789473684,0.8620250842580911,0.8169014084507042,0.8233959311424099
9,0.9192982456140351,0.9208364519616985,0.8169014084507042,0.8177972499184558
10,0.9508771929824561,0.9516807530683867,0.8309859154929577,0.814274536105522
11,0.9789473684210527,0.9794439932325635,0.7464788732394366,0.7551181599400324
12,1.0,1.0,0.8450704225352113,0.8248465149873601
13,1.0,1.0,0.8169014084507042,0.810003116698081
14,1.0,1.0,0.8309859154929577,0.8229685807150595
15,1.0,1.0,0.8309859154929577,0.8024088587468869
