epoch,train_accuracy,train_f1_score,val_accuracy,val_f1_score
1,0.6997375328083989,0.700852863234643,0.8613445378151261,0.8623365802200045
2,0.8771653543307086,0.8774804398656448,0.8697478991596639,0.8696328439362495
3,0.9065616797900262,0.9066656118660829,0.865546218487395,0.865546218487395
4,0.94750656167979,0.9475419887525174,0.8487394957983193,0.8500448723178592
5,0.958005249343832,0.9580519603892508,0.8382352941176471,0.8391949717928477
6,0.9732283464566929,0.9732552221573718,0.8613445378151261,0.86096040809941
7,0.9900262467191601,0.9900296404130137,0.8697478991596639,0.8695125746775675
8,0.9931758530183727,0.9931781750194305,0.8592436974789915,0.8600787416898804
9,0.9884514435695538,0.9884540705086784,0.865546218487395,0.8647520083541915
10,0.9784776902887139,0.9785039497615615,0.8550420168067226,0.8537653338154939
11,0.9884514435695538,0.988459237525554,0.8445378151260504,0.8456501050951566
12,0.9958005249343832,0.9958024248999626,0.8634453781512605,0.8633857475861256
13,1.0,1.0,0.8592436974789915,0.8596351031794272
14,1.0,1.0,0.8634453781512605,0.8635036526185451
15,1.0,1.0,0.865546218487395,0.865659644139346
