epoch,train_accuracy,train_f1_score,val_accuracy,val_f1_score
1,0.6341207349081365,0.6376640741340222,0.8361344537815126,0.8373130502200881
2,0.841994750656168,0.8425806884387509,0.8508403361344538,0.8518924260206945
3,0.8771653543307086,0.8774370811669685,0.8970588235294118,0.8977632514943111
4,0.884514435695538,0.884931672787802,0.9012605042016807,0.9016291836103895
5,0.9102362204724409,0.9104064332434073,0.9096638655462185,0.9095535559356486
6,0.9228346456692913,0.9231060233015841,0.8928571428571429,0.8913282272596983
7,0.9385826771653544,0.9386180861478981,0.8991596638655462,0.8995646671151499
8,0.9548556430446195,0.9549460289175046,0.8823529411764706,0.8811947180655488
9,0.9774278215223097,0.9774559832274455,0.8907563025210085,0.8901641957596047
10,0.9805774278215224,0.9805841831656376,0.8865546218487395,0.8851582147993758
11,0.9884514435695538,0.9884487293032039,0.8928571428571429,0.8930543696696005
12,0.9931758530183727,0.9931766484907661,0.8886554621848739,0.8891907362172982
13,0.9937007874015747,0.9937022519899096,0.8865546218487395,0.887180239742956
14,0.9805774278215224,0.980610106710841,0.8991596638655462,0.8979184131550006
15,0.9931758530183727,0.9931813310217301,0.8907563025210085,0.8904798274943779
