epoch,train_accuracy,train_f1_score,val_accuracy,val_f1_score
1,0.23876404494382023,0.24952567176505194,0.5393258426966292,0.445265452083201
2,0.34831460674157305,0.3373083584138818,0.7415730337078652,0.6699672718934356
3,0.5786516853932584,0.5668396954712968,0.5842696629213483,0.6558859715167494
4,0.6713483146067416,0.6892725153995404,0.7191011235955056,0.7100465077993168
5,0.7668539325842697,0.7747557092871853,0.8426966292134831,0.8587805141705295
6,0.7949438202247191,0.8004157855324643,0.8089887640449438,0.8227125180544086
7,0.851123595505618,0.8631543321219383,0.8539325842696629,0.8751862369839898
8,0.8848314606741573,0.891249058489614,0.8314606741573034,0.8600039592453167
9,0.9438202247191011,0.9464993355080344,0.8539325842696629,0.8590422685928304
10,0.9410112359550562,0.9431691356577074,0.8202247191011236,0.8433776832667605
11,0.9634831460674157,0.9645192511959937,0.8426966292134831,0.8580380756652171
12,0.9859550561797753,0.9859765681325525,0.8314606741573034,0.862967244989717
13,1.0,1.0,0.8426966292134831,0.855480303789056
14,0.9943820224719101,0.9945136270565353,0.8314606741573034,0.8448058980125527
15,1.0,1.0,0.8426966292134831,0.8506051006221939
