epoch,train_accuracy,train_f1_score,val_accuracy,val_f1_score
1,0.6650918635170604,0.66713783379766,0.8067226890756303,0.8046800993124522
2,0.862992125984252,0.8632647251105942,0.8256302521008403,0.8278109768044469
3,0.8834645669291339,0.8838188639209137,0.8571428571428571,0.8558255794807011
4,0.8955380577427822,0.8957664291038131,0.8571428571428571,0.8568497840584226
5,0.9149606299212598,0.9151382108473924,0.8592436974789915,0.8601238475188056
6,0.9301837270341208,0.9303499058351816,0.8277310924369747,0.8298410253600929
7,0.9464566929133859,0.9465030053397309,0.8277310924369747,0.8298634393481847
8,0.9585301837270341,0.9585704211070766,0.8508403361344538,0.8507661470088043
9,0.9595800524934384,0.9596192712056316,0.842436974789916,0.8433110917991851
10,0.9847769028871391,0.9847819115473219,0.8382352941176471,0.83913272091383
11,0.9931758530183727,0.9931795739006098,0.8445378151260504,0.8440497077952059
12,0.9979002624671915,0.9979007243407588,0.8487394957983193,0.8484291831206829
13,0.9963254593175853,0.996326668304526,0.8445378151260504,0.8438739818429479
14,0.9937007874015747,0.993702173022276,0.8445378151260504,0.8455624839510861
15,0.988976377952756,0.9889775938042488,0.8466386554621849,0.8473753222899264
