epoch,train_accuracy,train_f1_score,val_accuracy,val_f1_score
1,0.2771929824561403,0.29975690264153876,0.6619718309859155,0.5394366197183099
2,0.28771929824561404,0.3119436708246898,0.5633802816901409,0.6079229914846355
3,0.5614035087719298,0.5478368564045665,0.7464788732394366,0.7691092006584964
4,0.7192982456140351,0.7305018912288263,0.7183098591549296,0.7364632237871674
5,0.8210526315789474,0.826255028729285,0.704225352112676,0.7474898365706483
6,0.8140350877192982,0.8248790964580438,0.6197183098591549,0.7009848089660295
7,0.8947368421052632,0.8984635799079135,0.7323943661971831,0.7622401073105298
8,0.9228070175438596,0.9253272517409605,0.7746478873239436,0.7887323943661971
9,0.9438596491228071,0.9448220042342576,0.7605633802816901,0.7933646322378717
10,0.9719298245614035,0.9721627173329779,0.8028169014084507,0.8221596244131456
11,0.9789473684210527,0.9790871936482322,0.7746478873239436,0.7993974101016355
12,0.9859649122807017,0.9862360142494078,0.6901408450704225,0.747859707263187
13,0.9649122807017544,0.965560671578655,0.7464788732394366,0.7783346543909925
14,0.9824561403508771,0.9831789858105646,0.7887323943661971,0.8026533393911858
15,0.9894736842105263,0.9896963196167546,0.8028169014084507,0.8202094618996029
