epoch,train_accuracy,train_f1_score,val_accuracy,val_f1_score
1,0.6287458379578247,0.6397189117023145,0.7835738068812431,0.7757905725144798
2,0.7744173140954494,0.7828431921103691,0.7980022197558269,0.8009471642757398
3,0.8041065482796892,0.8116916117971256,0.7891231964483907,0.7932308280870997
4,0.814927857935627,0.8207767899175318,0.7702552719200888,0.7798476487205083
5,0.8385127635960045,0.8437088569461615,0.7846836847946725,0.7871043419437924
6,0.8809655937846836,0.8836220508566872,0.7680355160932297,0.7719657238035968
7,0.9095449500554939,0.9109198060973723,0.7314095449500555,0.7486570058269763
8,0.9367369589345172,0.9376173814711921,0.7713651498335183,0.7749701372534176
9,0.9578246392896781,0.9581709104904196,0.7802441731409545,0.7743889141418786
10,0.9630965593784684,0.9633352918250343,0.7669256381798002,0.7664247881915386
11,0.9700332963374029,0.9702071515127821,0.7724750277469479,0.7636829336589077
