epoch,train_accuracy,train_f1_score,val_accuracy,val_f1_score
1,0.5718645948945617,0.5861417220952619,0.7702552719200888,0.7745312972343668
2,0.7577691453940066,0.7678444253442079,0.7680355160932297,0.7731736240927533
3,0.8188124306326304,0.824887541240727,0.7869034406215316,0.7897202243584475
4,0.8562708102108768,0.860387698976556,0.779134295227525,0.7841211439344413
5,0.9070477247502775,0.9088791126901005,0.7835738068812431,0.7838344744803001
6,0.9492230854605993,0.9498892415594966,0.7624861265260822,0.763007438461975
7,0.9608768035516093,0.961130950464135,0.7669256381798002,0.7714146840831125
8,0.9764150943396226,0.9765765407093611,0.7647058823529411,0.7706693951534055
9,0.9844617092119867,0.9844977244185228,0.7480577136514983,0.7641653619235915
10,0.9872364039955605,0.9872701147787593,0.7880133185349611,0.7906961109191855
11,0.9897336293007769,0.9897479090075711,0.7846836847946725,0.7762540727164813
12,0.9836293007769146,0.9837104272449204,0.7691453940066593,0.7524210695061025
13,0.9864039955604883,0.9864185822933907,0.7957824639289678,0.7940298415349608
14,0.9894561598224195,0.9894727859227207,0.753607103218646,0.7618559724589067
15,0.9875138734739178,0.9875407199722593,0.7458379578246392,0.7610071113590016
16,0.9925083240843507,0.9925162704211923,0.779134295227525,0.7774604238507637
17,0.9897336293007769,0.9897506453893291,0.779134295227525,0.7764567619393044
18,0.9886237513873474,0.9886517570465284,0.7769145394006659,0.7730379051957843
19,0.9991675915649278,0.9991675699604596,0.7891231964483907,0.7840888180914408
20,0.9816870144284129,0.9817573602027186,0.7758046614872364,0.7680550670959078
21,0.9911209766925638,0.991151303144876,0.7758046614872364,0.7760462410683582
22,0.9927857935627081,0.9927944256455749,0.7425083240843507,0.7393571236452089
