epoch,train_accuracy,train_f1_score,val_accuracy,val_f1_score
1,0.5799112097669257,0.5933062860164627,0.758046614872364,0.7665355149743491
2,0.7713651498335183,0.7798967145283622,0.7680355160932297,0.7576226810402935
3,0.8063263041065483,0.8126368378948051,0.7735849056603774,0.7731979182124995
4,0.8623751387347391,0.8662791027097811,0.7702552719200888,0.7739066790791465
5,0.9095449500554939,0.9111992270187849,0.7658157602663707,0.755570271885505
6,0.9414539400665927,0.941999128640541,0.7402885682574917,0.7446723226836409
7,0.9561598224195339,0.9564740890596894,0.7735849056603774,0.7680845963810733
8,0.9794672586015538,0.9795426763171341,0.7658157602663707,0.7609698891675951
9,0.9728079911209767,0.9729369795494758,0.7258601553829079,0.7321352968544663
10,0.9739178690344062,0.9740430481361041,0.7480577136514983,0.745517869629239
11,0.9800221975582686,0.9800891305358542,0.758046614872364,0.7537386809583076
12,0.9905660377358491,0.9905708137183671,0.758046614872364,0.7573494136404862
