epoch,train_accuracy,train_f1_score,val_accuracy,val_f1_score
1,0.3615007012622721,0.3596119790309651,0.5960729312762973,0.5910670959533242
2,0.5659186535764376,0.5624258885896581,0.6016830294530154,0.5997821415130418
3,0.6048387096774194,0.6050951477731493,0.5806451612903226,0.552669919290355
4,0.6507713884992987,0.6512394993167668,0.5582047685834503,0.5238518559973298
5,0.6949509116409537,0.6950534972855376,0.6100981767180925,0.6069698604707603
6,0.7629733520336606,0.7635973688893841,0.5806451612903226,0.5780826757502108
7,0.8260869565217391,0.826892292965805,0.5624123422159888,0.5548987137595849
8,0.8776297335203366,0.8780048110888397,0.541374474053296,0.5138079985036945
9,0.9074333800841514,0.9075721552340534,0.5680224403927069,0.5637297629494594
10,0.9519635343618513,0.9520659469791961,0.5890603085553997,0.5834299435096428
11,0.9642356241234221,0.9642296257800427,0.573632538569425,0.5732602695240081
12,0.9817671809256662,0.981782969034231,0.5596072931276297,0.5473764851311821
13,0.9779102384291725,0.9779087074663497,0.576437587657784,0.574505326542357
14,0.9723001402524544,0.97228709632387,0.5778401122019635,0.5774051964129332
