epoch,train_accuracy,train_f1_score,val_accuracy,val_f1_score
1,0.43899018232819076,0.4352654238708758,0.6199158485273493,0.6096118400780685
2,0.5974754558204769,0.5960652444810046,0.6044880785413744,0.6109468160340755
3,0.6539270687237027,0.6534715840114823,0.5469845722300141,0.5302848184088881
4,0.7191444600280504,0.7199977877398357,0.6269284712482468,0.6331584998797153
5,0.8071528751753155,0.8077291992149606,0.6072931276297335,0.6082403841839562
6,0.8741234221598878,0.8746613584192783,0.5974754558204769,0.6017380046118609
7,0.9221598877980365,0.922536341497077,0.5974754558204769,0.6005882121333915
8,0.9438990182328191,0.9440950981162645,0.5946704067321178,0.5961181925407057
9,0.9649368863955119,0.9649623053894087,0.5876577840112202,0.5969725870984722
10,0.9754558204768583,0.9754646479098309,0.5946704067321178,0.6020167535985835
11,0.967391304347826,0.9674265220596506,0.603085553997195,0.5980195827961124
12,0.9877279102384292,0.9877488964909834,0.6044880785413744,0.5955639825924234
13,0.9887798036465638,0.9887849114250259,0.5974754558204769,0.5995649213994708
