epoch,train_accuracy,train_f1_score,val_accuracy,val_f1_score
1,0.4274193548387097,0.42396179201013096,0.5680224403927069,0.5294786503804764
2,0.5908134642356241,0.5888899283166877,0.5427769985974754,0.5314610323189926
3,0.6377980364656382,0.6382674479410267,0.573632538569425,0.5826618648081722
4,0.6826788218793829,0.6832814705310837,0.5652173913043478,0.5656029375105535
5,0.7594670406732118,0.7602642577922423,0.5469845722300141,0.5521162856569017
6,0.8082047685834503,0.8097835217457876,0.5245441795231417,0.5070512801106327
7,0.855890603085554,0.8566043835827848,0.5778401122019635,0.5768935223327296
8,0.9007713884992987,0.9014110255689577,0.5862552594670407,0.5870137439700339
9,0.9291725105189341,0.9292809713040897,0.5596072931276297,0.5641909936430883
10,0.9642356241234221,0.9642856082787736,0.5666199158485273,0.5599881970695224
11,0.9561711079943899,0.9562562854586499,0.5511921458625526,0.5623060595200134
12,0.9638849929873773,0.9639552197506113,0.5582047685834503,0.5454757505753467
13,0.9656381486676017,0.9656783198627819,0.5455820476858345,0.5376475695275382
14,0.9772089761570828,0.9772269229161209,0.5582047685834503,0.5530636540303335
15,0.9726507713884993,0.9726410865401387,0.544179523141655,0.5532994056238435
16,0.9926367461430575,0.9926463831413825,0.5848527349228612,0.5779277842701837
17,0.9943899018232819,0.994391622788312,0.5455820476858345,0.5499982614615379
