epoch,train_accuracy,train_f1_score,val_accuracy,val_f1_score
1,0.49019607843137253,0.37697466495817755,0.5280898876404494,0.44834865509022814
2,0.5826330532212886,0.5539010725607976,0.550561797752809,0.4768871533832861
3,0.6274509803921569,0.6261437438723636,0.5730337078651685,0.5981434177071983
4,0.7703081232492998,0.7685773028830031,0.6966292134831461,0.69839074782895
5,0.8263305322128851,0.8314152721228121,0.7528089887640449,0.7303125994467699
6,0.8823529411764706,0.8833916643999,0.651685393258427,0.6725757611803281
7,0.938375350140056,0.9390718543327194,0.7303370786516854,0.7262822110032583
8,0.9439775910364145,0.9444068363645042,0.7528089887640449,0.7698694185979815
9,0.969187675070028,0.9695341769493612,0.7752808988764045,0.7598605081260748
10,0.9719887955182073,0.972144168312838,0.7303370786516854,0.7328773726161028
11,0.9775910364145658,0.9776673293488508,0.7865168539325843,0.7732594319020729
12,0.9831932773109243,0.9832666079003429,0.7752808988764045,0.763104412807661
13,0.9831932773109243,0.9831618784537048,0.7640449438202247,0.7533424128929748
14,0.9831932773109243,0.9832301682951707,0.7640449438202247,0.7533424128929748
15,0.9831932773109243,0.9832301682951707,0.7528089887640449,0.7376950091320287
16,0.9831932773109243,0.983193778072657,0.7640449438202247,0.7533424128929748
17,0.9859943977591037,0.9860037570556326,0.7640449438202247,0.7453533928087794
18,0.988795518207283,0.9887471685187118,0.7640449438202247,0.7453533928087794
19,0.9859943977591037,0.9859645901832957,0.7528089887640449,0.7376950091320287
20,0.9859943977591037,0.9860320924150712,0.7640449438202247,0.7453533928087794
21,0.988795518207283,0.9888044514910187,0.7640449438202247,0.7410060531568862
22,0.988795518207283,0.9888677075747881,0.7640449438202247,0.7410060531568862
23,0.9831932773109243,0.9832892703615206,0.7640449438202247,0.7410060531568862
24,0.9859943977591037,0.986113690352928,0.7640449438202247,0.7410060531568862
25,0.988795518207283,0.9888677075747881,0.7640449438202247,0.7410060531568862
26,0.988795518207283,0.9888677075747881,0.7640449438202247,0.7410060531568862
27,0.988795518207283,0.9888677075747881,0.7640449438202247,0.7410060531568862
28,0.988795518207283,0.9888677075747881,0.7640449438202247,0.7410060531568862
29,0.988795518207283,0.9888677075747881,0.7640449438202247,0.7410060531568862
30,0.9915966386554622,0.9916571664846393,0.7640449438202247,0.7410060531568862
