epoch,train_accuracy,train_f1_score,val_accuracy,val_f1_score
1,0.39775910364145656,0.36284164586803275,0.5280898876404494,0.5073817718082002
2,0.6274509803921569,0.6221807950425408,0.5955056179775281,0.5617539479159822
3,0.7058823529411765,0.6955943263794446,0.6179775280898876,0.627352642243667
4,0.7338935574229691,0.7497640163520843,0.7078651685393258,0.7028420107504596
5,0.8627450980392157,0.8642593455427682,0.6853932584269663,0.6962588371931956
6,0.8907563025210085,0.8920847055289274,0.7303370786516854,0.7379191562386481
7,0.9047619047619048,0.9070064687085965,0.6966292134831461,0.6885961608518115
8,0.9187675070028011,0.9195439368479142,0.6741573033707865,0.6842398089344841
9,0.9047619047619048,0.905495396671929,0.6966292134831461,0.6932248944235552
10,0.907563025210084,0.9090073369322823,0.6292134831460674,0.6279899542627012
11,0.927170868347339,0.9331353512515672,0.7303370786516854,0.7047523699870031
12,0.9327731092436975,0.9347423722546279,0.6741573033707865,0.6968262462300386
13,0.9439775910364145,0.9457902064155813,0.7191011235955056,0.7146641410880078
14,0.9551820728291317,0.9559977415623783,0.7415730337078652,0.7350954118648225
15,0.957983193277311,0.9583891888569626,0.7303370786516854,0.7213903493313267
