epoch,train_accuracy,train_f1_score,val_accuracy,val_f1_score
1,0.40896358543417366,0.37149911333332003,0.5168539325842697,0.39237791905225333
2,0.6610644257703081,0.6254429801713839,0.7303370786516854,0.7028198974582742
3,0.7787114845938375,0.7682073280724573,0.6966292134831461,0.6732087665259862
4,0.803921568627451,0.8060216368012982,0.3146067415730337,0.37669615662641615
5,0.7338935574229691,0.749402642256583,0.6404494382022472,0.6465932486440282
6,0.7759103641456583,0.7919270609104108,0.651685393258427,0.6719492620287358
7,0.8627450980392157,0.8726661757747363,0.6741573033707865,0.7045014122483075
8,0.84593837535014,0.858327892884599,0.797752808988764,0.7951017904505918
9,0.8711484593837535,0.8816371030290803,0.7752808988764045,0.7854995642511701
10,0.9159663865546218,0.9188949039469803,0.7865168539325843,0.7817227176538676
11,0.9327731092436975,0.9343910486736604,0.7752808988764045,0.7577184252513347
12,0.938375350140056,0.9406461155291954,0.7865168539325843,0.7708153873431148
13,0.957983193277311,0.959014786362974,0.7528089887640449,0.7487511096165911
14,0.9635854341736695,0.964052131300058,0.7640449438202247,0.7575784974302876
15,0.9747899159663865,0.9754490438423445,0.7528089887640449,0.7533222767728023
16,0.9803921568627451,0.9806949992886436,0.7752808988764045,0.756961042315556
17,0.9859943977591037,0.9860886089296602,0.7528089887640449,0.750359073102196
18,0.988795518207283,0.9889196134294175,0.7640449438202247,0.7570558487983813
19,0.9943977591036415,0.9943995954660545,0.7640449438202247,0.7570558487983813
20,0.9971988795518207,0.9972066751110176,0.7752808988764045,0.7637943295893542
21,0.9943977591036415,0.9943977591036415,0.7752808988764045,0.7637943295893542
22,0.9971988795518207,0.9972066751110176,0.7752808988764045,0.7637943295893542
23,0.9943977591036415,0.9944458834634053,0.7752808988764045,0.7637943295893542
24,0.9943977591036415,0.9943995954660545,0.7752808988764045,0.7637943295893542
25,0.9943977591036415,0.9944458834634053,0.7640449438202247,0.7562386004539821
26,0.9971988795518207,0.9972066751110176,0.7640449438202247,0.7570558487983813
27,0.988795518207283,0.9888127922379597,0.7752808988764045,0.7603026965936531
