epoch,train_accuracy,train_f1_score,val_accuracy,val_f1_score
1,0.3165266106442577,0.3288395523914607,0.4157303370786517,0.36597110754414125
2,0.5742296918767507,0.5654765979860971,0.5617977528089888,0.5046323674354425
3,0.7058823529411765,0.702420715623353,0.651685393258427,0.6192189719746868
4,0.8123249299719888,0.8065842799871796,0.6741573033707865,0.666407199079486
5,0.8235294117647058,0.8272624041390889,0.6966292134831461,0.6810676881973037
6,0.9103641456582633,0.911546044792836,0.6741573033707865,0.6749557035082482
7,0.9439775910364145,0.9445177321871784,0.7191011235955056,0.7278317404807653
8,0.9635854341736695,0.9639691323062091,0.7191011235955056,0.7046574764525219
9,0.988795518207283,0.9887847416744475,0.6741573033707865,0.6683574492216593
10,0.9719887955182073,0.9720036573160094,0.6853932584269663,0.7012225149185528
11,0.9803921568627451,0.981131726945604,0.7078651685393258,0.7054636147586602
12,0.9943977591036415,0.9944603230438628,0.7303370786516854,0.7215978193405319
13,1.0,1.0,0.7078651685393258,0.7089056253724657
14,1.0,1.0,0.7078651685393258,0.7089056253724657
15,1.0,1.0,0.7078651685393258,0.7054636147586602
16,1.0,1.0,0.7191011235955056,0.7118263999135802
17,1.0,1.0,0.7191011235955056,0.7118263999135802
18,1.0,1.0,0.7078651685393258,0.7054636147586602
19,1.0,1.0,0.7078651685393258,0.7054636147586602
20,1.0,1.0,0.7078651685393258,0.7054636147586602
