epoch,train_accuracy,train_f1_score,val_accuracy,val_f1_score
1,0.34173669467787116,0.3519733715030957,0.48314606741573035,0.4449438202247191
2,0.5826330532212886,0.5724918638274169,0.5617977528089888,0.571173707999929
3,0.7226890756302521,0.6980727537072624,0.6741573033707865,0.6352604698672115
4,0.7759103641456583,0.7727942162997119,0.6629213483146067,0.695310283666158
5,0.865546218487395,0.8611768280861011,0.6067415730337079,0.632400951379945
6,0.9047619047619048,0.9077677348324305,0.6966292134831461,0.6965225188479828
7,0.938375350140056,0.9380052933482358,0.7528089887640449,0.7541544177322489
8,0.9495798319327731,0.9500658544219981,0.7078651685393258,0.70209455741088
9,0.9747899159663865,0.9749165113208388,0.7415730337078652,0.730972302858509
10,0.9831932773109243,0.9830693713759667,0.7415730337078652,0.7348341454901802
11,0.8935574229691877,0.8964238805463898,0.6629213483146067,0.6576045677169273
12,0.927170868347339,0.9266733803852308,0.7415730337078652,0.735692824161186
13,0.9551820728291317,0.9562684794700664,0.7865168539325843,0.7865359864559239
14,0.9831932773109243,0.9832392860525854,0.7640449438202247,0.7517757974945112
15,0.9915966386554622,0.991634725005688,0.7752808988764045,0.759542586703852
16,0.988795518207283,0.9888130395635467,0.797752808988764,0.7785267462477558
17,0.9915966386554622,0.9916124060279938,0.797752808988764,0.7785267462477558
18,0.9971988795518207,0.9971908765443177,0.797752808988764,0.7785267462477558
19,0.9971988795518207,0.9971908765443177,0.797752808988764,0.7785267462477558
20,0.9971988795518207,0.9971908765443177,0.797752808988764,0.7785267462477558
