epoch,train_accuracy,train_f1_score,val_accuracy,val_f1_score
1,0.3137254901960784,0.32986321995735246,0.4606741573033708,0.3805793217194104
2,0.6106442577030813,0.5584334892750775,0.6067415730337079,0.5616993805622589
3,0.7170868347338936,0.718467913264961,0.5730337078651685,0.5766839702651321
4,0.7675070028011205,0.7793014635092974,0.6629213483146067,0.6625234663246625
5,0.896358543417367,0.8987874858796757,0.651685393258427,0.6645465239493425
6,0.9299719887955182,0.9319500779379062,0.7191011235955056,0.7170860732839711
7,0.9467787114845938,0.9481432829720343,0.7078651685393258,0.7122180268981222
8,0.9775910364145658,0.9778479997983373,0.6629213483146067,0.6851564221194096
9,0.9355742296918768,0.9420185251151754,0.6741573033707865,0.7016308528480812
10,0.9747899159663865,0.9754101704810989,0.6853932584269663,0.7073380868539255
11,0.9831932773109243,0.9838549179411166,0.7415730337078652,0.7249778871377194
12,0.9943977591036415,0.9944639743979238,0.7303370786516854,0.7098469325832181
13,0.9943977591036415,0.9944639743979238,0.7191011235955056,0.7007444418289558
14,0.9943977591036415,0.9944639743979238,0.7191011235955056,0.7007444418289558
15,0.9943977591036415,0.9944639743979238,0.7191011235955056,0.7007444418289558
16,0.9943977591036415,0.9944639743979238,0.7191011235955056,0.7007444418289558
17,0.9943977591036415,0.9944639743979238,0.7191011235955056,0.7007444418289558
18,0.9915966386554622,0.9916519453309779,0.7078651685393258,0.6853333931985618
19,0.9915966386554622,0.9916533989482317,0.7191011235955056,0.7007444418289558
20,0.9915966386554622,0.9916533989482317,0.7078651685393258,0.6853333931985618
