epoch,train_accuracy,train_f1_score,val_accuracy,val_f1_score
1,0.7639612807148176,0.750463504828281,0.9047619047619048,0.8834804708400215
2,0.9106478034251675,0.9049827806345483,0.9166666666666666,0.922235791308139
3,0.9389426656738645,0.9435643574548853,0.9166666666666666,0.9254378625575639
4,0.9374534623976173,0.9438407921365862,0.9375,0.9424619073578979
5,0.9545793000744601,0.95791330283028,0.9523809523809523,0.9528512244285758
6,0.9664929262844378,0.9684939715978189,0.9375,0.9376296446608947
7,0.9806403574087863,0.9814413610567085,0.9434523809523809,0.940939560307781
8,0.9806403574087863,0.9814507000782717,0.9494047619047619,0.9443912578581568
9,0.9880863737900223,0.9882952038723392,0.9434523809523809,0.9429797025637671
10,0.992553983618764,0.9925927867420132,0.9404761904761905,0.9384959399695978
11,0.9932985852568875,0.9933103683926352,0.9434523809523809,0.9410353300722571
12,0.9955323901712584,0.9955450727508441,0.9464285714285714,0.9446623023074927
13,0.996276991809382,0.9962814436290833,0.9464285714285714,0.9442105513534084
14,0.996276991809382,0.9962799090532645,0.9434523809523809,0.9410353300722571
