epoch,train_accuracy,train_f1_score,val_accuracy,val_f1_score
1,0.6760982874162323,0.6631734380191171,0.9077380952380952,0.8827482544075694
2,0.913626209977662,0.9074613228678934,0.9166666666666666,0.9242415680687559
3,0.9314966492926284,0.9365390942593318,0.9196428571428571,0.9291288317078396
4,0.9374534623976173,0.9425264625848311,0.9166666666666666,0.9239798518411506
5,0.9389426656738645,0.9442167294794308,0.9553571428571429,0.9556271340918308
6,0.9650037230081906,0.9665076378097387,0.9375,0.9416775067750678
7,0.9746835443037974,0.9752391154332948,0.9494047619047619,0.9523095487745602
8,0.9828741623231572,0.9830848989628683,0.9494047619047619,0.9523095487745602
9,0.9880863737900223,0.9881063008620584,0.9434523809523809,0.9467701982401897
10,0.9910647803425168,0.9910670576653008,0.9553571428571429,0.9562457323648498
11,0.9910647803425168,0.9910736362251945,0.9583333333333334,0.9582236475492054
12,0.9947877885331348,0.994788456147213,0.9583333333333334,0.959282782880594
13,0.9970215934475056,0.9970230961604659,0.9553571428571429,0.9555580643195625
14,0.9970215934475056,0.9970230961604659,0.9583333333333334,0.9588771508603441
15,0.9977661950856291,0.9977670447200403,0.9613095238095238,0.961901883149093
16,0.9977661950856291,0.9977670447200403,0.9613095238095238,0.9615724860694966
17,0.9992553983618764,0.9992554937353161,0.9613095238095238,0.9615476991990901
18,0.9992553983618764,0.9992554937353161,0.9583333333333334,0.9582236475492054
19,0.9992553983618764,0.9992554937353161,0.9613095238095238,0.9615476991990901
20,0.9992553983618764,0.9992585033926611,0.9613095238095238,0.9607021558478761
21,0.9992553983618764,0.9992554937353161,0.9583333333333334,0.9583333333333334
22,1.0,1.0,0.9613095238095238,0.9615476991990901
23,1.0,1.0,0.9613095238095238,0.9612736087950098
24,1.0,1.0,0.9613095238095238,0.9615476991990901
