epoch,train_accuracy,train_f1_score,val_accuracy,val_f1_score
1,0.2951582867783985,0.39766098584264753,0.9144981412639405,0.9042844804926589
2,0.9134078212290503,0.9032375546798834,0.9330855018587361,0.9358986343131913
3,0.9320297951582868,0.9359268253694795,0.9219330855018587,0.9303532971717954
4,0.9329608938547486,0.9390615931636248,0.9368029739776952,0.9409885535224276
5,0.952513966480447,0.9550856252889333,0.9070631970260223,0.9201297114176568
6,0.9711359404096834,0.9720441398554235,0.9405204460966543,0.946932734389264
7,0.9767225325884544,0.9772660611119967,0.9553903345724907,0.9554522924411399
8,0.9832402234636871,0.9834123480794372,0.9628252788104089,0.9645702432666142
9,0.9860335195530726,0.9861542548677865,0.9591078066914498,0.9580303620258481
10,0.9897579143389199,0.9898434336041371,0.9479553903345725,0.9457689754386114
11,0.9916201117318436,0.9916309878134832,0.9591078066914498,0.9585067829268766
12,0.9972067039106145,0.9972062873839843,0.9479553903345725,0.9503896971510477
13,0.9981378026070763,0.9981410964136868,0.9591078066914498,0.9580303620258481
14,0.9990689013035382,0.9990690382377377,0.9516728624535316,0.9516246334182275
15,0.9990689013035382,0.9990687624613281,0.9516728624535316,0.9514575587602556
16,0.9990689013035382,0.9990690382377377,0.9553903345724907,0.9559693800738862
17,1.0,1.0,0.9479553903345725,0.9482157907919873
