epoch,train_accuracy,train_f1_score,val_accuracy,val_f1_score
1,0.7572598659717051,0.7640329040460793,0.9166666666666666,0.9112120782055699
2,0.9233060312732688,0.9231264828876882,0.8988095238095238,0.9156860179821574
3,0.9195830230826508,0.9283951362100273,0.9315476190476191,0.9372576036329696
4,0.9493670886075949,0.9525175815308606,0.9553571428571429,0.9550066584636554
5,0.960536113179449,0.9621478603955619,0.9434523809523809,0.944006916369351
6,0.9709605361131795,0.971650794960247,0.9583333333333334,0.9593185424952343
7,0.9784065524944154,0.9788234482336445,0.9345238095238095,0.9385897822109163
8,0.9836187639612807,0.9837342974385999,0.9613095238095238,0.9613769368130429
9,0.9895755770662695,0.9896187356006432,0.9613095238095238,0.9613769368130429
10,0.9918093819806404,0.9918306776686415,0.9613095238095238,0.9614187081335666
11,0.9918093819806404,0.9918491386505116,0.9613095238095238,0.9611221700402042
12,0.996276991809382,0.9962790597459079,0.9613095238095238,0.9610875736594879
13,0.9977661950856291,0.9977669402277254,0.9613095238095238,0.9610875736594879
14,0.9977661950856291,0.9977669402277254,0.9613095238095238,0.9610875736594879
15,0.9977661950856291,0.9977669402277254,0.9613095238095238,0.9610875736594879
16,0.9977661950856291,0.9977669402277254,0.9613095238095238,0.9610875736594879
17,0.9977661950856291,0.9977669402277254,0.9642857142857143,0.9637337793802904
18,0.9985107967237528,0.998511129812154,0.9642857142857143,0.9638623911027124
19,0.9992553983618764,0.9992554821128278,0.9642857142857143,0.964067772244464
20,0.9992553983618764,0.9992554821128278,0.9642857142857143,0.9637337793802904
21,0.9992553983618764,0.9992554821128278,0.9642857142857143,0.964067772244464
22,0.9992553983618764,0.9992554821128278,0.9642857142857143,0.9632689461923383
23,0.9977661950856291,0.9977664463384832,0.9732142857142857,0.9721323644319424
24,1.0,1.0,0.9672619047619048,0.9670174775247996
25,1.0,1.0,0.9672619047619048,0.9670174775247996
26,1.0,1.0,0.9672619047619048,0.9670174775247996
27,1.0,1.0,0.9672619047619048,0.9670174775247996
28,1.0,1.0,0.9672619047619048,0.9670174775247996
29,1.0,1.0,0.9672619047619048,0.96623541460564
30,1.0,1.0,0.9672619047619048,0.9670174775247996
31,1.0,1.0,0.9672619047619048,0.9670174775247996
32,1.0,1.0,0.9672619047619048,0.96623541460564
