epoch,train_accuracy,train_f1_score,val_accuracy,val_f1_score
1,0.5595903165735568,0.6550229448409302,0.9107806691449815,0.897731873301861
2,0.9087523277467412,0.9044952632910241,0.9368029739776952,0.9400725527354864
3,0.9376163873370578,0.937533513365954,0.9516728624535316,0.9550559292844284
4,0.9320297951582868,0.9395136883890696,0.9516728624535316,0.9535212213330404
5,0.9404096834264432,0.9458320284608317,0.9591078066914498,0.9609780622265773
6,0.9664804469273743,0.9677798295793553,0.9368029739776952,0.9452116330581114
7,0.9795158286778398,0.980029743811069,0.9628252788104089,0.9630238755913092
8,0.9860335195530726,0.9862972789127861,0.9553903345724907,0.9588809958479838
9,0.9804469273743017,0.9813529128497382,0.9628252788104089,0.9630238755913092
10,0.9906890130353817,0.9909040904411567,0.9591078066914498,0.9597635667400282
11,0.9878957169459963,0.988163550493377,0.9553903345724907,0.9559620840039875
12,0.9897579143389199,0.9898365205668649,0.966542750929368,0.9667769084142857
13,0.994413407821229,0.9944660537942349,0.9628252788104089,0.9634704431195378
14,0.9953445065176909,0.9954006096557545,0.966542750929368,0.9667769084142857
15,0.9981378026070763,0.9981378026070763,0.966542750929368,0.9667769084142857
16,0.9962756052141527,0.9963060286544627,0.9591078066914498,0.9597909319098908
17,0.9990689013035382,0.9990690541657733,0.9628252788104089,0.9630238755913092
18,0.9990689013035382,0.9990690541657733,0.9591078066914498,0.9597635667400282
19,0.9990689013035382,0.9990690541657733,0.9628252788104089,0.9630238755913092
20,0.9990689013035382,0.9990690541657733,0.9628252788104089,0.9635162623841865
21,1.0,1.0,0.9628252788104089,0.9630238755913092
