epoch,train_accuracy,train_f1_score,val_accuracy,val_f1_score
1,0.7894345238095238,0.7805125352747178,0.8955223880597015,0.8813716916905049
2,0.9084821428571429,0.9168203111743123,0.9164179104477612,0.9182411671916921
3,0.9255952380952381,0.9331775262427966,0.9194029850746268,0.9271556747926692
4,0.9285714285714286,0.9371230754082107,0.9522388059701492,0.9518408299748274
5,0.9605654761904762,0.963853854221634,0.9313432835820895,0.9369813570667733
6,0.9739583333333334,0.9754640719451567,0.9582089552238806,0.9580841916886959
7,0.9791666666666666,0.9801875802395905,0.9552238805970149,0.9547940622194003
8,0.984375,0.9846626502375518,0.9552238805970149,0.954771968594162
9,0.9895833333333334,0.9896658851079214,0.9582089552238806,0.9577849415847365
10,0.9925595238095238,0.9925981218973314,0.9522388059701492,0.9521739130434783
11,0.9947916666666666,0.994816546518912,0.9492537313432836,0.9468732194715599
12,0.9933035714285714,0.9933247511799079,0.9582089552238806,0.9577872991842523
13,0.9962797619047619,0.996280292367513,0.9611940298507463,0.9607611066936956
14,0.9970238095238095,0.9970273823019034,0.9582089552238806,0.957769793280669
15,0.9925595238095238,0.9927208809757292,0.9492537313432836,0.9483924582752693
16,0.9955357142857143,0.9955587167424207,0.9462686567164179,0.9466228598802864
17,0.9977678571428571,0.9977709044203875,0.9552238805970149,0.9536644304609357
18,0.9985119047619048,0.9985123271424456,0.9492537313432836,0.9477358205154518
19,0.9985119047619048,0.9985123271424456,0.9611940298507463,0.9602704839685404
20,0.9985119047619048,0.9985123271424456,0.9492537313432836,0.9485059383282743
21,0.9985119047619048,0.9985123271424456,0.9611940298507463,0.9602704839685404
22,0.9985119047619048,0.9985123271424456,0.9492537313432836,0.9483924582752693
