epoch,train_accuracy,train_f1_score,val_accuracy,val_f1_score
1,0.6182495344506518,0.6800786025606127,0.9107806691449815,0.8979539627339123
2,0.9301675977653632,0.9217400800978159,0.9182156133828996,0.9123277676735901
3,0.9543761638733705,0.9551716371637647,0.9033457249070632,0.8986149349075441
4,0.9497206703910615,0.9519867341869073,0.9330855018587361,0.9360538949456398
5,0.9683426443202979,0.9701165674923955,0.929368029739777,0.9293434969271401
6,0.9636871508379888,0.965166422912055,0.9330855018587361,0.9351744242667546
7,0.9767225325884544,0.9772863103357411,0.929368029739777,0.9314873941554604
8,0.9851024208566108,0.9854526449384604,0.9368029739776952,0.9374739699011074
9,0.9906890130353817,0.990780024218391,0.9368029739776952,0.9367517025738775
10,0.9906890130353817,0.9907441468893984,0.9256505576208178,0.9243179132136239
11,0.994413407821229,0.9944274798707659,0.9368029739776952,0.9350496060398101
12,0.9953445065176909,0.9953573777307614,0.9405204460966543,0.9411344717323724
13,0.9990689013035382,0.9990690535990038,0.9368029739776952,0.9336139612080624
14,0.9990689013035382,0.9990690535990038,0.9405204460966543,0.9399987342780931
15,0.9990689013035382,0.9990690535990038,0.9368029739776952,0.9350496060398101
16,0.9990689013035382,0.9990690535990038,0.9368029739776952,0.9350496060398101
17,0.9990689013035382,0.9990690535990038,0.9368029739776952,0.9350496060398101
18,0.9990689013035382,0.9990690535990038,0.9368029739776952,0.9350496060398101
19,1.0,1.0,0.9330855018587361,0.9302996335409192
20,1.0,1.0,0.9330855018587361,0.9302996335409192
21,1.0,1.0,0.9330855018587361,0.9298771514350401
