epoch,train_accuracy,train_f1_score,val_accuracy,val_f1_score
1,0.5041860465116279,0.6019868187027682,0.914179104477612,0.9159219330460646
2,0.8893023255813953,0.8968254828091659,0.9552238805970149,0.9546440565869584
3,0.9330232558139535,0.9363120127361471,0.9402985074626866,0.9413693466707002
4,0.9330232558139535,0.9386611482934446,0.9402985074626866,0.9459533004309123
5,0.9572093023255814,0.959469658234437,0.9589552238805971,0.9601039939192925
6,0.9711627906976744,0.9719088343773039,0.9514925373134329,0.9524098258706468
7,0.9748837209302326,0.9753526190336722,0.9514925373134329,0.9524098258706468
8,0.9823255813953489,0.982753238694592,0.9514925373134329,0.9516183288104929
9,0.9906976744186047,0.9907849031574917,0.9402985074626866,0.9395049046266644
10,0.9925581395348837,0.9925879105343627,0.9477611940298507,0.9480758820953059
11,0.9953488372093023,0.9953619590881547,0.9477611940298507,0.9480758820953059
12,0.9962790697674418,0.9962921916462942,0.9514925373134329,0.9517393659184705
13,0.9972093023255814,0.9972246390438579,0.9365671641791045,0.9358733709471606
14,0.9990697674418605,0.9990696003790125,0.9440298507462687,0.9442917241424703
