epoch,train_accuracy,train_f1_score,val_accuracy,val_f1_score
1,0.7587490692479524,0.7387933210718022,0.9315476190476191,0.9226894291683291
2,0.9180938198064036,0.9207434054155624,0.9285714285714286,0.9365455212701826
3,0.9203276247207743,0.9278791508003819,0.9523809523809523,0.9544529513279514
4,0.939687267311988,0.9440973292605924,0.9523809523809523,0.9520901661262448
5,0.9612807148175726,0.9630500647113364,0.9553571428571429,0.9574741127720469
6,0.9702159344750558,0.9712237521751202,0.9583333333333334,0.9592799550928762
7,0.9784065524944154,0.9787653114768913,0.9613095238095238,0.962237521700053
8,0.9843633655994043,0.9846856732166994,0.9613095238095238,0.9610686155939921
9,0.9873417721518988,0.9874452856347868,0.9523809523809523,0.9526795067066502
10,0.9880863737900223,0.9882674065588208,0.9672619047619048,0.9673449739081172
11,0.9895755770662695,0.9898085714243637,0.9583333333333334,0.9560796156464787
12,0.9955323901712584,0.9955713788875115,0.9642857142857143,0.9640092368114843
13,0.996276991809382,0.99629956457534,0.9642857142857143,0.9630911024682501
14,0.9970215934475056,0.9970443607000483,0.9642857142857143,0.9637909220556312
15,0.9970215934475056,0.9970223246646622,0.9494047619047619,0.948727211295146
16,0.9970215934475056,0.9970236446090466,0.9642857142857143,0.9637909220556312
17,0.9977661950856291,0.9977679396633666,0.9613095238095238,0.9601685665777346
18,0.9985107967237528,0.9985133466137855,0.9613095238095238,0.9601685665777346
19,0.9985107967237528,0.9985133466137855,0.9613095238095238,0.9601685665777346
