epoch,train_accuracy,train_f1_score,val_accuracy,val_f1_score
1,0.7367441860465116,0.7641419010598384,0.9104477611940298,0.9020594413895976
2,0.9237209302325582,0.9224881021685875,0.8843283582089553,0.9013655422148216
3,0.9209302325581395,0.9291762046921365,0.9365671641791045,0.9396482576379321
4,0.932093023255814,0.9367653129190789,0.914179104477612,0.9205475858450579
5,0.9516279069767442,0.9552734428220502,0.9440298507462687,0.9458753662013532
6,0.9590697674418605,0.961643067548608,0.9402985074626866,0.9410985920734634
7,0.9739534883720931,0.9747677447830688,0.9589552238805971,0.9581106225142655
8,0.9841860465116279,0.9842637334999054,0.9552238805970149,0.9534777042965331
9,0.986046511627907,0.9861788801782749,0.9552238805970149,0.9534777042965331
10,0.9869767441860465,0.9870373172840283,0.9552238805970149,0.9535303836877823
11,0.9934883720930232,0.9935005664122719,0.9514925373134329,0.9498119095327805
12,0.9953488372093023,0.9953647914737442,0.9514925373134329,0.9498119095327805
13,0.998139534883721,0.9981439514459072,0.9589552238805971,0.9571437523044543
14,0.998139534883721,0.9981439514459072,0.9589552238805971,0.9571437523044543
15,0.998139534883721,0.9981439514459072,0.9589552238805971,0.9571437523044543
16,0.998139534883721,0.9981439514459072,0.9514925373134329,0.9498119095327805
