epoch,train_accuracy,train_f1_score,val_accuracy,val_f1_score
1,0.21348314606741572,0.23046375522549578,0.48314606741573035,0.3343506914433881
2,0.46348314606741575,0.43481294624043754,0.19101123595505617,0.06808321281566358
3,0.2303370786516854,0.2424846638852308,0.1348314606741573,0.032039158972076986
4,0.4157303370786517,0.48553018228488504,0.7528089887640449,0.7174697105018756
5,0.6966292134831461,0.7221283065932751,0.7415730337078652,0.6731239732389241
6,0.7696629213483146,0.7877866995875941,0.7415730337078652,0.7706912810282406
7,0.8820224719101124,0.8891061295384773,0.7865168539325843,0.7684784845507854
8,0.8932584269662921,0.9008288860262544,0.7191011235955056,0.7123980388594005
9,0.9410112359550562,0.9423865458348848,0.7191011235955056,0.6955679152308366
10,0.9353932584269663,0.940568608420635,0.7528089887640449,0.74599378125765
11,0.9719101123595506,0.9723317371264032,0.7640449438202247,0.7433161611227074
12,0.9719101123595506,0.9722926681280439,0.7415730337078652,0.716027693290688
13,0.9859550561797753,0.9860506650553384,0.7865168539325843,0.7688645771732704
14,0.9859550561797753,0.9861318954810704,0.7415730337078652,0.7252322332886124
15,0.9971910112359551,0.997203439139989,0.7191011235955056,0.677669019330758
16,0.9719101123595506,0.9723677142172613,0.7303370786516854,0.697179995593743
