epoch,train_accuracy,train_f1_score,val_accuracy,val_f1_score
1,0.25842696629213485,0.29740314436105836,0.34831460674157305,0.3545329236471123
2,0.42696629213483145,0.4990046636733488,0.8089887640449438,0.7364728036442741
3,0.7443820224719101,0.7543723620848383,0.8314606741573034,0.7849466117663481
4,0.7865168539325843,0.8069933631888921,0.797752808988764,0.7412116155491562
5,0.8398876404494382,0.8406591714973202,0.7528089887640449,0.7622940917932549
6,0.8792134831460674,0.8877372900513341,0.8202247191011236,0.8224090147614721
7,0.9438202247191011,0.9449246680286005,0.7415730337078652,0.7095984828401883
8,0.8876404494382022,0.8965276862926318,0.7528089887640449,0.7795706494701172
9,0.901685393258427,0.9121719525334602,0.8314606741573034,0.8008618841215737
10,0.9775280898876404,0.9780922096614219,0.797752808988764,0.7916807285961839
11,0.9691011235955056,0.9696515058221542,0.8089887640449438,0.7851391294478739
12,0.9859550561797753,0.9859787379272743,0.8202247191011236,0.799316489839206
