epoch,train_accuracy,train_f1_score,val_accuracy,val_f1_score
1,0.22752808988764045,0.2561254769367638,0.48314606741573035,0.424415704625511
2,0.4157303370786517,0.45535849218523533,0.7752808988764045,0.7483256178224424
3,0.6938202247191011,0.6997173575905903,0.7191011235955056,0.7459586493546853
4,0.7724719101123596,0.7845612761188586,0.8314606741573034,0.8486646936085137
5,0.8679775280898876,0.871387715414641,0.8764044943820225,0.8820816085156713
6,0.8735955056179775,0.876638798207331,0.8089887640449438,0.8219720927973542
7,0.9353932584269663,0.9370949880948563,0.8876404494382022,0.9025838913479364
8,0.9438202247191011,0.945511396827464,0.8539325842696629,0.8819508581306333
9,0.9775280898876404,0.9778830769010494,0.8764044943820225,0.8859208954285356
10,0.9887640449438202,0.9889117462121945,0.9101123595505618,0.9191011235955056
11,0.9971910112359551,0.9972249230093352,0.8764044943820225,0.9065321645625677
12,0.9775280898876404,0.9783626262771955,0.8764044943820225,0.9065321645625677
13,0.9971910112359551,0.9972249230093352,0.9213483146067416,0.9300028262354767
14,1.0,1.0,0.9213483146067416,0.9300028262354767
15,1.0,1.0,0.9213483146067416,0.9300028262354767
16,1.0,1.0,0.9213483146067416,0.9267582188930503
17,1.0,1.0,0.9213483146067416,0.9300028262354767
18,1.0,1.0,0.9438202247191011,0.9464954521134297
19,1.0,1.0,0.9438202247191011,0.9464954521134297
20,1.0,1.0,0.9438202247191011,0.9464954521134297
21,1.0,1.0,0.9325842696629213,0.9406694013435587
22,1.0,1.0,0.9325842696629213,0.9406694013435587
23,1.0,1.0,0.9438202247191011,0.9464954521134297
24,1.0,1.0,0.9438202247191011,0.9464954521134297
25,1.0,1.0,0.9438202247191011,0.9464954521134297
26,1.0,1.0,0.9438202247191011,0.9464954521134297
27,1.0,1.0,0.9438202247191011,0.9464954521134297
