epoch,train_accuracy,train_f1_score,val_accuracy,val_f1_score
1,0.27247191011235955,0.3022512337508986,0.16853932584269662,0.08193389715436736
2,0.3398876404494382,0.37026005190974404,0.3258426966292135,0.39545198196883596
3,0.5926966292134831,0.6306495888076247,0.7078651685393258,0.6797763452121336
4,0.7471910112359551,0.7559560716191954,0.33707865168539325,0.376058713798304
5,0.7837078651685393,0.8010616548048461,0.7752808988764045,0.7811661641656756
6,0.8623595505617978,0.8624090491864328,0.7640449438202247,0.7852966647421947
7,0.8820224719101124,0.8887642425321072,0.8202247191011236,0.8349305819860667
8,0.8960674157303371,0.9036465794496813,0.8089887640449438,0.8035083843584089
9,0.9325842696629213,0.9345603991675765,0.8089887640449438,0.8292910647405027
10,0.9410112359550562,0.943597702856907,0.8426966292134831,0.8490183294446008
11,0.9634831460674157,0.9650176434357459,0.8089887640449438,0.8256154401990149
12,0.9831460674157303,0.9840549801027483,0.8314606741573034,0.8368558698178999
13,0.9859550561797753,0.9861068034321402,0.8314606741573034,0.8415625392921814
14,0.9887640449438202,0.9887571476004133,0.8202247191011236,0.8155896039042106
15,0.9971910112359551,0.9971981524552036,0.8314606741573034,0.825838331456309
16,1.0,1.0,0.8426966292134831,0.8347257768557231
17,0.9971910112359551,0.9971810512639758,0.8202247191011236,0.8155896039042106
18,1.0,1.0,0.8426966292134831,0.8377799262020074
19,1.0,1.0,0.8314606741573034,0.8293799417394923
