epoch,train_accuracy,train_f1_score,val_accuracy,val_f1_score
1,0.3901156677181914,0.39540554830998154,0.520336605890603,0.4969229054644788
2,0.5713284262180162,0.5701691964939102,0.5007012622720898,0.5029096189407122
3,0.6747283561163687,0.6741702913019746,0.4950911640953717,0.49992907499258354
4,0.7963547143357869,0.7972631720170673,0.5091164095371669,0.5165484513179912
5,0.8906414300736067,0.8909236052203839,0.5315568022440392,0.5327676715406516
6,0.9397125832457063,0.9398936266604607,0.5357643758765779,0.541055848125509
7,0.964248159831756,0.9643062709117516,0.5021037868162693,0.5095393404907597
8,0.9803715387311602,0.9803882938813575,0.5371669004207573,0.5248881800866845
9,0.979670522257273,0.979676571593119,0.5273492286115007,0.5274117530893068
10,0.9828250963897651,0.9828453846279074,0.5273492286115007,0.5351412101723791
11,0.9905362776025236,0.9905339437261789,0.5091164095371669,0.518050800793222
12,0.984577637574483,0.984582974344212,0.5161290322580645,0.5245292480293138
13,0.9730108657553452,0.9730314610429015,0.5007012622720898,0.5062162437820602
14,0.9744128987031195,0.9744277863008912,0.5063113604488079,0.5020999363381146
15,0.9716088328075709,0.9716409035943854,0.5133239831697055,0.5183806413500075
16,0.9887837364178058,0.9887987751766163,0.511921458625526,0.514485443758151
17,0.9961444093936207,0.9961437962122912,0.5077138849929874,0.514150786155935
18,0.9968454258675079,0.9968458987013017,0.5259467040673211,0.5299381455327719
19,0.9982474588152822,0.99824767794334,0.511921458625526,0.5178628357118948
20,0.9978969505783386,0.9978966918790525,0.517531556802244,0.5210759252835265
21,0.9971959341044515,0.9971961851997703,0.514726507713885,0.5204426853371876
22,0.9968454258675079,0.9968465263524866,0.5287517531556802,0.5308342800857071
23,0.9758149316508938,0.9758264610442805,0.5217391304347826,0.5137314850105161
24,0.9467227479845777,0.9468521693729827,0.5021037868162693,0.5084308923798834
25,0.984577637574483,0.9845904080516299,0.5091164095371669,0.5117950828918247
