epoch,train_accuracy,train_f1_score,val_accuracy,val_f1_score
1,0.3641780581843673,0.3562763941122493,0.517531556802244,0.5156213370183867
2,0.5548545390816684,0.5519937922284722,0.5287517531556802,0.5059728305228427
3,0.6491412548194883,0.6498068659116616,0.5638148667601683,0.5549049074857886
4,0.7420259376095338,0.7432307497509808,0.5539971949509116,0.5491551068480934
5,0.84086926042762,0.8411337098208724,0.5385694249649369,0.5456839536909421
6,0.9284963196635121,0.9286295251089263,0.514726507713885,0.5260109079915084
7,0.9677532422011917,0.9677825516499897,0.511921458625526,0.5204079173019396
8,0.9723098492814581,0.9723223938791231,0.5385694249649369,0.5461816915661908
9,0.9719593410445145,0.9720044734903847,0.5385694249649369,0.5414521179952921
10,0.9484752891692955,0.948571139287763,0.5287517531556802,0.5372893825091933
11,0.9789695057833859,0.9789605352257276,0.5273492286115007,0.5374917330134924
12,0.9915878023133544,0.9915905244905477,0.5525946704067322,0.5565032218803663
13,0.9971959341044515,0.9971970855780729,0.5497896213183731,0.5559496894547583
14,0.9961444093936207,0.9961429034936242,0.5553997194950911,0.5584893723878837
15,0.997546442341395,0.997548172087916,0.5483870967741935,0.5530264962251283
16,0.9964949176305643,0.9964943522569761,0.5511921458625526,0.556143213354242
17,0.9971959341044515,0.9971964268375014,0.5511921458625526,0.554005661702419
18,0.997546442341395,0.9975462063406826,0.5497896213183731,0.5539182217229434
19,0.997546442341395,0.9975470494816859,0.5511921458625526,0.5532970520426005
20,0.9985979670522257,0.9985977615022688,0.5553997194950911,0.5582814258089014
