epoch,train_accuracy,train_f1_score,val_accuracy,val_f1_score
1,0.34174553101997895,0.33320392915945973,0.48106591865357645,0.4799897220268245
2,0.5240098142306344,0.519119143166385,0.5329593267882188,0.5264429925712966
3,0.6112863652295829,0.6131115519523325,0.541374474053296,0.5392691213093787
4,0.7290571328426217,0.7297143679954727,0.5315568022440392,0.5319407158234628
5,0.8349106203995794,0.8356068927472798,0.520336605890603,0.5278000781966425
6,0.9008061689449702,0.9011246660227765,0.514726507713885,0.5245509983742357
7,0.9463722397476341,0.9464679106144425,0.5287517531556802,0.5366068337765867
8,0.9568874868559412,0.9569336912770252,0.5091164095371669,0.5106055641918434
9,0.9761654398878373,0.9761764384886228,0.5343618513323983,0.5421250050853766
10,0.9674027339642481,0.9674704623343362,0.511921458625526,0.5229776807030211
11,0.9831756046267087,0.9831835108300767,0.5133239831697055,0.5209806603884231
12,0.9926393270241851,0.9926458758185405,0.5273492286115007,0.5353885052581137
13,0.9943918682089029,0.9943988093405319,0.5231416549789621,0.5328558858685772
14,0.9940413599719593,0.9940507722025426,0.5231416549789621,0.530074319916051
15,0.9933403434980722,0.9933519861298281,0.5231416549789621,0.5298614121965646
16,0.99509288468279,0.9950946825441306,0.5259467040673211,0.5308832699867143
17,0.9961444093936207,0.9961506998083414,0.5329593267882188,0.5374141153133289
18,0.9957939011566772,0.9957998014699172,0.5287517531556802,0.5348151467578752
19,0.9961444093936207,0.9961456887696744,0.5273492286115007,0.5327032257714662
20,0.9961444093936207,0.9961513904237943,0.5273492286115007,0.5345899044477623
21,0.9961444093936207,0.9961458639603513,0.5315568022440392,0.5356200687109298
22,0.9880827199439187,0.9880894868896469,0.49368863955119213,0.44613313593344645
23,0.9032597266035752,0.9035206425021348,0.48106591865357645,0.4901370290957262
24,0.9698562916228531,0.9698858126092235,0.520336605890603,0.5283685238876331
25,0.9852786540483701,0.9852908002712617,0.5245441795231417,0.525524366167759
26,0.9926393270241851,0.9926386142729084,0.5455820476858345,0.5402767374166085
27,0.9863301787592008,0.9863306468976265,0.5007012622720898,0.5097386624755835
28,0.984577637574483,0.9845814064836429,0.5287517531556802,0.5338721008827847
