epoch,train_accuracy,train_f1_score,val_accuracy,val_f1_score
1,0.6182019977802442,0.6231549312137826,0.6514983351831298,0.6687523631985808
2,0.6933962264150944,0.7052290066559536,0.6847946725860156,0.6986592675767475
3,0.7111542730299667,0.7217454681084248,0.6459489456159823,0.6591600778376787
4,0.7372364039955605,0.7473470799254341,0.7036625971143174,0.7071223084634407
5,0.7666481687014428,0.7753528538954448,0.6847946725860156,0.6942054167145062
6,0.7846836847946725,0.7926161403177878,0.6958934517203108,0.7006414408238142
7,0.8029966703662597,0.8096168547782293,0.6681465038845728,0.6814961529812336
8,0.8393451720310766,0.8438057193417231,0.6881243063263041,0.691756642401796
9,0.8629300776914539,0.8665815146520119,0.6992230854605993,0.698576439981634
10,0.8837402885682575,0.8861583470653016,0.6970033296337403,0.696942856464976
11,0.908157602663707,0.9096574718923408,0.6914539400665927,0.6958541738198004
12,0.9167591564927858,0.9178481889706269,0.6970033296337403,0.6930556558471288
13,0.9306326304106548,0.9314396185498726,0.6681465038845728,0.6775967355794795
