epoch,train_accuracy,train_f1_score,val_accuracy,val_f1_score
1,0.5960044395116537,0.6106888697852444,0.7014428412874584,0.6998255771271054
2,0.6853496115427303,0.6969855428617062,0.6825749167591565,0.6997870358750548
3,0.7061598224195339,0.7196955956636584,0.7025527192008879,0.716224314629241
4,0.7327968923418424,0.7426540627097346,0.7247502774694784,0.7329431139623822
5,0.7608213096559379,0.7710870653545859,0.7291897891231964,0.7332774371885973
6,0.7927302996670367,0.8001392077230819,0.704772475027747,0.7194999794634924
7,0.8071587125416204,0.8141670503493231,0.6925638179800222,0.7084589337650181
8,0.8374028856825749,0.8433554896710398,0.7180910099889012,0.7222146329927867
9,0.8609877913429522,0.8650917792772707,0.7014428412874584,0.7095409504143166
10,0.8754162042175361,0.8789762372048936,0.7192008879023307,0.7220155736835773
11,0.9012208657047724,0.9033261925684914,0.7136514983351832,0.7141258752975237
12,0.9234184239733629,0.9245184149071202,0.6870144284128746,0.6973644909637597
13,0.933684794672586,0.934909922849009,0.7069922308546059,0.7083931853731037
14,0.94173140954495,0.9425615930813375,0.6925638179800222,0.6989079127719221
