epoch,train_accuracy,train_f1_score,val_accuracy,val_f1_score
1,0.6096004439511654,0.6170206029852426,0.6625971143174251,0.6779970555531875
2,0.6945061043285239,0.7073431359310184,0.6748057713651499,0.6909597083338382
3,0.7164261931187569,0.7283501792000421,0.6970033296337403,0.7073302133554717
4,0.7486126526082131,0.7593661147212112,0.7058823529411765,0.7131280798250714
5,0.7669256381798002,0.7761723773304526,0.6881243063263041,0.7012470521639754
6,0.7882907880133185,0.79637373469315,0.6825749167591565,0.6982313465767457
7,0.8171476137624861,0.8232278645546051,0.7025527192008879,0.7154713085626687
8,0.839622641509434,0.8443936296938789,0.7103218645948945,0.7200297042950284
9,0.865149833518313,0.8688785378238231,0.6958934517203108,0.7092609081122769
10,0.8842952275249722,0.8875290432538282,0.709211986681465,0.7193832459315256
11,0.905937846836848,0.9079046237765046,0.7103218645948945,0.7133264019308474
12,0.9173140954495006,0.9188909902603691,0.6936736958934517,0.7002098009031567
13,0.9328523862375139,0.9338270064769564,0.6981132075471698,0.7045650837726994
14,0.9470033296337403,0.947608116318347,0.7169811320754716,0.7220564316400535
15,0.9581021087680355,0.95842054768222,0.6792452830188679,0.6909383807577836
16,0.9553274139844617,0.9557982267753086,0.6914539400665927,0.6915076195129151
17,0.9564372918978913,0.9569102351651472,0.7169811320754716,0.7202175656310751
18,0.9647613762486127,0.9649462155366875,0.6970033296337403,0.6985847470836138
19,0.9700332963374029,0.970157509888635,0.704772475027747,0.7029252645639938
20,0.9739178690344062,0.9739865782919838,0.7003329633740288,0.7055557238016085
21,0.9772475027746947,0.9773191774842908,0.7136514983351832,0.7146628176474156
22,0.9841842397336293,0.9841968529786009,0.6870144284128746,0.6938762709854037
23,0.97669256381798,0.976801079337817,0.7114317425083241,0.71283198877295
