epoch,train_accuracy,train_f1_score,val_accuracy,val_f1_score
1,0.6900296150049359,0.6942010442400862,0.7549407114624506,0.7600034389754556
2,0.8721618953603159,0.8730633837446884,0.932806324110672,0.9331246213115891
3,0.928923988153998,0.9291561507826496,0.9347826086956522,0.9353284880046101
4,0.9402764067127345,0.9405063230762386,0.9229249011857708,0.9219800355448097
5,0.9580454096742349,0.9581471773093746,0.9268774703557312,0.9273419076865607
6,0.9634748272458046,0.9635767119964966,0.9347826086956522,0.9342882956043159
7,0.9733464955577492,0.9734143953322313,0.9367588932806324,0.9368375674590665
8,0.9851924975320829,0.9852117915862845,0.9426877470355731,0.9421664661740277
9,0.9886475814412635,0.9886580059705534,0.9446640316205533,0.9447328715266833
10,0.9886475814412635,0.9886580059705534,0.9367588932806324,0.9369873282916762
11,0.9921026653504442,0.992108895163572,0.932806324110672,0.933049036309906
12,0.9960513326752222,0.9960523802915708,0.924901185770751,0.9255658995976003
13,0.9940769990128332,0.994080127880004,0.9367588932806324,0.9369137036396225
14,0.998025666337611,0.998025666337611,0.932806324110672,0.9329708101170989
15,0.9985192497532083,0.9985194466187081,0.9407114624505929,0.940556707282432
16,1.0,1.0,0.9387351778656127,0.9386961398323925
17,1.0,1.0,0.9407114624505929,0.9406353004829955
18,1.0,1.0,0.9407114624505929,0.9407114624505929
19,1.0,1.0,0.9347826086956522,0.934980541666413
20,1.0,1.0,0.932806324110672,0.9329708101170989
21,0.9925962487660415,0.9926011267101296,0.9308300395256917,0.9298680444760745
22,0.9940769990128332,0.994080127880004,0.9347826086956522,0.934980541666413
23,0.998025666337611,0.9980261901457854,0.9426877470355731,0.9425764324790405
24,0.998025666337611,0.9980261901457854,0.9288537549407114,0.9296137502144909
25,0.9965449160908193,0.9965462880275754,0.9407114624505929,0.9404756557671577
26,0.9975320829220138,0.9975317533530553,0.9387351778656127,0.9388485776538288
27,1.0,1.0,0.9407114624505929,0.9407114624505929
28,0.9995064165844028,0.9995063506706111,0.9367588932806324,0.9364182592660197
