epoch,train_accuracy,train_f1_score,val_accuracy,val_f1_score
1,0.4643157010915197,0.4972155481847411,0.5251677852348994,0.482139143786317
2,0.6188077246011755,0.6432448585037983,0.7936241610738255,0.7996219458017808
3,0.7854743912678421,0.7994761670399914,0.8070469798657718,0.8222763908800816
4,0.8429890848026869,0.8528674711997846,0.8406040268456376,0.8505056192622084
5,0.8635600335852225,0.871373350497564,0.8624161073825504,0.8653845517017373
6,0.8744752308984047,0.8815532823934031,0.8154362416107382,0.8275618476241428
7,0.9026028547439127,0.9070825039389814,0.8338926174496645,0.8449730274189672
8,0.9303106633081444,0.9326247632315531,0.8523489932885906,0.8511795835188399
9,0.9420654911838791,0.9436012687248638,0.8657718120805369,0.8680299947564817
10,0.9609571788413098,0.961662327601662,0.8456375838926175,0.8513226733644584
11,0.9731318219983207,0.9733047106695799,0.8557046979865772,0.8529009733358174
12,0.9832073887489504,0.983270001679705,0.8557046979865772,0.8541509500942549
13,0.9836272040302267,0.983764507691546,0.8624161073825504,0.8567321844233713
14,0.9932829554995802,0.9932829259850655,0.8624161073825504,0.8581649368589626
15,0.9928631402183039,0.9928723961072907,0.8624161073825504,0.8612090432560232
16,0.9937027707808564,0.9937105937036034,0.8523489932885906,0.8487621485340137
17,0.9970612930310663,0.9970660178424615,0.8523489932885906,0.8513000298888678
18,0.9924433249370277,0.9924987631896408,0.8456375838926175,0.8511456342540902
19,0.980688497061293,0.9809799761055057,0.8557046979865772,0.8542151969164669
20,0.9937027707808564,0.9937045792832374,0.860738255033557,0.8598928196169423
21,0.9974811083123426,0.9974826798207163,0.8489932885906041,0.8478446858582577
22,0.9945424013434089,0.9945602164048227,0.8506711409395973,0.8519593604235
23,0.9962216624685138,0.9962257697255514,0.8573825503355704,0.8597711378400006
24,0.9886649874055415,0.988730353395147,0.8489932885906041,0.852350180653076
25,0.9882451721242653,0.9882836674534848,0.860738255033557,0.8656552824802018
26,0.9895046179680941,0.989574831319164,0.8489932885906041,0.8486918737167407
27,0.9949622166246851,0.9949746233746649,0.8489932885906041,0.8504162920366026
28,0.998320738874895,0.9983217109084739,0.8456375838926175,0.8434713288346688
