epoch,train_accuracy,train_f1_score,val_accuracy,val_f1_score
1,0.41855583543240976,0.44638691946882897,0.5033557046979866,0.5687612818053701
2,0.7120067170445005,0.7370078910753182,0.7265100671140939,0.7598505389016038
3,0.8064651553316541,0.8217461061932615,0.8137583892617449,0.828881359040054
4,0.8530646515533166,0.8620650284008424,0.8305369127516778,0.8424650019530705
5,0.8921074727120067,0.8977143258960314,0.8456375838926175,0.8549925217423706
6,0.9223341729638959,0.9251812628908367,0.8053691275167785,0.824932901631519
7,0.9395465994962217,0.9415147946338879,0.8355704697986577,0.8479019649168628
8,0.9584382871536524,0.9590969868739015,0.8389261744966443,0.8408557272352253
9,0.9764903442485307,0.9767155866918256,0.8204697986577181,0.8300885970600971
10,0.9819479429051218,0.9819986082475634,0.8422818791946308,0.8410384204252755
11,0.9907640638119227,0.9907902316122961,0.8389261744966443,0.8397510915458813
12,0.9932829554995802,0.9932869656509813,0.8238255033557047,0.8351262784734512
13,0.9937027707808564,0.99371190960559,0.8355704697986577,0.8400047399878224
14,0.9949622166246851,0.9949731783810205,0.8338926174496645,0.8307404708767641
15,0.9882451721242653,0.9882836389660153,0.8322147651006712,0.8418136219875175
16,0.9920235096557515,0.9920779671096889,0.8305369127516778,0.8351886960617013
17,0.9987405541561712,0.9987406118388374,0.8288590604026845,0.834556868460259
18,0.9974811083123426,0.9974818153742602,0.8422818791946308,0.8474725852792837
19,0.9995801847187238,0.9995802039462791,0.8439597315436241,0.8487231065785167
20,0.9995801847187238,0.9995802039462791,0.8406040268456376,0.8459614971307837
21,0.9987405541561712,0.9987407255009702,0.8406040268456376,0.8440941945519242
22,0.9987405541561712,0.9987406118388374,0.8422818791946308,0.8462199865729836
23,0.9995801847187238,0.9995802039462791,0.8422818791946308,0.8468890393854588
24,0.9966414777497901,0.9966434562138697,0.8456375838926175,0.8477077268670775
