epoch,train_accuracy,train_f1_score,val_accuracy,val_f1_score
1,0.4127600554785021,0.42765411427956135,0.5305216426193119,0.51515387327779
2,0.5173370319001387,0.528612252733748,0.4827968923418424,0.48486087087838
3,0.5425797503467407,0.5562954058420161,0.5283018867924528,0.5235456404860725
4,0.5337031900138697,0.5488871400915983,0.5216426193118757,0.5244250548760496
5,0.5542302357836338,0.5680156016256948,0.46614872364039955,0.49018753693910433
6,0.5517337031900139,0.5686249941260683,0.5360710321864595,0.552369673850418
7,0.5575589459084604,0.5717575561423025,0.5027746947835738,0.5207170187863117
8,0.5653259361997226,0.5809533321056419,0.5005549389567148,0.527072400632987
9,0.5889042995839112,0.6018133137783422,0.5127635960044395,0.48653404676897266
10,0.5697642163661581,0.5829372556715444,0.46170921198668147,0.48737956633173635
11,0.5717059639389737,0.5854861746682344,0.51165371809101,0.5384731007759589
12,0.5841886269070735,0.5998036173895012,0.6159822419533851,0.6085221998563133
13,0.5877947295423024,0.5975124481120029,0.5283018867924528,0.5375325514649366
14,0.5736477115117892,0.5894318586579478,0.6148723640399556,0.6112689024679372
15,0.5877947295423024,0.5979478185736593,0.516093229744728,0.543147265231705
16,0.5836338418862691,0.599782195645572,0.5849056603773585,0.5906083576415085
17,0.5891816920943135,0.6011955155979135,0.5760266370699223,0.5837509288950687
18,0.59500693481276,0.607088296952535,0.5926748057713651,0.607069382678305
19,0.5977808599167822,0.6105616347033959,0.5682574916759157,0.5572359245047019
20,0.6,0.6130486304455437,0.5316315205327414,0.544869654757969
21,0.5947295423023579,0.6091901937666083,0.5471698113207547,0.5707049632721374
22,0.591123439667129,0.6056103856425116,0.5305216426193119,0.5579835007495677
23,0.5889042995839112,0.6012044049375426,0.5427302996670367,0.5361691011869915
