epoch,train_accuracy,train_f1_score,val_accuracy,val_f1_score
1,0.40332871012482663,0.41679079254793017,0.5416204217536071,0.5130604545333761
2,0.49486823855755896,0.5075184272092731,0.5804661487236404,0.5817994252678028
3,0.5381414701803051,0.5498279969375129,0.58157602663707,0.5656446691095999
4,0.5411927877947296,0.5522414079392313,0.44950055493895674,0.4691704939782448
5,0.5459084604715673,0.5599845109988882,0.5904550499445061,0.5897907765978366
6,0.5617198335644937,0.5740912315809077,0.5549389567147613,0.5717458315176128
7,0.5761442441054092,0.5853149777320921,0.6059933407325194,0.608433304864346
8,0.5678224687933425,0.5795219510596872,0.6204217536071032,0.6193766280069537
9,0.5672676837725381,0.5803744578056569,0.6104328523862376,0.618811232962302
10,0.5761442441054092,0.5886053895309404,0.5249722530521642,0.5598353245752633
11,0.5675450762829404,0.5807067899445375,0.6215316315205327,0.6139126342473538
12,0.5883495145631068,0.599373308295439,0.607103218645949,0.6174182546553404
13,0.5889042995839112,0.6008729609736949,0.6270810210876804,0.6328521929721116
14,0.5864077669902913,0.5977577557663535,0.586015538290788,0.5882037554600684
15,0.5805825242718446,0.5908152660189493,0.6304106548279689,0.6242662202311431
16,0.5908460471567267,0.6022121120504251,0.5726970033296337,0.5944535290657208
17,0.5789181692094314,0.5899057704530849,0.5449500554938956,0.565403641526934
18,0.6002773925104022,0.6097928984148868,0.5283018867924528,0.5527095529011623
19,0.6,0.6125326486022487,0.5227524972253053,0.5550933150867564
20,0.5958391123439667,0.6087334134722635,0.611542730299667,0.6085392550916859
21,0.5958391123439667,0.6078933049298598,0.564927857935627,0.582472311310867
22,0.6180305131761442,0.6291362134220948,0.5904550499445061,0.6051351832365875
