epoch,train_accuracy,train_f1_score,val_accuracy,val_f1_score
1,0.42924528301886794,0.4434687799918107,0.4778270509977827,0.49277457851231443
2,0.503607103218646,0.5218028339134925,0.565410199556541,0.539320091143475
3,0.5457824639289678,0.5571463538595971,0.4977827050997783,0.5099359309580123
4,0.5507769145394007,0.5632825121578618,0.5066518847006651,0.4983983382278141
5,0.5474472807991121,0.5601087351422418,0.4911308203991131,0.5053644580801792
6,0.5413429522752498,0.5594792203899056,0.582039911308204,0.5857995257587824
7,0.5679800221975583,0.5848353101267436,0.4623059866962306,0.4868909571695724
8,0.5579911209766926,0.5762825717112835,0.5753880266075388,0.5712207476846495
9,0.5738068812430632,0.5880436198686274,0.573170731707317,0.5837332514913582
10,0.5690899001109878,0.5863240157532227,0.5354767184035477,0.5512544930078616
11,0.5760266370699223,0.5904979833966472,0.5964523281596452,0.5595764710545613
12,0.582408435072142,0.593571052820339,0.5454545454545454,0.5579430767450821
13,0.5776914539400666,0.5919078459707127,0.5221729490022173,0.5087850919869655
14,0.5904550499445061,0.6053153259510464,0.5742793791574279,0.5824160765244312
15,0.5965593784683685,0.6067150652490523,0.5343680709534369,0.5535377890842771
