epoch,train_accuracy,train_f1_score,val_accuracy,val_f1_score
1,0.38604488078541377,0.3292796707459509,0.42496493688639553,0.38415993513797947
2,0.47545582047685836,0.43549026856600187,0.4964936886395512,0.47784668629553073
3,0.5196353436185134,0.508563570820094,0.514726507713885,0.4965669950932085
4,0.5459326788218793,0.5336034179749203,0.49368863955119213,0.4819219981515233
5,0.5578541374474053,0.5516035542892032,0.5091164095371669,0.5030492560479346
6,0.585203366058906,0.5820434087371722,0.5259467040673211,0.5201345772871866
7,0.6164095371669004,0.6128075254821609,0.4964936886395512,0.49960247119435963
8,0.6430575035063114,0.6432828299926534,0.5091164095371669,0.5090053690220373
9,0.6584852734922861,0.6571090526081025,0.5245441795231417,0.5331869976098165
10,0.6865357643758766,0.6894941791159414,0.517531556802244,0.5150920076240031
11,0.7454417952314165,0.7463105092804974,0.5077138849929874,0.5087583337487173
12,0.7654277699859747,0.7670926589752931,0.5189340813464236,0.5243204600153959
13,0.7885694249649369,0.7905497584726224,0.5091164095371669,0.5153753676715888
14,0.8046984572230014,0.8062018683374291,0.5077138849929874,0.5095476169833867
15,0.843969144460028,0.8452510441572483,0.5007012622720898,0.5062092600104858
