epoch,train_accuracy,train_f1_score,val_accuracy,val_f1_score
1,0.385343618513324,0.34685609846655857,0.42917251051893407,0.3842710971247105
2,0.46809256661991583,0.4398057778127748,0.5007012622720898,0.4752425325814089
3,0.523492286115007,0.5084891297132654,0.4838709677419355,0.47301735890211827
4,0.5476858345021038,0.5433410607023863,0.5049088359046283,0.4824142267526977
5,0.570476858345021,0.5606331141840314,0.5063113604488079,0.5067627985713671
6,0.6041374474053296,0.6004508307341383,0.5161290322580645,0.5179584417417923
7,0.6321879382889201,0.6305108711444696,0.511921458625526,0.5137582836170335
8,0.6619915848527349,0.6604302538085993,0.5077138849929874,0.5049471502982205
9,0.7012622720897616,0.7001015772616179,0.485273492286115,0.4867290886707362
10,0.7251051893408135,0.7250221927423947,0.4670406732117812,0.4725941475029184
11,0.7643758765778401,0.7644084107517394,0.4782608695652174,0.48227061869555143
12,0.7903225806451613,0.7906021096352693,0.4740532959326788,0.47934620103080433
13,0.8201262272089762,0.8204094399241101,0.47124824684431976,0.4748535865865216
14,0.8516830294530154,0.8519224974863053,0.4726507713884993,0.47863190242166276
15,0.8702664796633941,0.870588306385961,0.44039270687237025,0.4519199187111937
