epoch,train_accuracy,train_f1_score,val_accuracy,val_f1_score
1,0.37166900420757365,0.31579055217668967,0.46143057503506313,0.4311130360845795
2,0.48772791023842915,0.4633302782790253,0.4964936886395512,0.45439828320260206
3,0.5157784011220197,0.4955207318919868,0.5007012622720898,0.4942299113685639
4,0.5427769985974754,0.535273044079975,0.5063113604488079,0.5052923442784173
5,0.5750350631136045,0.5710730000411133,0.5091164095371669,0.4980157260290594
6,0.5978260869565217,0.5939387463477994,0.5189340813464236,0.501726926359457
7,0.6283309957924264,0.6259637930119147,0.5315568022440392,0.5208723790024428
8,0.6577840112201964,0.657336464773857,0.5245441795231417,0.522922227234976
9,0.6903927068723703,0.6912618342893883,0.5091164095371669,0.5082379348567522
10,0.7191444600280504,0.7202761971663583,0.49368863955119213,0.4859361280670751
11,0.7478962131837307,0.7491318444861247,0.4964936886395512,0.4912561390143384
12,0.7861150070126227,0.7866660285157677,0.4964936886395512,0.49967464445436127
13,0.8253856942496494,0.8262463943236548,0.49368863955119213,0.49968166838790334
14,0.8387096774193549,0.8396036753897463,0.5077138849929874,0.5054540574987313
15,0.8639551192145862,0.8645361804701126,0.5035063113604488,0.5011616755974957
16,0.8839410939691444,0.8845778231804133,0.4964936886395512,0.4978730333722161
