epoch,train_accuracy,train_f1_score,val_accuracy,val_f1_score
1,0.3748246844319776,0.3460625155235189,0.4221598877980365,0.3472865665120865
2,0.4786115007012623,0.4501047220083654,0.4782608695652174,0.43285073094023685
3,0.5276998597475456,0.5122229112354536,0.4740532959326788,0.4504053762046606
4,0.5585553997194951,0.5497349521851683,0.5007012622720898,0.49562715160351256
5,0.5869565217391305,0.5857648651765339,0.49228611500701264,0.47682028292741524
6,0.6034361851332398,0.6015112201717837,0.4894810659186536,0.48367472433622755
7,0.6356942496493688,0.6345904186104593,0.4670406732117812,0.4709296857704246
8,0.6619915848527349,0.6630468910368712,0.4796633941093969,0.4763847796396678
9,0.7002103786816269,0.7000029112607185,0.47545582047685836,0.47785841794065265
10,0.7356241234221599,0.7357638590945942,0.4642356241234222,0.47147148865037425
11,0.7622720897615708,0.7645149937476433,0.4782608695652174,0.47189835198404356
12,0.7997896213183731,0.8009045531074258,0.44039270687237025,0.4409672648547011
13,0.8113604488078542,0.8127242824370153,0.47545582047685836,0.478065557523715
