epoch,train_accuracy,train_f1_score,val_accuracy,val_f1_score
1,0.6528856825749167,0.6616915917891588,0.6881243063263041,0.6921200511519151
2,0.7344617092119867,0.7431699062973576,0.6703662597114317,0.6716251236593475
3,0.8054938956714761,0.8111277895935979,0.6770255271920089,0.6785715019234827
4,0.8770810210876804,0.8796959194728273,0.6914539400665927,0.6944489012318927
5,0.9309100998890122,0.9318718464267806,0.6770255271920089,0.6762202781768659
6,0.9639289678135405,0.9641754241872549,0.6725860155382908,0.678567626231215
7,0.9661487236403996,0.9664477686218332,0.6659267480577137,0.6623935124541986
8,0.9833518312985572,0.983396817575574,0.6681465038845728,0.6674035243634451
9,0.9886237513873474,0.9886377779110763,0.6714761376248612,0.6654275536339018
10,0.9902885682574917,0.9903133489794054,0.6725860155382908,0.6611053194263532
11,0.9916759156492786,0.9916876113306522,0.6981132075471698,0.690991377296949
12,0.982519422863485,0.9825584917697945,0.7014428412874584,0.6843140246620064
13,0.9938956714761377,0.9939051666918478,0.6981132075471698,0.6946393394242761
14,0.9980577136514983,0.998057917686019,0.7025527192008879,0.6962518004384727
15,0.9997225305216426,0.999722536187489,0.6958934517203108,0.6919411773649299
16,1.0,1.0,0.6925638179800222,0.6891323630633654
17,1.0,1.0,0.6914539400665927,0.6879227184062996
18,1.0,1.0,0.6936736958934517,0.6899938969110748
19,1.0,1.0,0.6947835738068813,0.6909040494207889
20,1.0,1.0,0.6925638179800222,0.6887016613031276
