epoch,train_accuracy,train_f1_score,val_accuracy,val_f1_score
1,0.6354051054384018,0.6407411578477296,0.7147613762486127,0.726133425837496
2,0.7408435072142064,0.7482182137118812,0.7036625971143174,0.7184362914117748
3,0.8132630410654828,0.818297296045291,0.7314095449500555,0.7279627061759036
4,0.8762486126526082,0.878145156211744,0.7169811320754716,0.7285451722564028
5,0.9411764705882353,0.9419822553845506,0.7147613762486127,0.7179530724377541
6,0.9694783573806881,0.969704151123782,0.7269700332963374,0.7279916756172554
7,0.9836293007769146,0.9836928534193407,0.7258601553829079,0.7162622318665648
8,0.9667036625971143,0.9669375604741408,0.709211986681465,0.7080974845714201
9,0.9836293007769146,0.9836612187811079,0.7225305216426193,0.7151219458961374
10,0.9905660377358491,0.9905703666292834,0.7169811320754716,0.7153506563949522
11,0.9950055493895672,0.9950085083812857,0.732519422863485,0.7284340919720057
12,0.9991675915649278,0.9991678502989692,0.7192008879023307,0.7237856241939069
13,0.9944506104328524,0.9944591767002001,0.7314095449500555,0.7221068672286397
14,0.9664261931187569,0.9665353202821722,0.7192008879023307,0.7213759438470488
15,0.9869589345172031,0.9869732007479031,0.7158712541620422,0.7202618948919084
16,0.9944506104328524,0.9944561039955419,0.7014428412874584,0.7152507866503676
17,0.9977802441731409,0.9977833299847667,0.7258601553829079,0.7281659466909693
18,0.9492230854605993,0.9494944932581831,0.732519422863485,0.7335510026181432
19,0.9927857935627081,0.9927886776457321,0.7214206437291898,0.7251494097058604
20,0.9991675915649278,0.9991678268517367,0.7069922308546059,0.709137526925227
