epoch,train_accuracy,train_f1_score,val_accuracy,val_f1_score
1,0.6287458379578247,0.6408792822601145,0.7269700332963374,0.7301955338239675
2,0.7316870144284129,0.7398426242080726,0.7014428412874584,0.7148062132117837
3,0.8038290788013318,0.809494320500811,0.7458379578246392,0.7486494629726146
4,0.8820754716981132,0.8846449839535756,0.6992230854605993,0.7121015504245455
5,0.9345172031076582,0.93558398097608,0.7347391786903441,0.7363176948987864
6,0.9678135405105438,0.9681155012979616,0.6914539400665927,0.6896024490724134
7,0.9694783573806881,0.9695772406490013,0.6970033296337403,0.6875421547665924
8,0.9794672586015538,0.9795481839298241,0.732519422863485,0.7236039873996878
9,0.9791897891231964,0.979299952682989,0.7003329633740288,0.7037847126073273
10,0.9864039955604883,0.9864460613963018,0.7280799112097669,0.7228172431498249
11,0.9966703662597114,0.9966709703296934,0.7103218645948945,0.7144604567758148
12,0.9869589345172031,0.9869756666392541,0.7136514983351832,0.7173248819867667
13,0.982519422863485,0.9825561941615825,0.7214206437291898,0.718308192155533
14,0.9977802441731409,0.9977807108768368,0.7269700332963374,0.7210348269243955
15,1.0,1.0,0.7314095449500555,0.7291417760725643
16,1.0,1.0,0.730299667036626,0.7281905809550064
17,1.0,1.0,0.7291897891231964,0.726729832403108
18,1.0,1.0,0.730299667036626,0.7282053084702933
19,1.0,1.0,0.730299667036626,0.7282053084702933
20,1.0,1.0,0.7314095449500555,0.7293230389476181
