epoch,train_accuracy,train_f1_score,val_accuracy,val_f1_score
1,0.6362375138734739,0.6419132167148344,0.6170921198668147,0.6370965307911128
2,0.7150388457269701,0.7257907236793268,0.7125416204217536,0.7078996360636608
3,0.7999445061043285,0.80535760514994,0.7025527192008879,0.70494749777999
4,0.8793007769145395,0.8814961637551005,0.7036625971143174,0.7103823163656751
5,0.8679245283018868,0.8696036390625863,0.634850166481687,0.6367911665062195
6,0.83157602663707,0.8354750522420864,0.6825749167591565,0.6800420367255654
7,0.9486681465038845,0.9490696662038107,0.7081021087680355,0.7035366482642265
8,0.9836293007769146,0.9836622921017353,0.6903440621531631,0.6813907106200706
9,0.6617647058823529,0.6663625839387388,0.5960044395116537,0.5883757552277488
10,0.6209766925638179,0.6302873228086173,0.6337402885682575,0.6241182838424761
11,0.6870144284128746,0.6983824039385267,0.6614872364039955,0.6760156590510059
12,0.7447280799112098,0.7521581453590539,0.6337402885682575,0.6566489223139557
13,0.8263041065482797,0.8306881537858162,0.660377358490566,0.6656535461900905
14,0.9100998890122086,0.9110234470038903,0.6748057713651499,0.6679504612249715
15,0.9528301886792453,0.9530957563949807,0.6659267480577137,0.6579143143908136
16,0.9703107658157603,0.970401498656755,0.6759156492785794,0.6788576098679492
17,0.9730854605993341,0.9731353899864851,0.6781354051054383,0.6718163122505226
18,0.9764150943396226,0.9764679535536332,0.6792452830188679,0.6705722686625564
19,0.9694783573806881,0.9695934768971936,0.6759156492785794,0.6741061466986756
20,0.9872364039955605,0.9872480422684774,0.6592674805771365,0.6698494770900771
