epoch,train_accuracy,train_f1_score,val_accuracy,val_f1_score
1,0.5513318534961155,0.5608898094026474,0.6714761376248612,0.6861603818240491
2,0.6920088790233074,0.7023303388410796,0.6459489456159823,0.6682568082866396
3,0.73834628190899,0.7486962028268073,0.7069922308546059,0.709846207436555
4,0.8038290788013318,0.8097297615518301,0.7192008879023307,0.7297416396270059
5,0.8701442841287459,0.873347142588473,0.7058823529411765,0.7080262674084904
6,0.9203662597114317,0.9214824761566246,0.7203107658157603,0.7263931281147924
7,0.9422863485016648,0.9427620868785235,0.7069922308546059,0.7044734730596539
8,0.9739178690344062,0.9740169688552598,0.6947835738068813,0.7027533183438139
9,0.9814095449500555,0.9814693687839223,0.7136514983351832,0.7000601566130821
10,0.994173140954495,0.9941769342467188,0.7247502774694784,0.7190457755206889
