epoch,train_accuracy,train_f1_score,val_accuracy,val_f1_score
1,0.5360710321864595,0.5459566861961107,0.5615982241953386,0.5874348973738466
2,0.6748057713651499,0.686761301347935,0.7058823529411765,0.7075171220503699
3,0.72669256381798,0.7361499992857908,0.6992230854605993,0.7109136302896991
4,0.7846836847946725,0.7913561059305788,0.6970033296337403,0.706674792353449
5,0.8426748057713651,0.8471722470249449,0.655937846836848,0.6755045550105567
6,0.9189789123196448,0.9200027984909243,0.6936736958934517,0.6999294551916094
7,0.9644839067702553,0.9646271952858771,0.6947835738068813,0.6851685300353925
8,0.9791897891231964,0.9792826623378937,0.7003329633740288,0.6971664812649709
9,0.9869589345172031,0.9869933910700747,0.6947835738068813,0.6976719015560278
10,0.9966703662597114,0.9966720679670195,0.6936736958934517,0.6966323441974991
