epoch,train_accuracy,train_f1_score,val_accuracy,val_f1_score
1,0.5591009988901221,0.56971283296615,0.660377358490566,0.6629591573846046
2,0.6914539400665927,0.7054452128811731,0.6958934517203108,0.6915061154401579
3,0.7369589345172031,0.747690141222459,0.6526082130965594,0.6641361121298615
4,0.7724750277469479,0.7791748879840419,0.6825749167591565,0.6926615671413028
5,0.824361820199778,0.8302145120759081,0.6903440621531631,0.6923385578595087
6,0.8912319644839067,0.8932763148270705,0.6681465038845728,0.6731239814916131
7,0.9400665926748057,0.9406603733823182,0.6692563817980022,0.6654042450734601
8,0.9636514983351832,0.9637307086102409,0.6914539400665927,0.6913784891488945
9,0.9847391786903441,0.9847391269400322,0.6914539400665927,0.6856444946876219
10,0.9761376248612652,0.976240672422055,0.6104328523862376,0.6176212138529019
