epoch,train_accuracy,train_f1_score,val_accuracy,val_f1_score
1,0.6317980022197558,0.6389440533949203,0.6648168701442841,0.6818117071770415
2,0.7203107658157603,0.7279448958991672,0.6714761376248612,0.6781735976358944
3,0.7638734739178691,0.7707135129706413,0.6936736958934517,0.6931289389952972
4,0.8246392896781354,0.8286341915512642,0.6670366259711432,0.6861212818099198
5,0.8879023307436182,0.8899993118767435,0.6825749167591565,0.6918208294980246
6,0.9245283018867925,0.9254875494331218,0.6703662597114317,0.6847924102734113
7,0.9608768035516093,0.9611727780616764,0.6925638179800222,0.6926400388875288
8,0.983906770255272,0.9839479267305876,0.7081021087680355,0.7057011440674142
9,0.9786348501664817,0.9787023342621551,0.6970033296337403,0.6998072876282547
10,0.9780799112097669,0.9781113391796346,0.7158712541620422,0.7217513960405811
11,0.9794672586015538,0.9795141992316564,0.7125416204217536,0.715157469165704
12,0.983906770255272,0.9839287025196986,0.7147613762486127,0.722586807319044
13,0.9897336293007769,0.9897429144593314,0.7003329633740288,0.7115630270644371
14,0.982519422863485,0.9825453707884994,0.7136514983351832,0.7110461509523506
15,0.9841842397336293,0.9842476270996326,0.6914539400665927,0.6985286303249082
16,0.9894561598224195,0.9894754368424432,0.7125416204217536,0.7126250015752333
17,0.9933407325194229,0.9933456783416761,0.7036625971143174,0.7054063448793365
18,0.9775249722530521,0.9775999760938074,0.6936736958934517,0.699000402187711
19,0.9925083240843507,0.9925127568265772,0.7025527192008879,0.7049197358248845
20,0.9983351831298557,0.9983351831298557,0.6970033296337403,0.6957015553792242
