epoch,train_accuracy,train_f1_score,val_accuracy,val_f1_score
1,0.5366259711431742,0.5478347783739594,0.6359600443951166,0.6479089716240999
2,0.6809100998890122,0.6948357759820142,0.6903440621531631,0.7001644616231829
3,0.7278024417314095,0.7372334297444627,0.6914539400665927,0.700401702047647
4,0.767480577136515,0.7757547481377197,0.7058823529411765,0.7024843204848847
5,0.8282463928967814,0.8336533261618437,0.7158712541620422,0.7170167396014762
6,0.867369589345172,0.8705163020260973,0.6725860155382908,0.6902130168599236
7,0.9342397336293008,0.935060312463693,0.7081021087680355,0.7003663392924475
8,0.9603218645948945,0.9606375801612513,0.6947835738068813,0.6878833425302423
9,0.9700332963374029,0.9701720425991058,0.7114317425083241,0.7092920304365264
10,0.9913984461709212,0.9914020239651936,0.6981132075471698,0.7051125838766535
