epoch,train_accuracy,train_f1_score,val_accuracy,val_f1_score
1,0.5624306326304107,0.5742122756714413,0.6947835738068813,0.7079315143322781
2,0.6859045504994451,0.6970841835848147,0.6659267480577137,0.6908678552443354
3,0.7291897891231964,0.7392251501577568,0.7225305216426193,0.7309339077054292
4,0.7721975582685905,0.7791428150451818,0.683684794672586,0.7064745961266157
5,0.8271365149833518,0.8316832329526379,0.7103218645948945,0.7116962616137487
6,0.8887347391786904,0.8901521769361913,0.7125416204217536,0.7194833077744477
7,0.943118756936737,0.9434022176080838,0.7158712541620422,0.7092570484865657
8,0.9564372918978913,0.9567059553816688,0.6992230854605993,0.6994758960419473
9,0.9866814650388457,0.9866992684828458,0.7136514983351832,0.7032247394799817
10,0.9778024417314095,0.9778949379388094,0.704772475027747,0.7098502135570942
