epoch,train_accuracy,train_f1_score,val_accuracy,val_f1_score
1,0.5557713651498335,0.5600883188019399,0.6463414634146342,0.6552630934867568
2,0.6889567147613762,0.7011582132952011,0.6075388026607539,0.6304385925790823
3,0.7613762486126526,0.7695602191999318,0.6629711751662971,0.6738890941997103
4,0.8224195338512763,0.8263633618138405,0.6696230598669624,0.6750168660929536
5,0.8834628190899001,0.8848322255714527,0.6784922394678492,0.6815119703735828
6,0.9100998890122086,0.9105740532990054,0.6518847006651884,0.6587499807144798
7,0.9364594894561599,0.9366058739101599,0.6762749445676275,0.6839669927440493
8,0.9381243063263041,0.9385252765663489,0.6485587583148559,0.6647996442201142
9,0.951165371809101,0.9515151234282603,0.6696230598669624,0.6692926969989988
10,0.9644839067702553,0.9646676018961089,0.6840354767184036,0.6823393311821981
11,0.9716981132075472,0.9718367933971702,0.6618625277161863,0.6648185838424288
12,0.9669811320754716,0.967208479047883,0.6751662971175166,0.6715768290910266
13,0.9667036625971143,0.966821175881406,0.6784922394678492,0.6844601932128016
14,0.9816870144284129,0.9817651383102601,0.6951219512195121,0.6889470587084974
15,0.9761376248612652,0.9762139913875044,0.6851441241685144,0.6915561299507921
16,0.9830743618201998,0.9831342045017318,0.6962305986696231,0.6957622955390025
17,0.9880688124306326,0.9880856500738445,0.70509977827051,0.7047790835267433
18,0.9927857935627081,0.9927932686878682,0.7106430155210643,0.7086409112964
19,0.9944506104328524,0.9944516795235944,0.7195121951219512,0.7212831663438561
20,0.9950055493895672,0.9950118166787153,0.7161862527716186,0.7182582388187537
21,0.9808546059933407,0.9809483301675075,0.6751662971175166,0.6608113283738838
22,0.9517203107658158,0.9521551684229537,0.6818181818181818,0.6890818236901316
23,0.9716981132075472,0.9717998180128106,0.6984478935698448,0.6996148084760921
24,0.9858490566037735,0.9858612654219091,0.6940133037694013,0.6975680415194293
25,0.9913984461709212,0.9914048144912373,0.6962305986696231,0.6996623803170657
26,0.9958379578246392,0.9958387104263627,0.7039911308203991,0.7056374113941324
27,0.9958379578246392,0.9958434665744688,0.7028824833702882,0.7016163795129214
28,0.9955604883462819,0.995563161529901,0.7117516629711752,0.7115550427529849
