epoch,train_accuracy,train_f1_score,val_accuracy,val_f1_score
1,0.5495145631067961,0.5571612867497067,0.6126526082130965,0.6317265227811719
2,0.669625520110957,0.685322372203142,0.6703662597114317,0.6842811176288494
3,0.7583911234396671,0.7678347621064058,0.6925638179800222,0.6996260000127419
4,0.8105409153952843,0.8167579263834698,0.6725860155382908,0.6858995885954517
5,0.8496532593619972,0.8543332784506968,0.6503884572697003,0.6767052717064144
6,0.9081830790568655,0.9095690351175052,0.6770255271920089,0.6904911719096382
7,0.9406380027739251,0.94114708549587,0.6925638179800222,0.7039678189762922
8,0.9528432732316228,0.9531014801638262,0.6892341842397336,0.6981101512222286
9,0.9700416088765603,0.9701805271771967,0.7058823529411765,0.7150534275041344
10,0.9500693481276006,0.9504097019365496,0.7069922308546059,0.715819923051409
11,0.9547850208044383,0.9549965559979527,0.6970033296337403,0.704419389377555
12,0.9816920943134535,0.9817826172855163,0.7125416204217536,0.7237113639034485
13,0.9902912621359223,0.9903100199991731,0.7125416204217536,0.7105334142609803
14,0.9919556171983357,0.9919603780017766,0.7069922308546059,0.7097122326358714
15,0.9955617198335645,0.9955701698222502,0.7180910099889012,0.7218639372166769
16,0.9933425797503468,0.9933485567368516,0.709211986681465,0.7077485308273591
17,0.9927877947295423,0.9928012595461871,0.6936736958934517,0.7031514411532418
18,0.9836338418862691,0.9836638022777496,0.7136514983351832,0.7149772598180303
19,0.975866851595007,0.9759658452101989,0.6970033296337403,0.7095222419396328
20,0.991123439667129,0.9911402702593987,0.7158712541620422,0.7133278944236797
21,0.9958391123439667,0.9958406851878866,0.7214206437291898,0.722667750716446
22,0.9933425797503468,0.9933454247504334,0.7247502774694784,0.7248272458763134
23,0.996116504854369,0.9961175677457905,0.7147613762486127,0.7178552057080522
24,0.9977808599167822,0.9977816190687528,0.7169811320754716,0.7214416121076409
