epoch,train_accuracy,train_f1_score,val_accuracy,val_f1_score
1,0.65075,0.5132676056338029,0.6586586586586587,0.5231109202141186
2,0.652,0.5192797742858908,0.6596596596596597,0.5254229566459416
3,0.654,0.543185575048733,0.6586586586586587,0.5370875204907538
4,0.65675,0.5729047664719132,0.6716716716716716,0.578569920858478
5,0.6665,0.6142708510909892,0.6946946946946947,0.633990595860903
6,0.676,0.6445189709434869,0.7247247247247247,0.6977176482961233
7,0.6795,0.6603283167666795,0.7407407407407407,0.7236966386338036
8,0.6865,0.675728218453766,0.7467467467467468,0.7379284127809894
9,0.69325,0.6885318933253963,0.7547547547547547,0.7517376322127621
10,0.7,0.6975518323325787,0.7617617617617618,0.7593483991424814
11,0.70625,0.7055732990668249,0.7687687687687688,0.7672876493186833
12,0.72925,0.7287207672900927,0.7707707707707707,0.7698419261293735
13,0.72825,0.7279527058735796,0.7767767767767768,0.7766976299316855
14,0.7155,0.7183973604319371,0.7757757757757757,0.7781262031429803
15,0.7305,0.7344779171884257,0.7747747747747747,0.7784555158000703
16,0.72625,0.7309818496966696,0.7817817817817818,0.785303109150486
17,0.72825,0.7322215329238129,0.7847847847847848,0.7883019373200674
18,0.74275,0.7462511972168065,0.7847847847847848,0.7878362600494547
19,0.75425,0.7574397048025316,0.7897897897897898,0.7932679103812381
20,0.7485,0.7519099239896759,0.7907907907907908,0.7940346515511926
21,0.75575,0.7587879442266388,0.7927927927927928,0.7959159508531751
22,0.7555,0.7585544580421218,0.7927927927927928,0.7959159508531751
23,0.756,0.7599397724718981,0.7807807807807807,0.7849415462144759
24,0.76025,0.7638234189687385,0.7847847847847848,0.788638179762294
25,0.761,0.76483790385665,0.7877877877877878,0.791383887875116
26,0.7565,0.7600228745536433,0.7877877877877878,0.791383887875116
27,0.7595,0.763705131453912,0.7827827827827828,0.7870513598835879
28,0.76775,0.7715908490583955,0.7847847847847848,0.7888695545027959
29,0.76525,0.7693638687734482,0.7837837837837838,0.7879971383418485
30,0.7585,0.7622470314287452,0.7867867867867868,0.7903574704451949
