epoch,train_accuracy,train_f1_score,val_accuracy,val_f1_score
1,0.755984880302394,0.7556071491026113,0.8355704697986577,0.8367863749784891
2,0.8584628307433851,0.8590981259825892,0.8473154362416108,0.8486025618064942
3,0.8895422091558168,0.8898543840545865,0.8741610738255033,0.8739494969636844
4,0.9202015959680806,0.9203727919382071,0.8758389261744967,0.876132754220625
5,0.9504409911801764,0.9505473128879391,0.8489932885906041,0.8501736217099076
6,0.9811003779924401,0.9811149840854423,0.8708053691275168,0.8688434289445738
7,0.9874002519949601,0.9874089274435607,0.8523489932885906,0.8529901016496216
8,0.9857202855942881,0.985732519200132,0.8657718120805369,0.8638070273159659
9,0.9890802183956321,0.9890858834387751,0.8674496644295302,0.8655811856560637
10,0.9844603107937842,0.9844670443832009,0.8859060402684564,0.8849251737616699
11,0.998740025199496,0.9987403542818916,0.8825503355704698,0.8818525736694562
12,1.0,1.0,0.87751677852349,0.8764067157003776
13,1.0,1.0,0.87751677852349,0.8768405060655378
14,1.0,1.0,0.8758389261744967,0.8751012921648538
15,1.0,1.0,0.8758389261744967,0.8751012921648538
16,1.0,1.0,0.8758389261744967,0.8751012921648538
17,1.0,1.0,0.8741610738255033,0.8733598451095373
18,1.0,1.0,0.8758389261744967,0.8751012921648538
19,1.0,1.0,0.8758389261744967,0.8749946519793381
20,1.0,1.0,0.87248322147651,0.8717256514125524
21,1.0,1.0,0.8741610738255033,0.8733598451095373
22,1.0,1.0,0.8741610738255033,0.8733598451095373
23,1.0,1.0,0.8758389261744967,0.8751012921648538
24,1.0,1.0,0.8758389261744967,0.8751012921648538
25,1.0,1.0,0.8758389261744967,0.8751012921648538
26,1.0,1.0,0.8758389261744967,0.8751012921648538
27,1.0,1.0,0.8758389261744967,0.8751012921648538
28,1.0,1.0,0.8758389261744967,0.8751012921648538
29,1.0,1.0,0.8758389261744967,0.8751012921648538
30,1.0,1.0,0.8758389261744967,0.8751012921648538
