epoch,train_accuracy,train_f1_score,val_accuracy,val_f1_score
1,0.7485306465155331,0.7485511807573252,0.8403361344537815,0.8407744261159117
2,0.8618807724601175,0.8624383234924462,0.8,0.8027557490083479
3,0.8912678421494542,0.8915682034615975,0.7915966386554621,0.7943735598556708
4,0.9172963895885811,0.9175022579838866,0.8285714285714286,0.8307371928363181
5,0.9521410579345088,0.9521867191012863,0.8319327731092437,0.8336125819250217
6,0.9689336691855583,0.9689633088903087,0.8285714285714286,0.8300473209890187
7,0.9861460957178841,0.9861472269866307,0.8504201680672269,0.8485454418554744
8,0.9605373635600336,0.9605688928970016,0.8420168067226891,0.842391641971474
9,0.9857262804366079,0.9857309090849954,0.8621848739495799,0.8605384458092824
10,0.998320738874895,0.9983210124637051,0.8521008403361344,0.8521008403361344
11,0.9970612930310663,0.9970620094748511,0.8184873949579832,0.8080970816890717
12,0.9886649874055415,0.9886659129890615,0.8470588235294118,0.8471218297367876
13,0.9995801847187238,0.9995802189995949,0.8487394957983193,0.8490983806109856
14,1.0,1.0,0.8521008403361344,0.8523386769835988
15,1.0,1.0,0.8504201680672269,0.8506020556877562
16,1.0,1.0,0.8470588235294118,0.8473637329028895
17,1.0,1.0,0.8470588235294118,0.8473637329028895
18,1.0,1.0,0.8470588235294118,0.8473637329028895
19,1.0,1.0,0.8470588235294118,0.8474786608057681
20,1.0,1.0,0.8470588235294118,0.8474786608057681
21,1.0,1.0,0.8453781512605042,0.8458591872200576
22,1.0,1.0,0.8453781512605042,0.8458591872200576
23,1.0,1.0,0.8453781512605042,0.8458591872200576
24,1.0,1.0,0.8470588235294118,0.8474786608057681
25,1.0,1.0,0.8470588235294118,0.8474786608057681
26,1.0,1.0,0.8470588235294118,0.8474786608057681
27,1.0,1.0,0.8470588235294118,0.8474786608057681
28,1.0,1.0,0.8470588235294118,0.8474786608057681
29,1.0,1.0,0.8453781512605042,0.8457450112912297
30,1.0,1.0,0.8453781512605042,0.8457450112912297
