epoch,train_accuracy,train_f1_score,val_accuracy,val_f1_score
1,0.8245172124265323,0.8248422333117265,0.8436974789915966,0.845612834532664
2,0.8887489504617968,0.889157284648659,0.8722689075630252,0.8715701395404912
3,0.9286314021830394,0.9287635877105107,0.8168067226890756,0.8193118416990383
4,0.9546599496221663,0.9547759338659754,0.8605042016806723,0.8593821052287347
5,0.9617968094038623,0.9618591898252291,0.8403361344537815,0.841897511543604
6,0.9811083123425692,0.981124875006784,0.8319327731092437,0.8333797264598222
7,0.9802686817800168,0.9803009002394042,0.8605042016806723,0.8598099310608792
8,0.9911838790931989,0.9911916083364992,0.8588235294117647,0.8587043838795814
9,0.9836272040302267,0.9836364281103309,0.8100840336134454,0.8127114424717257
10,0.9886649874055415,0.9886695709291891,0.8369747899159664,0.8387037998332643
11,0.9895046179680941,0.9895088619714714,0.8134453781512605,0.8159964626476444
12,0.9949622166246851,0.9949622166246851,0.8605042016806723,0.8600757049887213
13,0.9890848026868178,0.9890900863933529,0.8638655462184874,0.8650032300907601
14,0.9949622166246851,0.9949622166246851,0.8621848739495799,0.8627118150985525
15,0.9953820319059614,0.9953838992674475,0.8403361344537815,0.8419654288642808
16,0.9979009235936188,0.9979014353391793,0.865546218487395,0.865546218487395
17,0.998320738874895,0.998320738874895,0.853781512605042,0.8544897976579416
18,1.0,1.0,0.8621848739495799,0.8622975083082127
19,1.0,1.0,0.8571428571428571,0.8574276626016001
20,1.0,1.0,0.8554621848739495,0.8558051192504973
