epoch,train_accuracy,train_f1_score,val_accuracy,val_f1_score
1,0.7215455690886182,0.7236447521572225,0.8338926174496645,0.8305577376134773
2,0.8437631247375053,0.8443249585457265,0.8624161073825504,0.8621719124523222
3,0.8874422511549769,0.8878955924209565,0.8573825503355704,0.8555893804818556
4,0.9193616127677446,0.9194876918793551,0.860738255033557,0.8611696411242671
5,0.9353212935741285,0.9353785050526509,0.8791946308724832,0.8793228388592833
6,0.9617807643847123,0.9618112591455631,0.860738255033557,0.858562490436733
7,0.9575808483830324,0.9576146942165039,0.8674496644295302,0.8659106768801964
8,0.9857202855942881,0.9857254065303392,0.860738255033557,0.8598485038039877
9,0.9861402771944561,0.9861513357341053,0.8489932885906041,0.8478446726757312
10,0.9932801343973121,0.9932813447067316,0.8624161073825504,0.8614821343287334
11,0.99370012599748,0.9937006945927235,0.8590604026845637,0.8578694197487026
12,0.991180176396472,0.9911825538925755,0.8573825503355704,0.8557266776559075
13,0.997060058798824,0.997060324143271,0.8540268456375839,0.8517462249156118
14,0.9886602267954641,0.9886672957601684,0.8573825503355704,0.8573425456722251
15,0.998320033599328,0.998320033599328,0.8657718120805369,0.8653581779181012
16,0.998320033599328,0.9983203361766827,0.8221476510067114,0.813817433431441
17,0.996640067198656,0.9966406723533656,0.8825503355704698,0.8826749822243033
18,1.0,1.0,0.87248322147651,0.8724109054441078
19,1.0,1.0,0.8573825503355704,0.855989869785195
20,0.999160016799664,0.999160016799664,0.8708053691275168,0.8704506564064565
21,0.99790004199916,0.9979002315309078,0.8489932885906041,0.8491535485741043
22,0.9857202855942881,0.9857329166999358,0.8640939597315436,0.8639771029246309
23,0.998320033599328,0.9983206360623929,0.8741610738255033,0.8743261096720147
24,1.0,1.0,0.87248322147651,0.8722568944680058
25,1.0,1.0,0.8691275167785235,0.8685401246890813
26,1.0,1.0,0.8674496644295302,0.8669026073992148
27,1.0,1.0,0.8674496644295302,0.8668060379295087
28,1.0,1.0,0.8674496644295302,0.8669958345244885
29,1.0,1.0,0.8691275167785235,0.868633819352064
30,1.0,1.0,0.8691275167785235,0.868633819352064
