epoch,train_accuracy,train_f1_score,val_accuracy,val_f1_score
1,0.8102434928631402,0.8103719321304533,0.8554621848739495,0.8558305589351342
2,0.8942065491183879,0.8943805698226753,0.7815126050420168,0.7818582348193515
3,0.9353484466834593,0.9354134749653961,0.8571428571428571,0.8579781021625638
4,0.9617968094038623,0.9617935090684179,0.8453781512605042,0.8434929719635602
5,0.9727120067170445,0.9727416710799479,0.8487394957983193,0.8485237811976498
6,0.9890848026868178,0.9890829124498648,0.8285714285714286,0.829965036346397
7,0.9794290512174643,0.9794676857592,0.8453781512605042,0.845582950811663
8,0.9886649874055415,0.9886735985567886,0.853781512605042,0.8526554443026642
9,0.9865659109991604,0.9865750040446339,0.8487394957983193,0.8487394957983193
10,0.9979009235936188,0.9979014626139605,0.8521008403361344,0.8516637860818086
11,0.9991603694374476,0.9991603694374476,0.8504201680672269,0.8502616145464442
12,0.9773299748110831,0.977356452264163,0.853781512605042,0.8540212985753922
13,0.9932829554995802,0.9932852500026538,0.8403361344537815,0.8415128151982462
14,0.9974811083123426,0.9974815405260623,0.8487394957983193,0.8485237811976498
15,0.9958018471872376,0.9958025675434372,0.8521008403361344,0.852296735558982
16,0.9974811083123426,0.9974811083123426,0.8285714285714286,0.8300100976545155
17,0.9974811083123426,0.9974819687509952,0.8504201680672269,0.8502616145464442
18,1.0,1.0,0.8470588235294118,0.8470057597077132
19,1.0,1.0,0.8470588235294118,0.847110916281455
20,1.0,1.0,0.8470588235294118,0.847110916281455
