epoch,train_accuracy,train_f1_score,val_accuracy,val_f1_score
1,0.7636439966414778,0.7640142235087771,0.7747899159663866,0.7761673126036348
2,0.8761544920235097,0.8764619817329863,0.8100840336134454,0.8115474046196789
3,0.9059613769941226,0.906101258418568,0.8336134453781513,0.835102209177047
4,0.9424853064651554,0.9425571091056241,0.8436974789915966,0.8429139379889887
5,0.9634760705289672,0.963479211313553,0.8184873949579832,0.8200541744542686
6,0.9685138539042821,0.9685377737688574,0.8554621848739495,0.8554621848739495
7,0.9882451721242653,0.9882511673012229,0.826890756302521,0.8284711183561931
8,0.9865659109991604,0.9865816013417261,0.8521008403361344,0.8529334318865787
9,0.9962216624685138,0.996221987377264,0.853781512605042,0.8541966427447129
10,1.0,1.0,0.853781512605042,0.8538313155657867
11,1.0,1.0,0.8504201680672269,0.8506654663587346
12,1.0,1.0,0.8521008403361344,0.8521008403361344
13,1.0,1.0,0.853781512605042,0.8541107901813938
14,1.0,1.0,0.8504201680672269,0.8506654663587346
15,1.0,1.0,0.8521008403361344,0.8523891039805054
16,1.0,1.0,0.8554621848739495,0.855830558935134
17,1.0,1.0,0.8571428571428571,0.8575484440609266
18,1.0,1.0,0.8554621848739495,0.855830558935134
19,1.0,1.0,0.853781512605042,0.8541107901813938
20,1.0,1.0,0.8571428571428571,0.8575484440609266
21,1.0,1.0,0.8571428571428571,0.8575484440609266
22,1.0,1.0,0.8571428571428571,0.8575484440609266
23,1.0,1.0,0.8571428571428571,0.8575484440609266
24,1.0,1.0,0.8554621848739495,0.8559136334931898
25,1.0,1.0,0.8554621848739495,0.8559136334931898
26,1.0,1.0,0.8554621848739495,0.8559136334931898
27,1.0,1.0,0.8554621848739495,0.8559136334931898
28,1.0,1.0,0.8554621848739495,0.8559136334931898
29,1.0,1.0,0.8571428571428571,0.8576287870547604
30,1.0,1.0,0.8554621848739495,0.8559136334931898
