epoch,train_accuracy,train_f1_score,val_accuracy,val_f1_score
1,0.3398876404494382,0.3286297493424707,0.30337078651685395,0.31582769781333053
2,0.5084269662921348,0.5164534191341927,0.5393258426966292,0.5067072221912314
3,0.6264044943820225,0.5941968132994686,0.5617977528089888,0.48771544828802077
4,0.6713483146067416,0.6572473309993039,0.651685393258427,0.6246203342200224
5,0.7275280898876404,0.7094480050599457,0.5617977528089888,0.5370117499798902
6,0.7752808988764045,0.7870357828524616,0.5393258426966292,0.5460750419441761
7,0.8089887640449438,0.8088455289277747,0.6067415730337079,0.594504160129208
8,0.7949438202247191,0.8123826714734667,0.5955056179775281,0.6045991461721798
9,0.8735955056179775,0.8779585883158902,0.6179775280898876,0.6243180722030689
10,0.9129213483146067,0.9148367778797648,0.550561797752809,0.5553496690575342
11,0.9157303370786517,0.9212986849496076,0.651685393258427,0.6379211560033466
12,0.9578651685393258,0.9583986281474121,0.6741573033707865,0.6619645313257895
13,0.9410112359550562,0.9428264957368373,0.6292134831460674,0.5918283963227783
14,0.9775280898876404,0.977744888995715,0.6067415730337079,0.6042328158553844
15,0.9915730337078652,0.991656022042391,0.5955056179775281,0.5835033015958967
16,1.0,1.0,0.651685393258427,0.6292095551147431
17,1.0,1.0,0.6292134831460674,0.6057054465617039
18,1.0,1.0,0.651685393258427,0.6280622128743012
19,1.0,1.0,0.6292134831460674,0.6059770114942529
20,1.0,1.0,0.6629213483146067,0.6399070127857419
21,1.0,1.0,0.651685393258427,0.6283500304422427
22,1.0,1.0,0.651685393258427,0.6270857257056573
23,1.0,1.0,0.6629213483146067,0.6399070127857419
24,1.0,1.0,0.651685393258427,0.6309863454381083
25,1.0,1.0,0.6292134831460674,0.6070097179819592
26,1.0,1.0,0.6404494382022472,0.6202022221944482
27,1.0,1.0,0.651685393258427,0.6270764393272549
28,1.0,1.0,0.651685393258427,0.6272584489329687
29,1.0,1.0,0.6404494382022472,0.6202022221944482
30,1.0,1.0,0.6404494382022472,0.6183458959999061
