epoch,train_accuracy,train_f1_score,val_accuracy,val_f1_score
1,0.2247191011235955,0.2507935265514741,0.6292134831460674,0.5589167068364898
2,0.6882022471910112,0.6613557372130517,0.5393258426966292,0.619110979696432
3,0.699438202247191,0.7289618058839369,0.8314606741573034,0.8431937357839303
4,0.8286516853932584,0.8294682923435489,0.8202247191011236,0.841524839785079
5,0.8735955056179775,0.8813954589065145,0.797752808988764,0.8232188726224057
6,0.9297752808988764,0.9323412129839757,0.8764044943820225,0.8551857612401261
7,0.9550561797752809,0.955449494769817,0.8764044943820225,0.8774143656461811
8,0.9887640449438202,0.9888175603118805,0.8764044943820225,0.8759477150839128
9,0.9943820224719101,0.9943375554426968,0.7191011235955056,0.7715148629887559
10,0.9550561797752809,0.9598715890850721,0.797752808988764,0.8285870801402858
11,0.9971910112359551,0.9972249230093352,0.8426966292134831,0.8525571175934692
12,1.0,1.0,0.8314606741573034,0.8399586047909403
13,1.0,1.0,0.8426966292134831,0.8457578074005815
14,1.0,1.0,0.8539325842696629,0.8580290970225513
15,1.0,1.0,0.8426966292134831,0.8457578074005815
16,1.0,1.0,0.8539325842696629,0.8580290970225513
17,1.0,1.0,0.8426966292134831,0.8457578074005815
18,1.0,1.0,0.8426966292134831,0.8457578074005815
19,1.0,1.0,0.8426966292134831,0.8457578074005815
20,1.0,1.0,0.8426966292134831,0.8457578074005815
