epoch,train_accuracy,train_f1_score,val_accuracy,val_f1_score
1,0.41292134831460675,0.3553415387536656,0.1797752808988764,0.09132672828914595
2,0.38764044943820225,0.37456326554694713,0.6067415730337079,0.5273096129837703
3,0.547752808988764,0.4905969522052582,0.5955056179775281,0.5420317904055337
4,0.651685393258427,0.6326771070803957,0.6179775280898876,0.6018143986683312
5,0.6685393258426966,0.6717105101744476,0.6404494382022472,0.6370297997068881
6,0.7556179775280899,0.7624878939326475,0.5955056179775281,0.6192472090464769
7,0.7696629213483146,0.78109182922547,0.6067415730337079,0.6131300611324314
8,0.8286516853932584,0.8341862565669166,0.6404494382022472,0.6568113387677168
9,0.8764044943820225,0.8736704302025778,0.550561797752809,0.5879334789003623
10,0.8595505617977528,0.8655816230986777,0.6741573033707865,0.6786448157482526
11,0.9157303370786517,0.9174404884636392,0.6741573033707865,0.6925776174786142
12,0.9044943820224719,0.9104160754703974,0.6853932584269663,0.6868946241541272
13,0.9775280898876404,0.9775640608846088,0.6067415730337079,0.6333055902344291
14,0.9662921348314607,0.9673749076952932,0.6741573033707865,0.6828399983891104
15,0.9859550561797753,0.9859676424604653,0.6629213483146067,0.6725346981961697
16,0.9943820224719101,0.9943866532311241,0.6853932584269663,0.6839869615867703
17,0.9943820224719101,0.9943866532311241,0.6853932584269663,0.6922820438617462
18,0.9971910112359551,0.9971967381391825,0.6853932584269663,0.6839869615867703
19,0.9971910112359551,0.9971967381391825,0.6966292134831461,0.695543356345527
20,0.9971910112359551,0.9971967381391825,0.7078651685393258,0.706555715130523
21,0.9971910112359551,0.9971967381391825,0.7078651685393258,0.706555715130523
22,1.0,1.0,0.7078651685393258,0.706555715130523
23,1.0,1.0,0.7078651685393258,0.706555715130523
24,1.0,1.0,0.7078651685393258,0.706555715130523
25,1.0,1.0,0.7078651685393258,0.706555715130523
26,1.0,1.0,0.7078651685393258,0.706555715130523
27,1.0,1.0,0.7191011235955056,0.7152019796682717
28,1.0,1.0,0.7191011235955056,0.7152019796682717
29,1.0,1.0,0.7191011235955056,0.7152019796682717
30,1.0,1.0,0.7191011235955056,0.7152019796682717
