epoch,train_accuracy,train_f1_score,val_accuracy,val_f1_score
1,0.3960674157303371,0.3721319593259484,0.47191011235955055,0.4087134165297331
2,0.5814606741573034,0.5517573569251432,0.5056179775280899,0.39758546497728897
3,0.6207865168539326,0.5662790081268644,0.5280898876404494,0.45884916028139067
4,0.6882022471910112,0.6717608641199457,0.6067415730337079,0.5813993119805676
5,0.75,0.7497094517658678,0.5168539325842697,0.5257648784066343
6,0.7162921348314607,0.719135113458949,0.5955056179775281,0.5667010202947589
7,0.8089887640449438,0.8209087467229523,0.5617977528089888,0.6068227643406361
8,0.8258426966292135,0.8383474226740644,0.5168539325842697,0.5868086330298752
9,0.851123595505618,0.8646078431939832,0.6292134831460674,0.6396895787139689
10,0.9044943820224719,0.909744940758411,0.6179775280898876,0.6301054974835462
11,0.9297752808988764,0.9320655362174561,0.6179775280898876,0.6419431413003521
12,0.9044943820224719,0.9159980516044502,0.5955056179775281,0.6213047527489034
13,0.9606741573033708,0.9612481580114571,0.651685393258427,0.6631579278944566
14,0.9803370786516854,0.9807347243372311,0.6404494382022472,0.6620487138459362
15,0.9831460674157303,0.983326910151449,0.651685393258427,0.6559795862148238
16,0.9859550561797753,0.9861449786711632,0.651685393258427,0.6681380142334207
17,0.9887640449438202,0.988824774849371,0.651685393258427,0.6624812302594107
18,0.9915730337078652,0.9916147615459753,0.6179775280898876,0.6257495776457858
19,0.9915730337078652,0.9916134446267235,0.6292134831460674,0.6359332558601545
20,0.9943820224719101,0.9944158005955758,0.6404494382022472,0.6567892969042756
21,0.9971910112359551,0.9971766189789893,0.6292134831460674,0.6263122204959614
22,0.9971910112359551,0.9971766189789893,0.6179775280898876,0.6257495776457858
23,0.9971910112359551,0.9971766189789893,0.6292134831460674,0.631902567012474
24,0.9971910112359551,0.9971766189789893,0.6292134831460674,0.6362279264141287
25,0.9971910112359551,0.9971766189789893,0.6292134831460674,0.6362279264141287
26,0.9971910112359551,0.9971766189789893,0.6292134831460674,0.631902567012474
27,0.9971910112359551,0.9971766189789893,0.6404494382022472,0.6422424670618484
28,0.9971910112359551,0.9971766189789893,0.6404494382022472,0.6422424670618484
29,0.9971910112359551,0.9971766189789893,0.6404494382022472,0.6422424670618484
30,0.9971910112359551,0.9971766189789893,0.6404494382022472,0.6422424670618484
