epoch,train_accuracy,train_f1_score,val_accuracy,val_f1_score
1,0.1853932584269663,0.09930811185846165,0.24719101123595505,0.2210614195310049
2,0.4943820224719101,0.4700898028556696,0.5393258426966292,0.46941026342822817
3,0.6713483146067416,0.6391509088687828,0.5730337078651685,0.534240094618569
4,0.6910112359550562,0.6753167740456095,0.6179775280898876,0.5994038064664069
5,0.7050561797752809,0.6861983720363983,0.6966292134831461,0.6482967718922775
6,0.7893258426966292,0.7873703212122245,0.6629213483146067,0.6515139065039925
7,0.7893258426966292,0.7856016577051828,0.6741573033707865,0.6762172284644195
8,0.8426966292134831,0.84647370783466,0.6404494382022472,0.6536904875839359
9,0.8764044943820225,0.8829973660051379,0.6966292134831461,0.6956928838951311
10,0.9073033707865169,0.9110900525351109,0.6292134831460674,0.6512665567523466
11,0.898876404494382,0.9040071630874505,0.6741573033707865,0.6733647547307439
12,0.9297752808988764,0.9316793557273109,0.7078651685393258,0.6981927494937549
13,0.9691011235955056,0.96935113575563,0.7191011235955056,0.7096551724137932
14,0.9747191011235955,0.9750017257951156,0.6966292134831461,0.6707305447107982
15,0.9775280898876404,0.9778778282269708,0.7303370786516854,0.7023636541180318
16,0.9915730337078652,0.9916095955820158,0.7078651685393258,0.6968781375894147
17,0.9915730337078652,0.9915834362024465,0.7191011235955056,0.6992982399872684
18,0.9943820224719101,0.9943820224719101,0.7078651685393258,0.6896501548041648
19,0.9971910112359551,0.9971838863830057,0.7078651685393258,0.6896501548041648
20,0.9971910112359551,0.9971838863830057,0.7191011235955056,0.7045408586363234
21,1.0,1.0,0.6966292134831461,0.6789965770574686
22,1.0,1.0,0.6966292134831461,0.6813442656139286
23,1.0,1.0,0.6966292134831461,0.6789965770574686
24,1.0,1.0,0.6966292134831461,0.6789965770574686
25,1.0,1.0,0.6853932584269663,0.6662245359555984
26,1.0,1.0,0.6853932584269663,0.6690473630449976
27,1.0,1.0,0.6853932584269663,0.6662245359555984
28,1.0,1.0,0.6853932584269663,0.6662245359555984
29,1.0,1.0,0.6853932584269663,0.6662245359555984
30,1.0,1.0,0.6853932584269663,0.6690473630449976
