epoch,train_accuracy,train_f1_score,val_accuracy,val_f1_score
1,0.5803513337670787,0.5953301649378182,0.64629388816645,0.6541100262989635
2,0.8282368249837345,0.8314218337184923,0.776332899869961,0.7840113647402445
3,0.8786597267404034,0.8805773010422876,0.8907672301690507,0.8911233130026248
4,0.9092387768379961,0.9101400860076135,0.871261378413524,0.8716127385953333
5,0.9235523747560183,0.9244562121318466,0.8790637191157347,0.8776637091779911
6,0.9528301886792453,0.9532056777300474,0.8504551365409623,0.8536835289150027
7,0.9710474951203644,0.9711880953565697,0.8569570871261378,0.8569570871261378
8,0.9772283669486012,0.9773298250235914,0.8764629388816645,0.8759640033951355
9,0.9850357839947951,0.9850903328569659,0.8738621586475943,0.873501595012777
10,0.9879635653871177,0.9880025137699895,0.834850455136541,0.8386282021635197
11,0.9869876382563435,0.9870315246111507,0.8894668400520156,0.8858820826381639
12,0.9899154196486663,0.9899425015807758,0.8790637191157347,0.8761092331538067
13,0.9899154196486663,0.9899368988824183,0.8842652795838751,0.8826139810676145
14,0.9853610930383865,0.985412462973231,0.88296488946684,0.8826984815671545
15,0.9899154196486663,0.9899368988824183,0.8894668400520156,0.8872638455049603
16,0.9905660377358491,0.9905808409165526,0.8673602080624188,0.8676511665443427
17,0.9899154196486663,0.9899340778814588,0.8751625487646294,0.8747323636579408
18,0.9905660377358491,0.9905808409165526,0.8608582574772432,0.8625850399723085
19,0.9931685100845804,0.9931811495326012,0.8725617685305592,0.8725617685305592
20,0.9970722186076773,0.9970743212684583,0.8803641092327699,0.8775329486132865
21,0.9970722186076773,0.9970743212684583,0.8738621586475943,0.8732011481446116
22,0.9980481457384516,0.9980487083798791,0.8803641092327699,0.8780668597575225
