epoch,train_accuracy,train_f1_score,val_accuracy,val_f1_score
1,0.5602108768035516,0.5717895092158239,0.7347391786903441,0.7330489167572897
2,0.6911764705882353,0.7024567481047131,0.7347391786903441,0.7435121008004775
3,0.7400110987791343,0.7485580933463415,0.7291897891231964,0.7367839455826798
4,0.7832963374028857,0.7899561781622226,0.7147613762486127,0.7302720082505558
5,0.8293562708102109,0.8335925872259771,0.7425083240843507,0.7450007972084113
6,0.8845726970033296,0.8864389695368565,0.6748057713651499,0.6876781839935879
7,0.9162042175360711,0.9173894887056543,0.7014428412874584,0.7173901783617695
8,0.9286903440621531,0.9293357297477379,0.7203107658157603,0.7251716312651999
9,0.9639289678135405,0.9640772908300874,0.7192008879023307,0.703243393454542
10,0.967258601553829,0.9674193220169705,0.7003329633740288,0.7063234924186919
11,0.9797447280799112,0.9797978266288383,0.7114317425083241,0.7163814797102968
12,0.980299667036626,0.9803211859901729,0.7258601553829079,0.7245669302409867
13,0.9889012208657048,0.9889157261568001,0.7169811320754716,0.7162090464860476
14,0.9769700332963374,0.9770742597564139,0.7081021087680355,0.7035766421729394
