epoch,train_accuracy,train_f1_score,val_accuracy,val_f1_score
1,0.5677025527192009,0.5806282860223817,0.7713651498335183,0.766298081190613
2,0.7369589345172031,0.7466101478862968,0.804661487236404,0.8061798271043722
3,0.7763596004439511,0.7842998530670844,0.7913429522752498,0.7990648567119156
4,0.7935627081021087,0.8002386089218144,0.7857935627081021,0.7893558207172557
5,0.8232519422863485,0.8282684901270859,0.7869034406215316,0.7830611100375451
6,0.8629300776914539,0.8661260185038413,0.7602663706992231,0.7720950257438682
7,0.8995560488346281,0.9015768002736707,0.758046614872364,0.7736284290199283
8,0.9328523862375139,0.9336909751647624,0.781354051054384,0.7809216323352682
9,0.9608768035516093,0.9611064522247863,0.7669256381798002,0.7727820712940832
10,0.9728079911209767,0.9729665518999094,0.7602663706992231,0.7703101422846834
11,0.9678135405105438,0.967952426894047,0.781354051054384,0.7866722707164424
