epoch,train_accuracy,train_f1_score,val_accuracy,val_f1_score
1,0.5696448390677026,0.5814235421205228,0.7225305216426193,0.7241910892457949
2,0.6884017758046614,0.6995877625862523,0.6859045504994451,0.6873902303682659
3,0.717258601553829,0.726250727217077,0.6670366259711432,0.6894540980069943
4,0.7461154273029966,0.7545276459620267,0.7280799112097669,0.7274694889062712
5,0.7738623751387348,0.7806366218606888,0.7136514983351832,0.7141132617216505
6,0.8129855715871254,0.8180397507018774,0.6870144284128746,0.6953533157806745
7,0.8668146503884573,0.8691533930682118,0.7036625971143174,0.6741674013907822
8,0.8948390677025527,0.8964439888633435,0.7147613762486127,0.7190292239386871
9,0.9200887902330743,0.9211253228618499,0.6970033296337403,0.6739172734093682
10,0.9392341842397336,0.9396627870223982,0.6981132075471698,0.697433990673997
11,0.9589345172031076,0.9591472990307771,0.681465038845727,0.6721161517239433
12,0.9678135405105438,0.9678948177055525,0.6759156492785794,0.6755544262428157
13,0.9697558268590455,0.9698736171456496,0.6947835738068813,0.6947097935549412
