epoch,train_accuracy,train_f1_score,val_accuracy,val_f1_score
1,0.4714206437291898,0.4857562701089657,0.7258601553829079,0.7090687470929886
2,0.7380688124306326,0.7489769349617788,0.7669256381798002,0.7561947928312805
3,0.7516648168701443,0.7612213110582038,0.7680355160932297,0.7676165195895982
4,0.7885682574916759,0.7966216734227435,0.7469478357380688,0.7582175288338552
5,0.8093784683684795,0.8153824834673976,0.7746947835738068,0.7789688053640313
6,0.8263041065482797,0.83116137368214,0.7846836847946725,0.7843285855898406
7,0.8501664816870145,0.8539155945545094,0.7724750277469479,0.7679852673093738
8,0.8879023307436182,0.8904584001446971,0.7769145394006659,0.775342310836109
9,0.9137069922308546,0.9150863749021486,0.7635960044395117,0.7656889038095557
10,0.945338512763596,0.9459818514776155,0.7669256381798002,0.7632074747320502
11,0.9719755826859046,0.9721235328322272,0.7680355160932297,0.7680355160932297
12,0.9783573806881243,0.9784733378501396,0.7480577136514983,0.752042475757491
13,0.9769700332963374,0.9771106880854044,0.7635960044395117,0.7541366892675495
14,0.9814095449500555,0.9815107464266847,0.7591564927857936,0.7539997411017962
15,0.97669256381798,0.976751927019559,0.7524972253052165,0.7535637097322774
