epoch,train_accuracy,train_f1_score,val_accuracy,val_f1_score
1,0.5729744728079911,0.5868956447139997,0.7902330743618202,0.78908161125795
2,0.7452830188679245,0.7554572741091559,0.7713651498335183,0.7771060089658427
3,0.795227524972253,0.802091914281746,0.7880133185349611,0.7944579325496249
4,0.8132630410654828,0.8195492014363688,0.7891231964483907,0.7952737393707573
5,0.8596004439511654,0.8635874704136614,0.7724750277469479,0.7768029762156002
6,0.8945615982241953,0.8965057788869928,0.7835738068812431,0.7815443148756794
7,0.9295227524972253,0.9305012888227873,0.7869034406215316,0.7839145857221013
8,0.9619866814650389,0.9622552765055818,0.7591564927857936,0.7681483750954234
9,0.9725305216426193,0.9726561801303277,0.7780244173140954,0.7782026705004103
10,0.9775249722530521,0.9776306643226769,0.7635960044395117,0.7715508806862713
