epoch,train_accuracy,train_f1_score,val_accuracy,val_f1_score
1,0.5808483830323393,0.6053754603325283,0.7818791946308725,0.7919044487457537
2,0.7765644687106258,0.7916216999770296,0.7063758389261745,0.7486742356117297
3,0.8147837043259135,0.8275955423414968,0.75,0.7822399902392588
4,0.8534229315413692,0.8615380883861851,0.8171140939597316,0.8253852771541278
5,0.8660226795464091,0.8733751242905713,0.7919463087248322,0.8019043245289562
6,0.9050818983620328,0.9092636766841073,0.8322147651006712,0.8392749487937722
7,0.9189416211675766,0.9211629578786235,0.8053691275167785,0.8176085744029234
8,0.9374212515749685,0.9386594228733998,0.8154362416107382,0.8220403093981629
9,0.9571608567828643,0.9577621201971274,0.8187919463087249,0.828237595132169
10,0.9596808063838723,0.9602582387681091,0.7583892617449665,0.7719699972302598
11,0.9542209155816883,0.9552993920315573,0.8036912751677853,0.811301785791803
12,0.9680806383872322,0.968615981161696,0.8003355704697986,0.805543328001912
13,0.9769004619907602,0.9771471375595683,0.8204697986577181,0.8238160341165384
14,0.9874002519949601,0.9874851987284305,0.8104026845637584,0.8086117613696806
15,0.9848803023939521,0.9849600496396711,0.8238255033557047,0.8221895574429822
