epoch,train_accuracy,train_f1_score,val_accuracy,val_f1_score
1,0.5961376994122586,0.6230777561211065,0.773109243697479,0.7735612483821087
2,0.7674223341729639,0.7833012810840436,0.7546218487394958,0.7906397068781568
3,0.8039462636439967,0.8183609977325601,0.8184873949579832,0.8325356678297854
4,0.8387909319899244,0.8482970084963872,0.8453781512605042,0.8542657725405518
5,0.8618807724601175,0.868304049466506,0.8504201680672269,0.8577300968838093
6,0.889168765743073,0.8930187900870346,0.8453781512605042,0.8521705530065091
7,0.9147774979009236,0.9171193366628526,0.8487394957983193,0.8522409111130369
8,0.9336691855583543,0.9344215550401004,0.8184873949579832,0.8275033293333418
9,0.947103274559194,0.9476432387455866,0.8201680672268907,0.8270077702063758
10,0.9416456759026028,0.943023675276608,0.8319327731092437,0.8421395208587149
11,0.9609571788413098,0.9613088464199264,0.8319327731092437,0.8385617969849503
12,0.8572628043660789,0.8644205901179903,0.8302521008403362,0.8357530561390432
13,0.887489504617968,0.8918087996930784,0.8336134453781513,0.8388581226751589
14,0.9324097397145256,0.9341341404335135,0.8084033613445378,0.8131528660733022
