epoch,train_accuracy,train_f1_score,val_accuracy,val_f1_score
1,0.47296587926509187,0.5014883307398813,0.6785714285714286,0.6571524307605958
2,0.7721784776902887,0.7871793774061506,0.7962184873949579,0.7886555963381521
3,0.8057742782152231,0.8194090863621196,0.7773109243697479,0.7859541375176924
4,0.8398950131233596,0.8500873297875798,0.8025210084033614,0.8064267640031652
5,0.868766404199475,0.8754577244905134,0.8088235294117647,0.8047700031179117
6,0.8813648293963254,0.8865637451980444,0.8046218487394958,0.805978323532803
7,0.9175853018372704,0.9202630060523412,0.8067226890756303,0.8026164775710074
8,0.9380577427821523,0.9397695524044595,0.8004201680672269,0.7859938630607394
9,0.94750656167979,0.9484406957490051,0.7983193277310925,0.7910709015115688
10,0.9611548556430446,0.9619494754311436,0.8046218487394958,0.7942143126858167
11,0.9805774278215224,0.980666477010585,0.8067226890756303,0.7961260853990091
12,0.9758530183727034,0.9760067809345346,0.7941176470588235,0.7902206857544486
13,0.9811023622047244,0.9812131603034151,0.8088235294117647,0.8065166414535989
14,0.9832020997375328,0.9832290630810852,0.8109243697478992,0.8013800162464255
15,0.9879265091863517,0.9879952825434846,0.8067226890756303,0.8008246853741405
