epoch,train_accuracy,train_f1_score,val_accuracy,val_f1_score
1,0.6217464315701091,0.6548189810168651,0.8050420168067227,0.8050420168067227
2,0.7879932829554995,0.8042839745656107,0.7899159663865546,0.8026756483010566
3,0.8270361041141897,0.8384124201071416,0.8033613445378152,0.809913579307498
4,0.8585222502099077,0.8674728666141046,0.8033613445378152,0.8010146877866539
5,0.8849706129303107,0.890469695424071,0.7966386554621848,0.7838589776035425
6,0.9093198992443325,0.9119382719174265,0.7949579831932773,0.8081534068817398
7,0.9336691855583543,0.9358009661050288,0.7798319327731092,0.7905255886198739
8,0.9546599496221663,0.9555879886328887,0.8084033613445378,0.8039970327367365
9,0.9731318219983207,0.9733228544301893,0.7966386554621848,0.7869242986835325
10,0.9550797649034425,0.9559582987532977,0.8050420168067227,0.7979413442958048
11,0.964735516372796,0.9654028213052885,0.8151260504201681,0.8143896472616196
12,0.9769101595298069,0.9771280933681816,0.7747899159663866,0.7846783704659741
13,0.9811083123425692,0.9812474166581013,0.8134453781512605,0.8052293424997385
14,0.9798488664987406,0.9800131779327534,0.7865546218487395,0.7735724427128312
15,0.9815281276238456,0.9817684203933276,0.8,0.7918721792468132
