epoch,train_accuracy,train_f1_score,val_accuracy,val_f1_score
1,0.5228346456692914,0.5483096252306136,0.7478991596638656,0.755308014460823
2,0.7706036745406825,0.7867138009379644,0.6869747899159664,0.7212915707107823
3,0.8246719160104987,0.836940390396593,0.7605042016806722,0.7736962929624501
4,0.8467191601049868,0.8556823041355519,0.773109243697479,0.7842600354623654
5,0.8650918635170604,0.8724943546043883,0.7773109243697479,0.7867432029757642
6,0.8834645669291339,0.8889015922163973,0.7647058823529411,0.7756248253487782
7,0.9144356955380577,0.916863190597859,0.8067226890756303,0.8022418228740822
8,0.9359580052493438,0.9371019241163706,0.7941176470588235,0.7972339604262207
9,0.9391076115485564,0.9404286188382976,0.7983193277310925,0.8050284324725129
10,0.9585301837270341,0.9590161242110103,0.8151260504201681,0.8102252756308407
11,0.9769028871391076,0.9770029265686508,0.7773109243697479,0.7901109788028734
12,0.9763779527559056,0.9765945180195098,0.8025210084033614,0.8039086286177152
13,0.9826771653543307,0.9827270582451403,0.8004201680672269,0.8000415571042421
14,0.9884514435695538,0.9884675870389678,0.8046218487394958,0.804055106205378
15,0.9952755905511811,0.9952753075491225,0.792016806722689,0.7913412271599991
