epoch,train_accuracy,train_f1_score,val_accuracy,val_f1_score
1,0.5636287274254514,0.5886533057865988,0.7684563758389261,0.7822273149638337
2,0.7711045779084418,0.7878791914966237,0.7885906040268457,0.7981946144890004
3,0.8164636707265854,0.8287635480769888,0.7986577181208053,0.8099435614485658
4,0.8416631667366653,0.8509306889840269,0.8070469798657718,0.8238925374090038
5,0.8572028559428811,0.8652865938019777,0.8489932885906041,0.8465465500804155
6,0.8853422931541369,0.8905742254699934,0.7885906040268457,0.8015616953316128
7,0.9080218395632087,0.9109327805151344,0.8003355704697986,0.8144383863954496
8,0.9260814783704326,0.928167381372298,0.8171140939597316,0.823378412264543
9,0.9416211675766485,0.9430632943480008,0.8338926174496645,0.8371513382977961
10,0.9449811003779924,0.9461460382637119,0.8221476510067114,0.8282654084647899
11,0.9659806803863923,0.9662714913608339,0.8187919463087249,0.8131813575141316
12,0.9731205375892482,0.9733524786401316,0.8238255033557047,0.8302641184547771
13,0.9798404031919362,0.9800078134734208,0.8288590604026845,0.8264598975972636
14,0.9853002939941201,0.9853883296133519,0.8271812080536913,0.8329970098977143
