epoch,train_accuracy,train_f1_score,val_accuracy,val_f1_score
1,0.6755,0.6755714742938281,0.79,0.7879867197537304
2,0.80175,0.802632747136661,0.807,0.808461326710322
3,0.83075,0.8315464583876196,0.821,0.8224894875305115
4,0.85,0.8508329403149939,0.834,0.8331472279839616
5,0.87175,0.8722542303382149,0.811,0.8127382002545687
6,0.8835,0.8840037793421204,0.832,0.831929240739119
7,0.90125,0.9016727692553366,0.836,0.8343293718166382
8,0.91875,0.9189643601385349,0.817,0.8177106674972804
9,0.936,0.936219936243059,0.817,0.8173264875939135
10,0.94325,0.9434213240991218,0.823,0.8233157830826378
11,0.95475,0.9548823382233199,0.825,0.8248127560740102
12,0.967,0.9670493012923723,0.798,0.7991723945029225
13,0.97225,0.972298536622033,0.817,0.8168041963516793
14,0.97425,0.9742871453370907,0.821,0.8205651824896204
15,0.9785,0.9785299055298937,0.817,0.8173945507472422
16,0.9845,0.9845134438413962,0.824,0.823361976369495
17,0.979,0.9790159793297211,0.804,0.8055038363171355
18,0.983,0.9830201145824197,0.815,0.8150383330261693
19,0.989,0.989002422857418,0.821,0.8211100603314013
20,0.9875,0.9875054779276123,0.809,0.8099756994269433
21,0.98975,0.9897550468053354,0.813,0.8131149792288941
22,0.99275,0.9927527836709003,0.812,0.8126994625878463
23,0.98775,0.987753368351305,0.789,0.7910290789352108
24,0.991,0.991003944107881,0.806,0.806523279373195
25,0.995,0.9950016476618894,0.819,0.8184749919078681
26,0.99575,0.9957502349375817,0.821,0.8208084762128449
