epoch,train_accuracy,train_f1_score,val_accuracy,val_f1_score
1,0.23355817875210794,0.2488260320468206,0.4444444444444444,0.3446287051451504
2,0.4831365935919056,0.48303146103999633,0.5185185185185185,0.5180455194833471
3,0.5826306913996627,0.5844102936582292,0.531986531986532,0.5454940222369247
4,0.6340640809443507,0.640038736022428,0.5420875420875421,0.5607651665453746
5,0.6888701517706577,0.6977248505231725,0.5286195286195287,0.5381828743999344
6,0.7284991568296796,0.7371913799035772,0.5521885521885522,0.5491125173248821
7,0.7900505902192243,0.7969450775341269,0.5757575757575758,0.5955118871785539
8,0.7959527824620574,0.8044163044560111,0.5420875420875421,0.5596268201185929
9,0.8650927487352446,0.8702303221524752,0.5656565656565656,0.5571551418091789
10,0.9106239460370995,0.9122956645974359,0.5622895622895623,0.5748268490755316
