epoch,train_accuracy,train_f1_score,val_accuracy,val_f1_score
1,0.45615514333895446,0.43440828759138034,0.5925925925925926,0.5362006021469652
2,0.6079258010118044,0.6116463633315006,0.6060606060606061,0.6002296562638382
3,0.7048903878583473,0.713682887534164,0.5925925925925926,0.6144352033320167
4,0.7790893760539629,0.7839894011739238,0.5993265993265994,0.6287863462912135
5,0.8558178752107926,0.8589978860962291,0.5387205387205387,0.5693284220018575
6,0.9064080944350759,0.9079132008588371,0.622895622895623,0.6420648098569112
7,0.9359190556492412,0.9366683780533436,0.6296296296296297,0.6248921896406786
8,0.9586846543001686,0.9588308521199622,0.6094276094276094,0.6197274214260348
9,0.984822934232715,0.9848428181572445,0.6195286195286195,0.6131534139309597
10,0.9940978077571669,0.9941090646576419,0.6397306397306397,0.6330964015887519
11,0.9898819561551433,0.9898845248824254,0.6094276094276094,0.6199172629812175
12,1.0,1.0,0.6498316498316499,0.6552902523926489
13,1.0,1.0,0.6464646464646465,0.65072756663942
14,1.0,1.0,0.6430976430976431,0.6482610615399287
15,1.0,1.0,0.6464646464646465,0.6513147837864022
16,1.0,1.0,0.6498316498316499,0.6548887032438232
17,1.0,1.0,0.6498316498316499,0.6548887032438232
18,1.0,1.0,0.6464646464646465,0.6519479027972955
19,1.0,1.0,0.6430976430976431,0.6489833603622135
20,1.0,1.0,0.6397306397306397,0.6459938360854466
