epoch,train_accuracy,train_f1_score,val_accuracy,val_f1_score
1,0.3844856661045531,0.3756257379835338,0.5589225589225589,0.5246209015332899
2,0.5489038785834739,0.5338353025857684,0.5925925925925926,0.5717063039777941
3,0.6205733558178752,0.6215145895436273,0.5858585858585859,0.5742529836933986
4,0.6509274873524452,0.6572610496796526,0.5117845117845118,0.5393934025138395
5,0.7310286677908938,0.7389100263190738,0.5925925925925926,0.6154157999235793
6,0.7748735244519392,0.7823017847351924,0.5185185185185185,0.5413974970222653
7,0.7807757166947723,0.7893331549338454,0.6464646464646465,0.6587749294847047
8,0.8887015177065767,0.8912153678688172,0.6127946127946128,0.6169667828422576
9,0.8996627318718381,0.9018094814851554,0.6296296296296297,0.6415844663681135
10,0.9662731871838112,0.9664490449196952,0.6363636363636364,0.6473774131223551
