epoch,train_accuracy,train_f1_score,val_accuracy,val_f1_score
1,0.38163437236731257,0.38476293739861733,0.46283783783783783,0.5081378583067773
2,0.5855096882898062,0.5899899671130386,0.5709459459459459,0.5628075646431159
3,0.6849199663016007,0.6922157544823172,0.6452702702702703,0.6677301453591085
4,0.7624262847514743,0.7714849824408483,0.6216216216216216,0.6308384408598645
5,0.8736310025273799,0.8770803787295036,0.6655405405405406,0.6854336864781609
6,0.9342881213142376,0.9353897145869059,0.6317567567567568,0.6537165843362234
7,0.9427127211457456,0.9434518181359522,0.6858108108108109,0.6957999911231811
8,0.9907329401853412,0.9907734431766211,0.7027027027027027,0.6968910076863629
9,0.9949452401010952,0.9949618772147819,0.6621621621621622,0.6657484881333383
10,0.9856781802864364,0.9857037111241552,0.6858108108108109,0.6816936677640282
11,0.9991575400168492,0.9991576670165271,0.6959459459459459,0.6856268241993919
12,1.0,1.0,0.7027027027027027,0.6932104553967744
13,1.0,1.0,0.6993243243243243,0.6910215309830608
14,1.0,1.0,0.706081081081081,0.6984236721153426
15,1.0,1.0,0.7027027027027027,0.6946740613766476
16,1.0,1.0,0.7027027027027027,0.6946740613766476
17,1.0,1.0,0.7027027027027027,0.6946740613766476
18,1.0,1.0,0.6993243243243243,0.6915030158617573
19,1.0,1.0,0.6993243243243243,0.6915030158617573
20,1.0,1.0,0.6993243243243243,0.6922201096874563
