epoch,train_accuracy,train_f1_score,val_accuracy,val_f1_score
1,0.3811129848229342,0.3994524141888492,0.6060606060606061,0.5713236683166838
2,0.6256323777403036,0.630310361562681,0.4478114478114478,0.4331392830615911
3,0.7057335581787522,0.7161552121854889,0.5757575757575758,0.6064589662832811
4,0.8254637436762225,0.8315057885505046,0.6161616161616161,0.6348934751978866
5,0.9021922428330523,0.9056220036024277,0.6363636363636364,0.6273247963254256
6,0.9510961214165261,0.9517917282524361,0.6262626262626263,0.6316266317228844
7,0.9688026981450253,0.9690288946100492,0.6195286195286195,0.6243977083972461
8,0.9940978077571669,0.994131665341507,0.5993265993265994,0.605837229093043
9,0.9991568296795953,0.9991579549362343,0.6430976430976431,0.6384858201726881
10,1.0,1.0,0.6430976430976431,0.6384858201726881
11,1.0,1.0,0.632996632996633,0.6304046191730047
12,1.0,1.0,0.632996632996633,0.631011309414561
13,1.0,1.0,0.6363636363636364,0.6332264237822084
14,1.0,1.0,0.6397306397306397,0.6363977624752467
15,1.0,1.0,0.6363636363636364,0.6332264237822084
16,1.0,1.0,0.6363636363636364,0.6332264237822084
17,1.0,1.0,0.6397306397306397,0.6391892070984739
18,1.0,1.0,0.6363636363636364,0.6333728385638359
19,1.0,1.0,0.6397306397306397,0.6379059007992919
20,1.0,1.0,0.6397306397306397,0.6368111726848935
