epoch,train_accuracy,train_f1_score,val_accuracy,val_f1_score
1,0.2984822934232715,0.2927850852165291,0.49158249158249157,0.40899360653154976
2,0.49494097807757165,0.4858567491763445,0.3569023569023569,0.36765082206462296
3,0.5421585160202361,0.5456845068036478,0.47474747474747475,0.4649887597177154
4,0.6306913996627319,0.6326796988266431,0.5757575757575758,0.5849396661793406
5,0.654300168634064,0.6641198921462301,0.5555555555555556,0.5631499335762861
6,0.709106239460371,0.7172782873105171,0.5622895622895623,0.5221259027127814
7,0.7015177065767285,0.7044220276689561,0.5925925925925926,0.602507819757483
8,0.7571669477234402,0.7644643118282094,0.5218855218855218,0.5507555969581286
9,0.8220910623946037,0.8286273234175696,0.569023569023569,0.5590513479725365
10,0.8870151770657673,0.8894858476079324,0.5387205387205387,0.5430871337143296
11,0.9038785834738617,0.9061300473476367,0.5656565656565656,0.5802938862783206
12,0.9198988195615514,0.9226574632239312,0.5993265993265994,0.5909317911799414
13,0.9679595278246206,0.9682911713552068,0.569023569023569,0.5652237818225494
14,0.9806070826306914,0.9807621477187645,0.5723905723905723,0.5577084325917192
15,0.9865092748735245,0.986606077747159,0.5589225589225589,0.5544168055905145
16,0.9940978077571669,0.9941031179011458,0.5791245791245792,0.568704954149473
17,0.9957841483979764,0.9957894227514125,0.5757575757575758,0.5632421240536923
18,0.9974704890387859,0.9974804932843374,0.5589225589225589,0.5569585572773977
19,0.9991568296795953,0.9991579549362343,0.5757575757575758,0.5656959000489309
20,0.9991568296795953,0.9991579549362343,0.5757575757575758,0.5665403413895598
21,0.9991568296795953,0.9991579549362343,0.569023569023569,0.5577429747812664
22,0.9991568296795953,0.9991579549362343,0.5656565656565656,0.5561519055228022
23,0.9991568296795953,0.9991579549362343,0.5656565656565656,0.5557097725233275
24,0.9991568296795953,0.9991579549362343,0.5589225589225589,0.5523595888473338
25,0.9991568296795953,0.9991579549362343,0.5622895622895623,0.5538660999182589
26,0.9991568296795953,0.9991579549362343,0.5555555555555556,0.5488532055367886
27,0.9991568296795953,0.9991579549362343,0.5656565656565656,0.5559832396141804
28,0.9991568296795953,0.9991579549362343,0.5656565656565656,0.5561242703191478
29,1.0,1.0,0.5622895622895623,0.5539321379185854
30,1.0,1.0,0.5521885521885522,0.547695713194491
