epoch,train_accuracy,train_f1_score,val_accuracy,val_f1_score
1,0.2999157540016849,0.3158291541858871,0.5709459459459459,0.5119224222543846
2,0.5029486099410277,0.49360715905013386,0.46621621621621623,0.48202675702675696
3,0.5602358887952822,0.5743649489383954,0.5371621621621622,0.545909114881018
4,0.6065711878685762,0.6149187181286833,0.5236486486486487,0.5234982162613743
5,0.6529064869418703,0.6567192157291126,0.6081081081081081,0.6121673793548794
6,0.6933445661331087,0.7043895680064116,0.6081081081081081,0.6031001152282318
7,0.6748104465037911,0.6792445423024345,0.543918918918919,0.5710777097331967
8,0.7042965459140691,0.7162149860457523,0.6418918918918919,0.6332310507528923
9,0.7573715248525695,0.7585628665933081,0.625,0.644388067496482
10,0.8028643639427128,0.8091261196495202,0.6283783783783784,0.6363489001356649
