epoch,train_accuracy,train_f1_score,val_accuracy,val_f1_score
1,0.4144903117101938,0.4128053291596706,0.6452702702702703,0.5809535278682284
2,0.620050547598989,0.6309983011148736,0.6148648648648649,0.6109133923263033
3,0.7270429654591407,0.7349677404779046,0.6317567567567568,0.6395993552167865
4,0.8365627632687447,0.8423904144782324,0.5743243243243243,0.5964669674696458
5,0.9208087615838247,0.922504935165096,0.6114864864864865,0.6189897365375898
6,0.9679865206402696,0.9682489978663482,0.6621621621621622,0.6409050304839777
7,0.9823083403538332,0.9824372280641573,0.6351351351351351,0.6236040103964632
8,0.9924178601516428,0.9924156769841834,0.6047297297297297,0.6035684809539366
9,0.9949452401010952,0.9949471948606611,0.6351351351351351,0.6385012585735748
10,0.9974726200505476,0.9974762616535624,0.6621621621621622,0.664868345102578
11,0.974726200505476,0.9750555436061461,0.6385135135135135,0.6366476277566503
12,0.9738837405223252,0.974162690143253,0.6047297297297297,0.6123555287120572
13,0.966301600673968,0.9663871636069392,0.5878378378378378,0.5895222703237366
14,0.9772535804549284,0.9772814384491187,0.6148648648648649,0.6333673788869677
15,0.9941027801179444,0.9941154870452672,0.6418918918918919,0.6478659560142015
16,0.9974726200505476,0.9974773641956232,0.6891891891891891,0.6850975186430365
17,0.9932603201347936,0.9932611023430156,0.6385135135135135,0.6448982162712732
18,0.9991575400168492,0.9991583696634022,0.6655405405405406,0.6679031589547147
19,1.0,1.0,0.6655405405405406,0.669786364700696
20,1.0,1.0,0.6621621621621622,0.6648153657335503
