epoch,train_accuracy,train_f1_score,val_accuracy,val_f1_score
1,0.26475548060708265,0.27749670701264934,0.494949494949495,0.4042130562388207
2,0.4881956155143339,0.47748422089968395,0.367003367003367,0.3808268807133012
3,0.5674536256323778,0.5732404889683137,0.48148148148148145,0.4960964279978502
4,0.636593591905565,0.6427902151884916,0.5353535353535354,0.5386269135578918
5,0.6804384485666105,0.6912899121101245,0.5218855218855218,0.5225900137288407
6,0.7344013490725126,0.7399667015847877,0.5858585858585859,0.5782962300889093
7,0.7925801011804384,0.7972160071481108,0.5622895622895623,0.5663583274151064
8,0.8111298482293423,0.8154531987533126,0.4983164983164983,0.5315094977359128
9,0.872681281618887,0.8756455802603934,0.5353535353535354,0.5448593976294791
10,0.8912310286677909,0.8937678535673833,0.5488215488215489,0.5627342400724321
