epoch,train_accuracy,train_f1_score,val_accuracy,val_f1_score
1,0.3625632377740304,0.33838071854773916,0.5016835016835017,0.46338822714604533
2,0.5311973018549747,0.516223058452162,0.48484848484848486,0.48220050360723515
3,0.5910623946037099,0.5920930613751643,0.5420875420875421,0.5350020840130507
4,0.636593591905565,0.641302028379969,0.49158249158249157,0.5169249931749931
5,0.7107925801011804,0.7178736089025285,0.5521885521885522,0.5826711218943655
6,0.7419898819561551,0.7533938042324996,0.5016835016835017,0.526204577067763
7,0.7807757166947723,0.7887422236449158,0.5791245791245792,0.5985195989476549
8,0.851602023608769,0.8561484926179381,0.5589225589225589,0.5738688783883379
9,0.8397976391231029,0.8441683782936563,0.6026936026936027,0.6208613031487096
10,0.924114671163575,0.9251088569987597,0.5993265993265994,0.6075361273295868
11,0.9123102866779089,0.9130199342348003,0.5117845117845118,0.5399385987934193
12,0.9350758853288365,0.9366276920202653,0.5993265993265994,0.6110746308229617
13,0.9359190556492412,0.9368634919032324,0.5420875420875421,0.5763707660688023
14,0.978920741989882,0.9791085627582273,0.5723905723905723,0.5956326058118172
15,0.9957841483979764,0.9957949517556541,0.5488215488215489,0.5767346669307454
16,0.9924114671163575,0.9924322176746315,0.5622895622895623,0.5828307145614126
17,0.9966273187183811,0.9966333277974181,0.5656565656565656,0.5890437831167858
18,0.9974704890387859,0.9974717978429383,0.5757575757575758,0.5926524559534742
19,0.9974704890387859,0.9974714441519008,0.5959595959595959,0.6088456377861922
20,0.9983136593591906,0.9983142494931734,0.5791245791245792,0.5958595778124796
21,0.9991568296795953,0.999157073018793,0.5757575757575758,0.5972487000476088
22,1.0,1.0,0.5723905723905723,0.5913845401104912
23,1.0,1.0,0.5791245791245792,0.5952494266189357
24,1.0,1.0,0.5791245791245792,0.5939771117983609
25,1.0,1.0,0.5824915824915825,0.6000499995871277
26,1.0,1.0,0.5757575757575758,0.5957572690523791
27,1.0,1.0,0.5892255892255892,0.6038875938875939
28,1.0,1.0,0.5993265993265994,0.6139333564528915
29,1.0,1.0,0.5925925925925926,0.6085826576319744
30,1.0,1.0,0.5993265993265994,0.6145019215726287
