epoch,train_accuracy,train_f1_score,val_accuracy,val_f1_score
1,0.7214206437291898,0.7240659612906472,0.7314095449500555,0.7360557096768351
2,0.8066037735849056,0.8077073715626183,0.7713651498335183,0.7731917907375265
3,0.8304661487236404,0.8314177421646587,0.7624861265260822,0.7659268284762626
4,0.839622641509434,0.8405600878640064,0.7902330743618202,0.789183261307863
5,0.8626526082130965,0.8632341104913271,0.7880133185349611,0.787812885392494
6,0.8859600443951166,0.8865677293318421,0.7802441731409545,0.7795280000045353
7,0.9064927857935627,0.9068194842926716,0.7513873473917869,0.755103087569225
8,0.9278579356270811,0.9281445853511254,0.7591564927857936,0.7619807768868354
9,0.9461709211986682,0.9462958173894168,0.7635960044395117,0.7652126767855065
10,0.954772475027747,0.9548903662517111,0.7491675915649278,0.7523145878167821
11,0.9617092119866815,0.9617936224070661,0.7680355160932297,0.7673583690683657
12,0.9661487236403996,0.9662350341336853,0.7724750277469479,0.7724040112962541
13,0.9755826859045506,0.975627929184934,0.7647058823529411,0.7629219743765945
