epoch,train_accuracy,train_f1_score,val_accuracy,val_f1_score
1,0.7389012208657048,0.7417996012714212,0.7913429522752498,0.7933006022960023
2,0.7960599334073252,0.797039550512769,0.7980022197558269,0.7984436123700897
3,0.8154827968923418,0.8164501160446805,0.7824639289678136,0.7846399377820265
4,0.8290788013318535,0.8301627760724114,0.7913429522752498,0.7934301444031683
5,0.8485016648168702,0.8494777240403234,0.7946725860155383,0.7967430065426752
6,0.8654273029966704,0.8662875477841189,0.802441731409545,0.8042108166643603
7,0.8898446170921198,0.8906033220922025,0.7946725860155383,0.7959421427930675
8,0.9125971143174251,0.9131558300041184,0.7713651498335183,0.7736839617013325
9,0.9370144284128746,0.9372814257432966,0.7735849056603774,0.7754511833055054
10,0.9497780244173141,0.9499497496851318,0.7824639289678136,0.78120318905197
11,0.9558823529411765,0.9560279148514443,0.7769145394006659,0.7736016261999263
12,0.9678135405105438,0.9678980994420443,0.7758046614872364,0.7778784205860118
13,0.9755826859045506,0.9756251817076788,0.7824639289678136,0.7802416651784347
14,0.9814095449500555,0.9814358538765111,0.7802441731409545,0.7803450664748207
15,0.9808546059933407,0.9808842011078185,0.7702552719200888,0.767183854673945
