epoch,train_accuracy,train_f1_score,val_accuracy,val_f1_score
1,0.7341842397336293,0.7371054102927596,0.7802441731409545,0.7829775703760442
2,0.7935627081021087,0.795136575666914,0.8157602663706992,0.8141422633317015
3,0.8093784683684795,0.8105472436775492,0.7880133185349611,0.7905982576387394
4,0.8307436182019978,0.8319306489798166,0.8157602663706992,0.8115677369752289
5,0.8435072142064373,0.8443667742612982,0.8190899001109878,0.8201596241396651
6,0.8676470588235294,0.8684458090628309,0.8113207547169812,0.811216982115702
7,0.890677025527192,0.8912102304881067,0.8057713651498335,0.8076539234183604
8,0.9048279689234184,0.9053168415618714,0.806881243063263,0.8083521748427515
9,0.9217536071032186,0.9221104403112071,0.7724750277469479,0.7755767995651943
10,0.9317425083240843,0.932016785444731,0.7957824639289678,0.7974781876426634
11,0.9519977802441731,0.9521719542919033,0.8091009988901221,0.8094027344172906
12,0.9639289678135405,0.9640201268398276,0.7869034406215316,0.7888753095304553
13,0.9619866814650389,0.9620984520316724,0.7891231964483907,0.7887678678114147
14,0.9711431742508324,0.971191511862988,0.7924528301886793,0.7940701325963452
