epoch,train_accuracy,train_f1_score,val_accuracy,val_f1_score
1,0.6897565071368598,0.6965375871928822,0.7025210084033613,0.7292221769846408
2,0.7984886649874056,0.8115718359546598,0.7579831932773109,0.7792869622091033
3,0.8371116708648195,0.8462409280183617,0.7949579831932773,0.8037121944782682
4,0.8786733837111671,0.883796042337933,0.7848739495798319,0.7974467662447047
5,0.9109991603694374,0.9136913798318262,0.7630252100840336,0.7840099441934347
6,0.9298908480268682,0.9318084712986352,0.7798319327731092,0.783381164075707
7,0.964735516372796,0.9650390082689544,0.8016806722689076,0.8032185381902475
8,0.9865659109991604,0.9865807487146373,0.8151260504201681,0.8123293178990185
9,0.9920235096557515,0.9920212306331632,0.8201680672268907,0.8218166609615929
10,0.9941225860621327,0.9941240901610955,0.8168067226890756,0.8135025243940113
11,0.998320738874895,0.9983212404938385,0.8016806722689076,0.8001811105064863
12,0.9991603694374476,0.9991604520384797,0.8067226890756303,0.8067848299729448
13,1.0,1.0,0.8067226890756303,0.8058564626654763
14,1.0,1.0,0.8100840336134454,0.8083892682509173
15,1.0,1.0,0.8134453781512605,0.8116875757184191
