epoch,train_accuracy,train_f1_score,val_accuracy,val_f1_score
1,0.6887862242755145,0.7077684059443977,0.7399328859060402,0.7750699854518821
2,0.8017639647207055,0.8144740921745736,0.8288590604026845,0.8278432202791896
3,0.8597228055438891,0.8673975810921528,0.8288590604026845,0.8379906887534224
4,0.9101217975640488,0.9135326928644362,0.8036912751677853,0.8157962125026729
5,0.9462410751784964,0.9475452928327156,0.802013422818792,0.8011834083636559
6,0.9538009239815204,0.9546341980186598,0.8221476510067114,0.8284930529922315
7,0.9714405711885762,0.971604574906509,0.8238255033557047,0.8287142026964011
8,0.9869802603947921,0.9870458739205539,0.8406040268456376,0.8387016240303276
9,0.9928601427971441,0.9928780682897289,0.8271812080536913,0.8291643939992662
10,0.9878202435951281,0.9878708512046277,0.8271812080536913,0.8251908808678531
11,0.99580008399832,0.9958003550180015,0.8422818791946308,0.8418538701692574
12,0.9861402771944561,0.9862104867931343,0.8338926174496645,0.8372896371949335
13,0.9953800923981521,0.9953948239801795,0.8288590604026845,0.8256255673125807
14,0.999580008399832,0.9995803437654684,0.8288590604026845,0.8297543678373216
15,1.0,1.0,0.8271812080536913,0.8279104006837178
