epoch,train_accuracy,train_f1_score,val_accuracy,val_f1_score
1,0.6943744752308985,0.7062694251507293,0.7983193277310925,0.7957787322627708
2,0.8043660789252729,0.8162808164098799,0.8252100840336134,0.8350263121265953
3,0.8702770780856424,0.8757974773361963,0.8067226890756303,0.8247772255384265
4,0.9030226700251889,0.9062286824425224,0.8252100840336134,0.840543528278341
5,0.9382871536523929,0.9397176077593493,0.8369747899159664,0.8413317051800038
6,0.9668345927791772,0.9671118493414771,0.8252100840336134,0.8341180069272504
7,0.9668345927791772,0.9672148182427935,0.8436974789915966,0.8502422855364031
8,0.9865659109991604,0.986628982430649,0.8336134453781513,0.8283405407229467
9,0.9962216624685138,0.9962234764687117,0.8453781512605042,0.8491446348481627
10,0.9991603694374476,0.9991604490003763,0.8504201680672269,0.8514585091347604
11,0.9991603694374476,0.9991605471939784,0.8420168067226891,0.8304292276541714
12,0.9899244332493703,0.9899264004126793,0.8285714285714286,0.8269575074611888
13,0.9550797649034425,0.9560568544282471,0.8453781512605042,0.8491735428683447
14,0.9861460957178841,0.9862106905060104,0.8285714285714286,0.8233932015255411
15,0.9874055415617129,0.9874589619109408,0.8403361344537815,0.8375854478827587
