epoch,train_accuracy,train_f1_score,val_accuracy,val_f1_score
1,0.702350965575147,0.711534234693239,0.7831932773109244,0.7896037838730866
2,0.8190596137699412,0.8293939791996745,0.7831932773109244,0.8005920831312041
3,0.8627204030226701,0.8698769840476175,0.8050420168067227,0.8073526752497896
4,0.9013434089000839,0.904358320182444,0.7899159663865546,0.790366464638738
5,0.9336691855583543,0.9356348082811761,0.7865546218487395,0.7961224236149188
6,0.9685138539042821,0.9688493671596932,0.7848739495798319,0.778234557308478
7,0.9710327455919395,0.9714795366766755,0.7848739495798319,0.7789118935158229
8,0.9743912678421495,0.9746264372493495,0.7798319327731092,0.7953873827332979
9,0.9865659109991604,0.9867243170853713,0.7899159663865546,0.8000457309888216
10,0.9932829554995802,0.9932970589199837,0.8067226890756303,0.8021525034043508
11,0.9924433249370277,0.9924484277389508,0.7815126050420168,0.7855376838721276
12,0.9773299748110831,0.9774025484492125,0.7949579831932773,0.806716053184798
13,0.9853064651553316,0.985342898483839,0.8016806722689076,0.8050804975616097
14,0.9974811083123426,0.9974833390785813,0.8,0.7981967904834572
15,0.9903442485306465,0.9903702538939807,0.7865546218487395,0.7815217244722381
