epoch,train_accuracy,train_f1_score,val_accuracy,val_f1_score
1,0.6971860562788744,0.7113972032792834,0.8271812080536913,0.8269929331838953
2,0.8303233935321294,0.8395947509633293,0.8271812080536913,0.827810411209269
3,0.8761024779504409,0.8824160732412011,0.7869127516778524,0.8003136095172574
4,0.9344813103737926,0.9363349220732118,0.8053691275167785,0.8140138492683496
5,0.9605207895842083,0.961192501413338,0.8271812080536913,0.8335242059429284
6,0.9714405711885762,0.9716848434473575,0.802013422818792,0.8152887972320398
7,0.9907601847963041,0.990794062514924,0.8120805369127517,0.8209319356736738
8,0.99370012599748,0.9937396445998028,0.8271812080536913,0.8287107014851725
9,0.996220075598488,0.9962201070473033,0.8221476510067114,0.8222021209016516
10,0.989920201595968,0.989938722193162,0.7751677852348994,0.7892490072087006
11,0.9802603947921041,0.9803711142000645,0.7516778523489933,0.7805943113181721
12,0.9903401931961361,0.9903543539235269,0.7936241610738255,0.8015249287257996
13,0.9853002939941201,0.9853782802998737,0.825503355704698,0.8193668327712276
14,0.9861402771944561,0.9862212698837621,0.8221476510067114,0.8270443043300987
15,0.999160016799664,0.999159956138997,0.8305369127516778,0.8361008648748934
