epoch,train_accuracy,train_f1_score,val_accuracy,val_f1_score
1,0.5168539325842697,0.38624788947391403,0.5842696629213483,0.49171953425564985
2,0.6235955056179775,0.5698119529719522,0.7303370786516854,0.7024094558920622
3,0.7331460674157303,0.7167979009428049,0.7640449438202247,0.7475712177959369
4,0.7471910112359551,0.7456281567446723,0.6629213483146067,0.6564543508925531
5,0.7387640449438202,0.7341472974627924,0.7528089887640449,0.772653771530176
6,0.8426966292134831,0.8459848541985845,0.8426966292134831,0.8501869995364969
7,0.8398876404494382,0.8408196916402149,0.8314606741573034,0.8420510546027993
8,0.8623595505617978,0.8599384588071676,0.8651685393258427,0.8660715098030296
9,0.8679775280898876,0.8658784093501349,0.8426966292134831,0.8398702876230967
10,0.8792134831460674,0.8801407029851319,0.8539325842696629,0.8633535004321522
11,0.8764044943820225,0.880450183957614,0.8539325842696629,0.8571783315916441
12,0.898876404494382,0.9047159225046558,0.8426966292134831,0.8529620779455543
13,0.901685393258427,0.9079678902570473,0.8314606741573034,0.8340778295423403
14,0.9241573033707865,0.9254212183980338,0.8202247191011236,0.829621626812638
15,0.9213483146067416,0.926902330268436,0.8089887640449438,0.8199796545102142
16,0.9466292134831461,0.9489547810964194,0.8089887640449438,0.8199796545102142
17,0.9606741573033708,0.960929841282496,0.8202247191011236,0.8264375413086584
