epoch,train_accuracy,train_f1_score,val_accuracy,val_f1_score
1,0.37894736842105264,0.337187023502813,0.5352112676056338,0.520977532002247
2,0.6140350877192983,0.5770926587446233,0.647887323943662,0.5861384523356354
3,0.7263157894736842,0.6897960800461319,0.7323943661971831,0.7068489367578017
4,0.8,0.7859223901297819,0.7323943661971831,0.7258009919496078
5,0.8596491228070176,0.8458775005196809,0.7464788732394366,0.7246156034888429
6,0.8421052631578947,0.8245322811157793,0.7464788732394366,0.7146071409262496
7,0.8491228070175438,0.8223679134463371,0.7746478873239436,0.7214944550782042
8,0.8736842105263158,0.8540420977619657,0.7464788732394366,0.7079991913201698
9,0.8912280701754386,0.8730150407941651,0.8169014084507042,0.7778044529805094
10,0.8912280701754386,0.8808093121754813,0.8028169014084507,0.7684859154929577
11,0.9017543859649123,0.8989106055443523,0.8028169014084507,0.7684859154929577
12,0.9052631578947369,0.9038137630745677,0.8309859154929577,0.7874973981821967
13,0.9228070175438596,0.919907730542784,0.8450704225352113,0.8158953722334005
14,0.9438596491228071,0.9444357829883864,0.8169014084507042,0.7971436461908706
15,0.9438596491228071,0.9451739805610829,0.8450704225352113,0.8158953722334005
16,0.9754385964912281,0.9762280253980699,0.8450704225352113,0.8244727625009315
17,0.968421052631579,0.9691340870079389,0.8450704225352113,0.8158953722334005
18,0.9824561403508771,0.9825837320574161,0.8169014084507042,0.8070448050622576
19,0.9789473684210527,0.9791279314371718,0.8169014084507042,0.805136178375615
20,0.9824561403508771,0.9831481589242956,0.8169014084507042,0.8158224710582335
21,0.9894736842105263,0.9897843622563343,0.8309859154929577,0.7977990491971437
22,0.9929824561403509,0.9930092328122981,0.8309859154929577,0.8178358613217769
