epoch,train_accuracy,train_f1_score,val_accuracy,val_f1_score
1,0.4245614035087719,0.30634468711923396,0.7887323943661971,0.7272418979898809
2,0.5614035087719298,0.4847965841270678,0.7323943661971831,0.7155332402998174
3,0.6385964912280702,0.5740922878555691,0.8169014084507042,0.7698189134808854
4,0.6982456140350877,0.6558116542397754,0.8450704225352113,0.8481642543432639
5,0.6982456140350877,0.6776685564039633,0.7746478873239436,0.7688303735456216
6,0.7649122807017544,0.7698489985721618,0.8873239436619719,0.9006908584373373
7,0.8807017543859649,0.8815513531303004,0.9014084507042254,0.9060860891846807
8,0.8807017543859649,0.8799514055739495,0.8873239436619719,0.883841510602074
9,0.8771929824561403,0.8721349456328497,0.8873239436619719,0.8822937625754527
10,0.8947368421052632,0.8926861428812011,0.8732394366197183,0.879356069657896
11,0.8947368421052632,0.8918030425073508,0.8591549295774648,0.8620510135808824
12,0.9192982456140351,0.9186509344522354,0.8732394366197183,0.8723999760425211
13,0.9192982456140351,0.9137081688908235,0.8591549295774648,0.8647968039512969
14,0.9157894736842105,0.916966635575279,0.8591549295774648,0.8879314792379387
15,0.9508771929824561,0.9511514039263732,0.8309859154929577,0.8265126338555678
16,0.9578947368421052,0.9585872271729701,0.8450704225352113,0.8799649417074901
