epoch,train_accuracy,train_f1_score,val_accuracy,val_f1_score
1,0.5157894736842106,0.38731930541578,0.6197183098591549,0.5289610000428101
2,0.6631578947368421,0.5969310856852943,0.7323943661971831,0.673977196512408
3,0.7228070175438597,0.6673721296518468,0.8309859154929577,0.8043115335368856
4,0.7473684210526316,0.7240192174280918,0.8169014084507042,0.8059649764616407
5,0.7719298245614035,0.7731673852727843,0.8028169014084507,0.8048289738430584
6,0.8,0.8073415820167583,0.8028169014084507,0.8081327192857363
7,0.8631578947368421,0.8611141071916695,0.8309859154929577,0.8144243237200983
8,0.8421052631578947,0.8299655412955463,0.8450704225352113,0.8185803641073188
9,0.8701754385964913,0.8551693509833144,0.8309859154929577,0.8193695506371561
10,0.8912280701754386,0.8847967695634446,0.8028169014084507,0.8028287745439974
11,0.9157894736842105,0.9159614026124776,0.8028169014084507,0.8032578077158604
12,0.9017543859649123,0.9074749335682177,0.8309859154929577,0.8409455201352577
13,0.9192982456140351,0.9205910576737968,0.8028169014084507,0.8102035920106704
14,0.9298245614035088,0.9327008270771913,0.8028169014084507,0.8055232019781676
15,0.9368421052631579,0.9374386803415403,0.7887323943661971,0.7971703740227929
16,0.9438596491228071,0.9459619101229009,0.8169014084507042,0.8137090693189646
17,0.9473684210526315,0.9495623014249378,0.8028169014084507,0.8013798734435598
