epoch,train_accuracy,train_f1_score,val_accuracy,val_f1_score
1,0.14606741573033707,0.18071958784055783,0.38202247191011235,0.3702993209707378
2,0.49157303370786515,0.5350273265426229,0.6292134831460674,0.5943398321268374
3,0.6938202247191011,0.6686728795041356,0.6629213483146067,0.6087706301189447
4,0.7359550561797753,0.6947704604985074,0.6853932584269663,0.6368543845080528
5,0.797752808988764,0.7800961838032618,0.7415730337078652,0.7171427752436957
6,0.8426966292134831,0.8358267305991652,0.7640449438202247,0.7367188177398241
7,0.8679775280898876,0.8651660507567559,0.797752808988764,0.783833241961349
8,0.8904494382022472,0.8923783434324055,0.8089887640449438,0.8058402932163671
9,0.901685393258427,0.9054860468015503,0.8314606741573034,0.8286932864283053
10,0.9101123595505618,0.9125954415855041,0.8314606741573034,0.835963973604423
11,0.9129213483146067,0.9164087966402975,0.8314606741573034,0.8379007249060986
12,0.9129213483146067,0.9179890846540427,0.8202247191011236,0.8220772171431674
13,0.9578651685393258,0.958746963756475,0.8089887640449438,0.8145411854780392
14,0.9606741573033708,0.9619820437379882,0.8089887640449438,0.8157436386552166
15,0.9747191011235955,0.975206397871017,0.797752808988764,0.805937147868858
16,0.9859550561797753,0.9861174010120921,0.797752808988764,0.8045672398665754
17,0.9887640449438202,0.9891463952332568,0.8089887640449438,0.805427944133872
18,0.9915730337078652,0.9917548321270322,0.7640449438202247,0.770308832106585
