epoch,train_accuracy,train_f1_score,val_accuracy,val_f1_score
1,0.5263157894736842,0.3710130487377153,0.4507042253521127,0.30361550747785687
2,0.6385964912280702,0.5499677286862642,0.5633802816901409,0.45869333648952537
3,0.6982456140350877,0.658639646000277,0.5492957746478874,0.48246401485838103
4,0.7017543859649122,0.6835735146799288,0.5774647887323944,0.5221449665736354
5,0.8140350877192982,0.808122362318619,0.5915492957746479,0.5289733740437965
6,0.8070175438596491,0.7971987039094832,0.676056338028169,0.6462561994409797
7,0.8385964912280702,0.8212091281564965,0.704225352112676,0.6717628835119528
8,0.8701754385964913,0.8617778219541145,0.7464788732394366,0.7193194129813848
9,0.8842105263157894,0.8780202385964857,0.7887323943661971,0.7785522091707027
10,0.8912280701754386,0.890801200087962,0.7887323943661971,0.7785522091707027
11,0.8947368421052632,0.8952064293521574,0.7746478873239436,0.7649167733674775
12,0.9157894736842105,0.9129041637618219,0.7887323943661971,0.7639555382360037
13,0.9263157894736842,0.924653691149784,0.8309859154929577,0.8315428804712331
14,0.9403508771929825,0.9403719104167366,0.8028169014084507,0.7728757260294309
15,0.9438596491228071,0.9426650692715656,0.8169014084507042,0.7836611593500754
16,0.9473684210526315,0.9480062950356332,0.8450704225352113,0.8351016202975787
17,0.9614035087719298,0.9616910753028686,0.8028169014084507,0.7773693544667214
18,0.9789473684210527,0.9785648331354703,0.8169014084507042,0.7836611593500754
19,0.9859649122807017,0.9861652205349736,0.8169014084507042,0.7963019512315287
20,0.9859649122807017,0.9859649122807017,0.8169014084507042,0.7836611593500754
21,0.9754385964912281,0.9757984705353125,0.7887323943661971,0.7637339186634962
22,0.9964912280701754,0.9965038932117478,0.8309859154929577,0.8070345147809936
23,0.9929824561403509,0.9930306650736759,0.8169014084507042,0.801221861081016
24,1.0,1.0,0.8028169014084507,0.7734030445298051
25,1.0,1.0,0.8309859154929577,0.8119967204474245
