epoch,train_accuracy,train_f1_score,val_accuracy,val_f1_score
1,0.1151685393258427,0.14275980772241476,0.15730337078651685,0.15537293144945066
2,0.1601123595505618,0.2107615824151033,0.5056179775280899,0.5390400335927288
3,0.6151685393258427,0.6471332882353423,0.651685393258427,0.6006789172397379
4,0.6432584269662921,0.6070511233447528,0.6629213483146067,0.6111016244891454
5,0.7387640449438202,0.7312908033570891,0.7078651685393258,0.6877524368975272
6,0.8595505617977528,0.8540336068425955,0.7191011235955056,0.7010935528450399
7,0.8539325842696629,0.8523340468179079,0.7752808988764045,0.7567933035581236
8,0.8848314606741573,0.8851323714086745,0.7415730337078652,0.7299463150997048
9,0.8679775280898876,0.8661527351961247,0.7752808988764045,0.7591726313070549
10,0.8820224719101124,0.878770040105387,0.7865168539325843,0.7768230887860761
11,0.8876404494382022,0.8880779874910057,0.7865168539325843,0.781391681450818
12,0.9129213483146067,0.9162373361213284,0.7752808988764045,0.7783835180843733
13,0.9044943820224719,0.9087585500371471,0.797752808988764,0.7856889414547604
14,0.9269662921348315,0.9302803275912124,0.8202247191011236,0.8180932713927459
15,0.9353932584269663,0.9385359594146212,0.8202247191011236,0.8089361542219382
16,0.9438202247191011,0.9458539713825154,0.8202247191011236,0.8120774245423926
17,0.9550561797752809,0.9568886756343589,0.7865168539325843,0.7756843520888466
18,0.9662921348314607,0.9678330658105938,0.797752808988764,0.7908055666823689
19,0.9662921348314607,0.9676636330765159,0.8089887640449438,0.7901492017271206
20,0.9859550561797753,0.986260214084298,0.8202247191011236,0.8003307442563863
21,0.9775280898876404,0.9779077499555173,0.797752808988764,0.7747843951112092
22,0.9915730337078652,0.9917856676776546,0.7865168539325843,0.7742821033644575
23,0.9915730337078652,0.9917762730664036,0.797752808988764,0.7616505874932842
