epoch,train_accuracy,train_f1_score,val_accuracy,val_f1_score
1,0.42134831460674155,0.3105398718326379,0.550561797752809,0.42029542415346066
2,0.5112359550561798,0.42432284723267905,0.5842696629213483,0.5532919377094421
3,0.6235955056179775,0.6087009027089239,0.6966292134831461,0.7035031366512966
4,0.7612359550561798,0.7568196504331708,0.7528089887640449,0.7513884888384155
5,0.8089887640449438,0.8062650132794086,0.7865168539325843,0.7960412714626199
6,0.8146067415730337,0.8148044676109553,0.8089887640449438,0.7996945067720002
7,0.8595505617977528,0.860058766251226,0.797752808988764,0.8104266987693955
8,0.8595505617977528,0.8633479229106977,0.8089887640449438,0.823973429951691
9,0.8707865168539326,0.8674064538615521,0.8539325842696629,0.8332360901657421
10,0.8876404494382022,0.8850578408910791,0.8314606741573034,0.8257527926425847
11,0.898876404494382,0.9003125578464124,0.8426966292134831,0.8343258029834022
12,0.901685393258427,0.9034443359298095,0.8426966292134831,0.8351806129529628
13,0.901685393258427,0.9052053536838802,0.8314606741573034,0.8273455173514311
14,0.9101123595505618,0.9135915815004533,0.7752808988764045,0.7885412523879146
15,0.9213483146067416,0.9256254810379716,0.8426966292134831,0.8343258029834022
16,0.9269662921348315,0.930035234960966,0.8089887640449438,0.8035223551277401
17,0.9410112359550562,0.9428652694421515,0.8202247191011236,0.8159280066583436
18,0.952247191011236,0.9537048964886732,0.8426966292134831,0.8365926520420903
