epoch,train_accuracy,train_f1_score,val_accuracy,val_f1_score
1,0.6302979437683592,0.6185959850404089,0.7529411764705882,0.7473706117304025
2,0.7712966848510281,0.774096635199295,0.788235294117647,0.7987379007809007
3,0.8078052874527906,0.8193444120781453,0.8,0.8111452622151084
4,0.8262694083088544,0.8395457252815861,0.7983193277310925,0.812428933045086
5,0.844313890054553,0.856707061064204,0.8184873949579832,0.8278778660785581
6,0.8745279060008393,0.8831608234065101,0.838655462184874,0.8436799440638271
7,0.8959295006294586,0.9015479439234458,0.8302521008403362,0.8316933188259207
8,0.9152328997062527,0.9187565729841053,0.838655462184874,0.8419755962086327
9,0.9185900125891733,0.921967751737104,0.8352941176470589,0.8363185797194695
10,0.9391523289970626,0.9411189011140525,0.8420168067226891,0.8449328802357939
11,0.9479647503147294,0.9495389906896374,0.8369747899159664,0.8369027925580713
12,0.9580360889634914,0.9590517121243255,0.8420168067226891,0.8444198633914327
13,0.9613932018464121,0.9621823612089004,0.838655462184874,0.84157234724046
14,0.9672681493915233,0.9678096646453004,0.8285714285714286,0.8341111406126885
15,0.9718841796055392,0.972251414057978,0.838655462184874,0.8401082410783394
16,0.9769198489299202,0.9770997040163801,0.8369747899159664,0.8357570140045092
17,0.9785984053713807,0.9787338303366099,0.838655462184874,0.8366629519165396
18,0.9815358791439363,0.9816695147501435,0.8369747899159664,0.8324134926830498
19,0.9823751573646664,0.9824585046172537,0.8352941176470589,0.8368559677025111
20,0.9874108266890474,0.9874615880318597,0.8352941176470589,0.8305672271762722
21,0.9886697440201426,0.9886895215739837,0.8336134453781513,0.82918289114565
22,0.990348300461603,0.9903592933465184,0.826890756302521,0.8247138304977925
23,0.9886697440201426,0.9886713569580127,0.8420168067226891,0.834832454559243
24,0.9899286613512379,0.9899449568811404,0.8403361344537815,0.8364286846119138
25,0.990348300461603,0.9903522137955376,0.8369747899159664,0.8363615600086188
26,0.9916072177926982,0.9916065266133486,0.8352941176470589,0.8336117895434036
27,0.990348300461603,0.9903806915657123,0.838655462184874,0.842412529218263
28,0.9878304657994125,0.9878549844972591,0.8352941176470589,0.8364810776840143
29,0.9874108266890474,0.9874358582111423,0.8369747899159664,0.8363333664342952
