epoch,train_accuracy,train_f1_score,val_accuracy,val_f1_score
1,0.5228703315148971,0.534086661020727,0.6369747899159663,0.6468880474431385
2,0.6789760805707092,0.6992703573920299,0.7647058823529411,0.7625822772010574
3,0.7922786403692824,0.8021354629770786,0.7680672268907563,0.7777229567536373
4,0.8187159043222828,0.8306407273626503,0.7764705882352941,0.790118980578439
5,0.8480906420478389,0.8571205892411772,0.773109243697479,0.7866088262412034
6,0.8762064624422996,0.882418882752685,0.7983193277310925,0.8041697629577736
7,0.8950902224087285,0.9006698425685473,0.8184873949579832,0.8160900163355438
8,0.9089383130507763,0.9125170625342678,0.8184873949579832,0.8185194483206246
9,0.9295006294586655,0.9318787319329094,0.8151260504201681,0.8070186782880071
10,0.9425094418799832,0.9440960965581969,0.8117647058823529,0.8028270213683487
11,0.9530004196391104,0.9538896193537328,0.8201680672268907,0.8150506144912456
12,0.9588753671842216,0.9595371949092345,0.8134453781512605,0.8071084951994619
13,0.9576164498531263,0.9581002102034497,0.8067226890756303,0.805805565444521
14,0.9685270667226186,0.968783012164446,0.8084033613445378,0.8066117527830505
15,0.9752412924884599,0.9754670441199451,0.8151260504201681,0.8134667956924637
16,0.9765002098195552,0.9768964953717373,0.8184873949579832,0.8178362145574362
17,0.9777591271506504,0.9779237471451111,0.8201680672268907,0.809740043121729
18,0.9811162400335711,0.9812526285879777,0.8184873949579832,0.8089748963030986
19,0.985312631137222,0.9853834813663827,0.8184873949579832,0.8081344537815126
20,0.985732270247587,0.9857866746271353,0.8218487394957983,0.8146226043095933
21,0.9886697440201426,0.9887262337153391,0.8201680672268907,0.8113801387693563
22,0.9865715484683173,0.9866704276933194,0.8134453781512605,0.7943468215550605
23,0.9882501049097776,0.9883069878592963,0.8201680672268907,0.8108344694414299
24,0.9907679395719681,0.9908116135856772,0.8218487394957983,0.8146130815962749
25,0.9932857742341586,0.9932890828609469,0.8235294117647058,0.8177168653010842
26,0.9937054133445237,0.9937258849950974,0.8184873949579832,0.8164964770824531
27,0.9932857742341586,0.9932982295233446,0.8117647058823529,0.8025272331154685
