epoch,train_accuracy,train_f1_score,val_accuracy,val_f1_score
1,0.8581701957650819,0.8585508668495317,0.889776357827476,0.8877208387552307
2,0.9105073911306433,0.9108464432952087,0.9105431309904153,0.9098296917125841
3,0.9316819816220535,0.9319069010047827,0.9089456869009584,0.9093595093932729
4,0.9396723931282461,0.9399303217665473,0.9217252396166135,0.9215010672350507
5,0.9528565721134639,0.9530164956406324,0.9089456869009584,0.9092417679777262
6,0.9620455453455853,0.9621474150724099,0.9153354632587859,0.9141619158034108
7,0.9740311626048741,0.9740681934705301,0.9073482428115016,0.9076182227563864
8,0.9804234918098282,0.9804597376405614,0.9153354632587859,0.9152346250509443
9,0.9864163004394726,0.9864223560282576,0.9137380191693291,0.9125913261711935
10,0.9876148621654015,0.9876244734530033,0.9041533546325878,0.9027697277276712
11,0.9928086296444267,0.9928118355443716,0.9105431309904153,0.9103999891676459
12,0.9896124650419497,0.9896147885648241,0.9105431309904153,0.9093539678812378
13,0.9924091090691171,0.9924133316377985,0.9105431309904153,0.9100874982462623
