epoch,train_accuracy,train_f1_score,val_accuracy,val_f1_score
1,0.832201358369956,0.8311376859933738,0.889776357827476,0.8902189939747907
2,0.912904514582501,0.9133734454206046,0.9057507987220448,0.906129284703082
3,0.9280862964442669,0.928358271533685,0.8865814696485623,0.8881536833196222
4,0.9276867758689572,0.9280945853203946,0.9201277955271565,0.9198909676287662
5,0.9468637634838194,0.9470793552860087,0.9201277955271565,0.9200509273657722
6,0.9604474630443468,0.9605786007545262,0.9233226837060703,0.9235323087802597
7,0.9648421893727527,0.9649284068525705,0.9185303514376997,0.9187172459052204
8,0.9696364362764682,0.9696868181362954,0.9185303514376997,0.918989707848939
9,0.9812225329604475,0.981247988363129,0.9249201277955271,0.9245795541302081
10,0.9880143827407112,0.9880143827407112,0.9185303514376997,0.9178900659733708
11,0.9904115061925689,0.990409451060703,0.9105431309904153,0.9106269253334662
12,0.9880143827407112,0.9880118138258788,0.9089456869009584,0.9093863344901387
13,0.9900119856172593,0.9900130502103827,0.9041533546325878,0.9048750161410581
14,0.9940071913703555,0.9940065502999722,0.9137380191693291,0.913655001555034
15,0.9948062325209748,0.9948056769266426,0.9089456869009584,0.9091545689528935
16,0.9956052736715941,0.9956038582185477,0.9121405750798722,0.9114500711477529
17,0.9968038353975229,0.9968024603628439,0.9041533546325878,0.902998562733231
18,0.9980023971234518,0.998002183433324,0.9089456869009584,0.908124253794622
