epoch,train_accuracy,train_f1_score,val_accuracy,val_f1_score
1,0.8517778665601279,0.8532185886829778,0.8258785942492013,0.8291362956469084
2,0.9077107471034759,0.908185598893794,0.902555910543131,0.9035084085120757
3,0.9356771873751498,0.9359033768446514,0.8929712460063898,0.8942681313417093
4,0.9456652017578905,0.9458200756943091,0.9041533546325878,0.9041533546325878
5,0.9536556132640831,0.9537513822447439,0.9041533546325878,0.9051202400134566
6,0.9636436276468238,0.9637151322900438,0.8977635782747604,0.8989170046875457
7,0.9740311626048741,0.9740664963194563,0.9089456869009584,0.9093801008826282
8,0.9728326008789453,0.9728833141983765,0.8753993610223643,0.877533127092189
9,0.9788254095085897,0.978841093790057,0.9041533546325878,0.9041533546325878
10,0.9900119856172593,0.9900065853581121,0.9121405750798722,0.9117472238673823
11,0.9868158210147823,0.9868172313696256,0.902555910543131,0.9033133909811225
12,0.9940071913703555,0.9940052542464094,0.9137380191693291,0.9132128759892655
13,0.993607670795046,0.9936035159551079,0.9105431309904153,0.9106257855832327
14,0.9956052736715941,0.9956028975575693,0.9121405750798722,0.9120991450974895
15,0.9956052736715941,0.9956028975575693,0.9153354632587859,0.9153748459066515
16,0.9968038353975229,0.9968031478801833,0.9073482428115016,0.906130462263089
17,0.9956052736715941,0.9956057437898751,0.9137380191693291,0.9124943393913822
18,0.9976028765481423,0.9976023609101375,0.9105431309904153,0.9108602151138958
19,0.9980023971234518,0.9980017514154699,0.9105431309904153,0.9108602151138958
20,0.9992009588493808,0.9992009588493808,0.9137380191693291,0.9137380191693291
21,0.9992009588493808,0.9992009588493808,0.9057507987220448,0.9063465002233898
22,0.9984019176987615,0.9984022589855736,0.9121405750798722,0.9117472238673823
23,0.9988014382740711,0.9988015664881477,0.9073482428115016,0.9080356464312659
24,0.9992009588493808,0.9992011294927867,0.9073482428115016,0.9075980354825341
