epoch,train_accuracy,train_f1_score,val_accuracy,val_f1_score
1,0.8057507987220447,0.8085220356079923,0.9156010230179028,0.9149884148216684
2,0.9185303514376997,0.9188224483959315,0.9143222506393862,0.9150003682331734
3,0.94185303514377,0.9420491209072565,0.9143222506393862,0.9145333235489878
4,0.9559105431309904,0.9560272262695789,0.9053708439897699,0.9063777239671135
5,0.9613418530351437,0.9614355663435113,0.921994884910486,0.9220791223644237
6,0.9747603833865814,0.9748024690687975,0.9168797953964194,0.9171942999639198
7,0.9833865814696485,0.9834052461809129,0.9066496163682864,0.9073376582362838
8,0.9843450479233227,0.984361404182835,0.9143222506393862,0.913737978976744
9,0.9888178913738019,0.9888169736599067,0.907928388746803,0.9086322328844291
10,0.987220447284345,0.987220447284345,0.907928388746803,0.9087763164580546
11,0.9923322683706071,0.992333521346133,0.9168797953964194,0.9165921914037706
12,0.9945686900958467,0.994566448109552,0.9181585677749361,0.9182178181370536
13,0.9952076677316294,0.9952072744256742,0.9168797953964194,0.9172988158871728
14,0.9964856230031949,0.9964853345788278,0.9053708439897699,0.9063339889587958
