epoch,train_accuracy,train_f1_score,val_accuracy,val_f1_score
1,0.7693452380952381,0.7696204873804311,0.9343283582089552,0.9342599649886745
2,0.9241071428571429,0.9240157969803979,0.8925373134328358,0.8926005177647798
3,0.953125,0.953146194145747,0.9283582089552239,0.928412044123475
4,0.9694940476190477,0.9694853476891593,0.9283582089552239,0.927773112658125
5,0.9828869047619048,0.9828820243134309,0.9313432835820895,0.9311541312963585
6,0.9836309523809523,0.9836309523809523,0.9283582089552239,0.9276848740590241
7,0.9918154761904762,0.9918115384337118,0.9432835820895522,0.9429759676195295
8,0.9962797619047619,0.9962794125663998,0.9492537313432836,0.9489784973437896
9,1.0,1.0,0.9373134328358209,0.9372289685638727
10,1.0,1.0,0.9492537313432836,0.949027441124596
11,0.9918154761904762,0.9918177249298578,0.9074626865671642,0.9062764082455664
12,0.984375,0.9843792930479102,0.9283582089552239,0.9278558284896455
13,0.9888392857142857,0.9888361028131071,0.9253731343283582,0.9247184235214414
14,1.0,1.0,0.9432835820895522,0.9430811129291655
15,1.0,1.0,0.9432835820895522,0.9430811129291655
