epoch,train_accuracy,train_f1_score,val_accuracy,val_f1_score
1,0.7922561429635145,0.7920683256765069,0.9166666666666666,0.9162903225806451
2,0.9411764705882353,0.9411232893492618,0.9226190476190477,0.922397706222077
3,0.9463886820551005,0.9463345141696983,0.9375,0.9374872070981694
4,0.9702159344750558,0.9701982960963305,0.8630952380952381,0.8624829931972788
5,0.9717051377513031,0.971715650224161,0.9255952380952381,0.9256329247831891
6,0.9873417721518988,0.9873380904121825,0.9375,0.9375116713352007
7,0.9821295606850335,0.9821225887029811,0.9345238095238095,0.9342847341191712
8,0.992553983618764,0.9925495740240827,0.9255952380952381,0.9256645771443279
9,0.9940431868950111,0.9940431868950111,0.9315476190476191,0.9315992894800162
10,0.9985107967237528,0.998510509694208,0.9345238095238095,0.9345238095238095
11,1.0,1.0,0.9285714285714286,0.9285968262998556
12,1.0,1.0,0.9166666666666666,0.9167494824016561
