epoch,train_accuracy,train_f1_score,val_accuracy,val_f1_score
1,0.7491358024691358,0.7525344824290485,0.8814229249011858,0.881607405886673
2,0.8958024691358024,0.8966739786443056,0.9150197628458498,0.9155440020881797
3,0.9180246913580247,0.9185310257851323,0.9150197628458498,0.9150539295706382
4,0.9328395061728395,0.9333333949718389,0.932806324110672,0.9329108633357813
5,0.9555555555555556,0.9557751633986928,0.9288537549407114,0.9290652636588365
6,0.9629629629629629,0.9631412738797278,0.9347826086956522,0.9346428634171351
7,0.971358024691358,0.9714394088117232,0.9288537549407114,0.9288537549407114
8,0.9738271604938271,0.9739397392143074,0.9347826086956522,0.9345205691680178
9,0.9881481481481481,0.9881785860929982,0.9288537549407114,0.9286689142059986
10,0.9896296296296296,0.9896461485016363,0.9288537549407114,0.9289644435320038
11,0.9906172839506173,0.9906348725882971,0.9308300395256917,0.9308578496505195
12,0.9925925925925926,0.992600164582412,0.9229249011857708,0.9227597476747957
13,0.9990123456790123,0.9990126371667517,0.9308300395256917,0.9306818248363552
14,0.9995061728395062,0.9995062458633731,0.9308300395256917,0.9304123475578673
15,1.0,1.0,0.932806324110672,0.932435435948452
