epoch,train_accuracy,train_f1_score,val_accuracy,val_f1_score
1,0.774385703648548,0.7729195314474325,0.9107142857142857,0.9106501067937238
2,0.921072226358898,0.9210986323797811,0.8898809523809523,0.8901984334677921
3,0.9411764705882353,0.9411713811699655,0.9315476190476191,0.9309650906625995
4,0.9553239017125837,0.9552829232309125,0.9375,0.9374308771298836
5,0.9657483246463142,0.965742358206572,0.9285714285714286,0.928800008127273
6,0.9724497393894267,0.9724424930409957,0.9494047619047619,0.9491579558652729
7,0.9836187639612807,0.9836099762979956,0.9375,0.9376654898499559
8,0.9903201787043932,0.9903176326900797,0.9553571428571429,0.9553077693784883
9,0.9918093819806404,0.9918100811901178,0.9404761904761905,0.9402178406084657
10,0.9932985852568875,0.9932968226315936,0.9464285714285714,0.9464937738116546
11,0.9992553983618764,0.9992553339388605,0.9494047619047619,0.9494215472913458
12,1.0,1.0,0.9553571428571429,0.9551393728222997
13,1.0,1.0,0.9523809523809523,0.9521742724867724
14,0.9992553983618764,0.9992554619263744,0.9553571428571429,0.9553077693784883
15,1.0,1.0,0.9523809523809523,0.9522676554399697
