epoch,train_accuracy,train_f1_score,val_accuracy,val_f1_score
1,0.42134831460674155,0.3286345830367296,0.45555555555555555,0.3861479842674533
2,0.42696629213483145,0.33307060204594996,0.45555555555555555,0.3861479842674533
3,0.41853932584269665,0.32732511419428295,0.45555555555555555,0.3861479842674533
4,0.42696629213483145,0.332511853788902,0.45555555555555555,0.3861479842674533
5,0.43258426966292135,0.3360023029558808,0.45555555555555555,0.3861479842674533
6,0.45786516853932585,0.3550666561902517,0.45555555555555555,0.3891053391053392
7,0.42134831460674155,0.3310571375374409,0.45555555555555555,0.3891053391053392
8,0.4101123595505618,0.32172737152453035,0.45555555555555555,0.39214508626273337
9,0.4044943820224719,0.32688121197140596,0.45555555555555555,0.39214508626273337
10,0.4101123595505618,0.328764226315169,0.45555555555555555,0.39214508626273337
11,0.42134831460674155,0.3452479130629016,0.45555555555555555,0.39214508626273337
12,0.4297752808988764,0.34023397876523553,0.45555555555555555,0.39214508626273337
13,0.4410112359550562,0.346670977824482,0.45555555555555555,0.39214508626273337
14,0.4353932584269663,0.348501178863053,0.45555555555555555,0.39214508626273337
15,0.4438202247191011,0.34929099777976597,0.45555555555555555,0.39214508626273337
16,0.43820224719101125,0.35442740388134336,0.45555555555555555,0.39526695526695527
17,0.42134831460674155,0.34072264383458567,0.45555555555555555,0.39847094801223243
18,0.40168539325842695,0.3232138658793297,0.45555555555555555,0.39847094801223243
19,0.4101123595505618,0.32825485726873943,0.4444444444444444,0.3917695473251029
20,0.41292134831460675,0.32620112128308854,0.4444444444444444,0.3917695473251029
21,0.4410112359550562,0.34876524379121593,0.4444444444444444,0.3917695473251029
22,0.44662921348314605,0.3630068379177725,0.4444444444444444,0.3917695473251029
23,0.4157303370786517,0.35152076011361305,0.4444444444444444,0.3950268025034381
24,0.4157303370786517,0.34165779189455714,0.4444444444444444,0.3950268025034381
25,0.41853932584269665,0.3341922969970458,0.4444444444444444,0.3950268025034381
26,0.43820224719101125,0.35042538979116516,0.4444444444444444,0.3950268025034381
