epoch,train_accuracy,train_f1_score,val_accuracy,val_f1_score
1,0.09803921568627451,0.01750700280112045,0.10112359550561797,0.018573721623480855
2,0.09803921568627451,0.01750700280112045,0.10112359550561797,0.018573721623480855
3,0.09803921568627451,0.017551777744345822,0.10112359550561797,0.018573721623480855
4,0.09803921568627451,0.01750700280112045,0.10112359550561797,0.018573721623480855
5,0.09803921568627451,0.017551777744345822,0.10112359550561797,0.018573721623480855
6,0.09803921568627451,0.01750700280112045,0.10112359550561797,0.018573721623480855
7,0.09803921568627451,0.01750700280112045,0.10112359550561797,0.018573721623480855
8,0.10084033613445378,0.023123405302472894,0.10112359550561797,0.018573721623480855
9,0.10084033613445378,0.023123405302472894,0.10112359550561797,0.018573721623480855
10,0.09803921568627451,0.017551777744345822,0.10112359550561797,0.018573721623480855
