epoch,train_accuracy,train_f1_score,val_accuracy,val_f1_score
1,0.11484593837535013,0.03672776655419201,0.056179775280898875,0.005976571838393497
2,0.11484593837535013,0.032399595783013664,0.056179775280898875,0.005976571838393497
3,0.11764705882352941,0.03704230106418889,0.056179775280898875,0.005976571838393497
4,0.10084033613445378,0.02006516892471274,0.056179775280898875,0.005976571838393497
5,0.11204481792717087,0.03183632779018491,0.056179775280898875,0.005976571838393497
6,0.10364145658263306,0.025697659812282527,0.056179775280898875,0.005976571838393497
7,0.11204481792717087,0.03215314167416024,0.056179775280898875,0.005976571838393497
8,0.11204481792717087,0.03649136422245666,0.056179775280898875,0.005976571838393497
9,0.10644257703081232,0.03574129498640389,0.056179775280898875,0.005976571838393497
10,0.10364145658263306,0.020622534728176982,0.056179775280898875,0.005976571838393497
