epoch,train_accuracy,train_f1_score,val_accuracy,val_f1_score
1,0.7657430730478589,0.7657519911758479,0.9092436974789916,0.909063364488044
2,0.8879093198992444,0.8879098928061595,0.8907563025210085,0.8904295007710478
3,0.9177162048698573,0.9177152767350074,0.9159663865546218,0.9159293397228667
4,0.9382871536523929,0.9382874690730543,0.8957983193277311,0.895486543326445
5,0.9508816120906801,0.950883248261317,0.8789915966386554,0.8783109243697479
6,0.9554995801847187,0.955501274363138,0.9058823529411765,0.9057812267143557
7,0.9718723761544921,0.9718734916023446,0.9092436974789916,0.9092385700042729
8,0.9794290512174643,0.9794293449226606,0.9042016806722689,0.9041719065248478
9,0.9844668345927792,0.9844667497115404,0.9058823529411765,0.9058185082964786
10,0.9815281276238456,0.9815279192295796,0.8840336134453781,0.883803222519236
11,0.9911838790931989,0.9911840733391065,0.9008403361344538,0.9007730653466579
12,0.9949622166246851,0.9949623089755696,0.892436974789916,0.8922964307674288
