epoch,train_accuracy,train_f1_score,val_accuracy,val_f1_score
1,0.7418136020151134,0.7417228018750073,0.8689075630252101,0.8687710918436219
2,0.9009235936188077,0.9009255493522087,0.880672268907563,0.8806621542450419
3,0.9227539882451721,0.9227539882451721,0.8789915966386554,0.8789334418888661
4,0.9433249370277078,0.9433261456848678,0.8453781512605042,0.8437701150658907
5,0.9580184718723762,0.9580190046039654,0.8773109243697479,0.8771393987580685
6,0.9718723761544921,0.9718728966806762,0.853781512605042,0.852807613349079
7,0.9836272040302267,0.9836271376547484,0.865546218487395,0.8650976126974479
8,0.9874055415617129,0.9874057013898656,0.8722689075630252,0.8720904920057057
9,0.9890848026868178,0.9890848796421446,0.8773109243697479,0.8771235730771632
10,0.9844668345927792,0.9844668920877032,0.8890756302521008,0.8889206904260074
11,0.9853064651553316,0.9853066127753521,0.8857142857142857,0.8855396041845932
12,0.9937027707808564,0.9937027452518262,0.865546218487395,0.865123019399675
13,0.9991603694374476,0.9991603694374476,0.8789915966386554,0.8789710867397805
14,1.0,1.0,0.8907563025210085,0.8907581541666382
15,0.9899244332493703,0.9899242485476013,0.8907563025210085,0.8907593883181073
