epoch,train_accuracy,train_f1_score,val_accuracy,val_f1_score
1,0.7238845144356956,0.72387264457485,0.8508403361344538,0.8495331634913011
2,0.8803149606299212,0.8803080344123649,0.8886554621848739,0.8886746419671898
3,0.9028871391076115,0.9028697418397137,0.884453781512605,0.8844736850602913
4,0.9223097112860892,0.9223007188192592,0.865546218487395,0.8655818290943109
5,0.9412073490813648,0.9412072518770799,0.8718487394957983,0.8715299057841304
6,0.9548556430446195,0.9548555684056149,0.8760504201680672,0.8757949559718842
7,0.9664041994750656,0.9664040143232303,0.8550420168067226,0.8548519016800599
8,0.9774278215223097,0.9774278215223097,0.8865546218487395,0.8865546218487395
9,0.9637795275590552,0.9637793279427276,0.8697478991596639,0.8693316104851032
10,0.984251968503937,0.984251968503937,0.884453781512605,0.8841128101599414
11,0.9832020997375328,0.98320190532682,0.8760504201680672,0.8755563952714454
12,0.9847769028871391,0.9847768525491086,0.8697478991596639,0.8690335535923771
13,0.9973753280839895,0.9973753266374992,0.8613445378151261,0.8611387884718613
14,0.9921259842519685,0.9921259799124974,0.8739495798319328,0.8739495798319328
15,0.9989501312335958,0.9989501312335958,0.8718487394957983,0.871789235737632
