epoch,train_accuracy,train_f1_score,val_accuracy,val_f1_score
1,0.7828643427131458,0.782654367412916,0.87751677852349,0.8773131325129899
2,0.8937421251574968,0.8937433622125521,0.889261744966443,0.8891480519421519
3,0.9307013859722806,0.9307020216109755,0.8959731543624161,0.8958663518244456
4,0.9538009239815204,0.9538014944298235,0.8993288590604027,0.899266424177148
5,0.9722805543889123,0.9722807010801728,0.8808724832214765,0.8808761722624364
6,0.9777404451910962,0.9777403745113453,0.8909395973154363,0.8908618039881387
7,0.9781604367912642,0.9781604367912642,0.8791946308724832,0.8792014345855869
8,0.9853002939941201,0.9853004806867861,0.8741610738255033,0.8738749074100565
9,0.9916001679966401,0.991600245045834,0.8859060402684564,0.8856654578516483
10,0.9941201175976481,0.9941200781826871,0.8523489932885906,0.8513191810135202
11,0.991180176396472,0.9911802012896705,0.87751677852349,0.8774295110175168
12,0.99370012599748,0.993700105993777,0.8875838926174496,0.8874277446181719
13,0.997480050398992,0.9974800637345612,0.87751677852349,0.8773134768440727
