epoch,train_accuracy,train_f1_score,val_accuracy,val_f1_score
1,0.33558178752107926,0.3593509501562553,0.5218855218855218,0.4442365779279061
2,0.5092748735244519,0.48488470432633657,0.5252525252525253,0.5651288989136207
3,0.6197301854974705,0.5975856057748099,0.6195286195286195,0.5821031438642562
4,0.596964586846543,0.5884747594985698,0.6565656565656566,0.6462237223508472
5,0.6686340640809444,0.6368210450690273,0.6498316498316499,0.6481636831279097
6,0.6416526138279932,0.6414962338815631,0.6464646464646465,0.6553851945782615
7,0.6602023608768971,0.6411871343665879,0.6026936026936027,0.6066545500157319
8,0.648397976391231,0.6547838029587414,0.632996632996633,0.6449605886822115
9,0.6745362563237775,0.6714189466026668,0.632996632996633,0.6288290357803638
10,0.6661045531197302,0.6571615836074459,0.6734006734006734,0.6715199686861532
11,0.6888701517706577,0.6760457710409721,0.6430976430976431,0.6520957560926927
12,0.663575042158516,0.6666230612900776,0.6262626262626263,0.6376612083441493
13,0.6770657672849916,0.6853634001005301,0.6599326599326599,0.6695803229747999
14,0.6956155143338955,0.6905161087704008,0.6397306397306397,0.6430062895435698
15,0.6838111298482293,0.692149748853184,0.6397306397306397,0.6561088119876709
16,0.7057335581787522,0.7009388145546348,0.6464646464646465,0.6514418161219908
17,0.688026981450253,0.6962027078585452,0.622895622895623,0.6437246599162442
18,0.6694772344013491,0.6812162659657155,0.6599326599326599,0.6583798795862507
19,0.7124789207419899,0.7034703117413719,0.6363636363636364,0.6544447155408522
