epoch,train_accuracy,train_f1_score,val_accuracy,val_f1_score
1,0.2064026958719461,0.0706266207941715,0.21283783783783783,0.07470074531355868
2,0.2064026958719461,0.0706266207941715,0.21283783783783783,0.07470074531355868
3,0.2064026958719461,0.0706266207941715,0.21283783783783783,0.07470074531355868
4,0.2064026958719461,0.0706266207941715,0.21283783783783783,0.07470074531355868
5,0.2064026958719461,0.0706266207941715,0.21283783783783783,0.07470074531355868
6,0.2064026958719461,0.0706266207941715,0.21283783783783783,0.07470074531355868
7,0.2064026958719461,0.0706266207941715,0.21283783783783783,0.07470074531355868
8,0.2064026958719461,0.0706266207941715,0.21283783783783783,0.07470074531355868
9,0.2064026958719461,0.0706266207941715,0.21283783783783783,0.07470074531355868
10,0.2064026958719461,0.0706266207941715,0.21283783783783783,0.07470074531355868
