epoch,train_accuracy,train_f1_score,val_accuracy,val_f1_score
1,0.5160202360876898,0.48927916353894946,0.696969696969697,0.6891542761098739
2,0.6795952782462057,0.6896455581756662,0.6936026936026936,0.6823119069272723
3,0.7478920741989882,0.7540746751107312,0.6397306397306397,0.6621636719162531
4,0.851602023608769,0.8543639033946371,0.5791245791245792,0.6164741429252468
5,0.9224283305227656,0.9238442802400714,0.6801346801346801,0.6895817073948043
6,0.9123102866779089,0.9139788458849016,0.6936026936026936,0.7020533783795743
7,0.9527824620573356,0.9535777301205386,0.6565656565656566,0.6705433861374768
8,0.9890387858347386,0.9890589492982056,0.5353535353535354,0.5615542182189835
9,0.9915682967959528,0.9916143435937584,0.6801346801346801,0.6889615373358631
10,1.0,1.0,0.67003367003367,0.6829594732601082
11,1.0,1.0,0.67003367003367,0.6829594732601082
12,1.0,1.0,0.67003367003367,0.6840840226776216
13,1.0,1.0,0.6734006734006734,0.6863910006877907
14,1.0,1.0,0.67003367003367,0.6840840226776216
15,1.0,1.0,0.67003367003367,0.6857654648121381
16,1.0,1.0,0.67003367003367,0.6857654648121381
17,1.0,1.0,0.67003367003367,0.6857654648121381
18,1.0,1.0,0.67003367003367,0.6857654648121381
19,1.0,1.0,0.67003367003367,0.6857654648121381
20,1.0,1.0,0.67003367003367,0.6857654648121381
