epoch,train_accuracy,train_f1_score,val_accuracy,val_f1_score
1,0.4785172704296546,0.48647977315115215,0.6587837837837838,0.6735611947009006
2,0.7127211457455771,0.7181759469708836,0.6182432432432432,0.6289939326326375
3,0.7548441449031171,0.763146182250281,0.6452702702702703,0.6653634103173339
4,0.8517270429654591,0.857757793130675,0.7027027027027027,0.701516819551523
5,0.9165964616680707,0.9186879745377071,0.6993243243243243,0.708800512495829
6,0.9637742207245156,0.9643770554230733,0.6655405405405406,0.6853599363697445
7,0.987363100252738,0.9874163338551626,0.6858108108108109,0.6884778364391324
8,0.9730412805391744,0.9730852978776866,0.6993243243243243,0.6923084358939373
9,0.9738837405223252,0.974247642933099,0.6824324324324325,0.6865925586310866
10,0.9882055602358888,0.9882405970022797,0.6452702702702703,0.6648250720748126
11,0.9983150800336984,0.9983150800336984,0.7094594594594594,0.7163236748349573
12,1.0,1.0,0.6993243243243243,0.7037706292248636
13,1.0,1.0,0.6993243243243243,0.7021988031411284
14,1.0,1.0,0.7027027027027027,0.7048275417534016
15,1.0,1.0,0.7027027027027027,0.7048275417534016
16,1.0,1.0,0.6993243243243243,0.7006764417103742
17,1.0,1.0,0.6993243243243243,0.7002108727777867
18,1.0,1.0,0.6993243243243243,0.7002108727777867
19,1.0,1.0,0.6993243243243243,0.7002108727777867
20,1.0,1.0,0.6993243243243243,0.7002108727777867
