epoch,train_accuracy,train_f1_score,val_accuracy,val_f1_score
1,0.49325463743676223,0.504312989433315,0.6094276094276094,0.5836081677881723
2,0.7065767284991569,0.7141229462438989,0.5454545454545454,0.568497639566822
3,0.7799325463743676,0.7867879424211824,0.4713804713804714,0.4454676011156242
4,0.8279932546374368,0.8349644850478816,0.7138047138047138,0.7178339990271982
5,0.9064080944350759,0.908614793602897,0.6936026936026936,0.6952095781893252
6,0.9165261382799326,0.918091825527787,0.6801346801346801,0.693123480788333
7,0.9578414839797639,0.9582175419654761,0.6801346801346801,0.6951769724625114
8,0.9890387858347386,0.9891160147733027,0.6363636363636364,0.6502287110130247
9,0.9603709949409781,0.9608029717821419,0.7003367003367004,0.6921077569417574
10,0.9873524451939292,0.9874512534821428,0.7037037037037037,0.7030356340951391
11,0.9957841483979764,0.9957828037974435,0.6902356902356902,0.6940254219920454
12,0.9991568296795953,0.9991579549362343,0.7070707070707071,0.704795424159858
13,0.9991568296795953,0.9991564861098762,0.6936026936026936,0.6946465952156905
14,0.9991568296795953,0.9991564861098762,0.6936026936026936,0.6940091295107585
15,0.9991568296795953,0.9991564861098762,0.696969696969697,0.697389507870314
16,0.9991568296795953,0.9991564861098762,0.696969696969697,0.697389507870314
17,0.9991568296795953,0.9991564861098762,0.7037037037037037,0.7024959181297034
18,0.9991568296795953,0.9991564861098762,0.7003367003367004,0.6987450796117619
19,0.9991568296795953,0.9991564861098762,0.7104377104377104,0.7041765855037249
20,0.9991568296795953,0.9991564861098762,0.7138047138047138,0.7088528523557908
