epoch,train_accuracy,train_f1_score,val_accuracy,val_f1_score
1,0.47217537942664417,0.4827236277208087,0.6666666666666666,0.6697332064755851
2,0.7065767284991569,0.7150572233239961,0.7441077441077442,0.7388629940846826
3,0.7740303541315345,0.7830865344158047,0.6666666666666666,0.6821443604402888
4,0.8541315345699831,0.8592996980913532,0.6767676767676768,0.6966542536794825
5,0.9266441821247892,0.928837169805469,0.7643097643097643,0.7681633815345131
6,0.9645868465430016,0.964958930823097,0.7138047138047138,0.7179671876884647
7,0.975548060708263,0.9757679937699738,0.6801346801346801,0.6984266216870662
8,0.9772344013490725,0.9773945945317062,0.7272727272727273,0.7325029018329338
9,0.9966273187183811,0.9966280853164592,0.7306397306397306,0.7415346112040302
10,1.0,1.0,0.7272727272727273,0.7355840290268584
11,1.0,1.0,0.7205387205387206,0.7296753934068444
12,1.0,1.0,0.7239057239057239,0.7315875012639861
13,1.0,1.0,0.7272727272727273,0.7342633828872361
14,1.0,1.0,0.7272727272727273,0.7349391445435902
15,1.0,1.0,0.7272727272727273,0.7349391445435902
16,1.0,1.0,0.7272727272727273,0.7349391445435902
17,1.0,1.0,0.7272727272727273,0.7349391445435902
18,1.0,1.0,0.7272727272727273,0.7349391445435902
19,1.0,1.0,0.734006734006734,0.7408583888207714
20,0.9991568296795953,0.9991573642250485,0.7508417508417509,0.7560175541475782
