epoch,train_accuracy,train_f1_score,val_accuracy,val_f1_score
1,0.3787878787878788,0.36265837349181623,0.5337837837837838,0.529239803355703
2,0.5858585858585859,0.5925792460070344,0.5101351351351351,0.5054879735426742
3,0.7045454545454546,0.709087196847404,0.5472972972972973,0.5775795856308205
4,0.8038720538720538,0.8095991801507799,0.6013513513513513,0.6164470012577823
5,0.8594276094276094,0.8625338841387596,0.5912162162162162,0.6124749944043423
6,0.9057239057239057,0.9074229253587086,0.5405405405405406,0.5655347100191594
7,0.936026936026936,0.93698338654597,0.652027027027027,0.6637709698253795
8,0.9503367003367004,0.9510605390961622,0.6148648648648649,0.6322825218145193
9,0.9907407407407407,0.9907563641476952,0.6283783783783784,0.6395440269521152
10,0.9991582491582491,0.9991576327583458,0.6418918918918919,0.6518843303121297
11,1.0,1.0,0.6283783783783784,0.637774754843339
12,1.0,1.0,0.6385135135135135,0.6447241490416377
13,1.0,1.0,0.6385135135135135,0.6450339709474372
14,1.0,1.0,0.6351351351351351,0.641560251792943
15,0.9966329966329966,0.9966360933076055,0.5675675675675675,0.598873331763218
16,0.952020202020202,0.9523836031149047,0.6013513513513513,0.6131837016146848
17,0.9831649831649831,0.9832216459555355,0.6182432432432432,0.6270502346797973
18,0.9991582491582491,0.9991571063568983,0.6013513513513513,0.6124427480539755
19,1.0,1.0,0.6081081081081081,0.615867700210528
20,1.0,1.0,0.6114864864864865,0.6200987389596541
21,1.0,1.0,0.6114864864864865,0.619760611912465
22,1.0,1.0,0.6081081081081081,0.6166960427124263
23,1.0,1.0,0.6081081081081081,0.6166960427124263
24,1.0,1.0,0.6114864864864865,0.6198007966536615
25,1.0,1.0,0.6114864864864865,0.6198007966536615
26,1.0,1.0,0.6081081081081081,0.6162579314233727
