epoch,train_accuracy,train_f1_score,val_accuracy,val_f1_score
1,0.3106060606060606,0.2696033592780542,0.4527027027027027,0.4098689203362401
2,0.5067340067340067,0.5088798456029022,0.5236486486486487,0.5371909570947814
3,0.6077441077441077,0.6201709457229071,0.5101351351351351,0.5411453506654046
4,0.7138047138047138,0.7182002272223436,0.5743243243243243,0.583045406311139
5,0.8181818181818182,0.8210914702748648,0.5709459459459459,0.5939483948558358
6,0.8493265993265994,0.8529395500504283,0.5574324324324325,0.5821184902265983
7,0.9116161616161617,0.9129512327584822,0.581081081081081,0.5980789702288214
8,0.9419191919191919,0.9422799508757389,0.5574324324324325,0.5748842919182635
9,0.9478114478114478,0.9485297176128284,0.581081081081081,0.6043741989108058
10,0.9570707070707071,0.957314456978335,0.5945945945945946,0.6177093008836975
11,0.9621212121212122,0.9622755208949086,0.5945945945945946,0.6102293340017266
12,0.9570707070707071,0.957431160732422,0.5912162162162162,0.6146638129259157
13,0.9604377104377104,0.9606121181221151,0.581081081081081,0.5993236493236493
14,0.9301346801346801,0.9310727914181053,0.5574324324324325,0.5736908330258714
15,0.9436026936026936,0.9439477783487142,0.5371621621621622,0.5683605247038083
16,0.952020202020202,0.9526298545512485,0.5405405405405406,0.5542918209533986
17,0.42424242424242425,0.41833535448028686,0.19932432432432431,0.1035845080672667
18,0.33080808080808083,0.33212828391037663,0.2635135135135135,0.27437439003736847
19,0.7668350168350169,0.772306353391353,0.5304054054054054,0.546588217742199
20,0.8846801346801347,0.8908734998453907,0.543918918918919,0.565551516040256
