epoch,train_accuracy,train_f1_score,val_accuracy,val_f1_score
1,0.3976411120471778,0.3974615892509369,0.5454545454545454,0.5265321385271376
2,0.6015164279696714,0.6024906550443339,0.6026936026936027,0.6087232325848742
3,0.7068239258635215,0.7126328008316785,0.5286195286195287,0.5182636725625427
4,0.7868576242628476,0.7937010943768439,0.6397306397306397,0.6568063795685279
5,0.8584667228306655,0.8615091766833536,0.6195286195286195,0.620011991846882
6,0.8904802021903959,0.8930575750016566,0.6430976430976431,0.6474960579618833
7,0.9098567818028643,0.9116089730987248,0.622895622895623,0.6493538048284749
8,0.945240101095198,0.9464048644519731,0.6531986531986532,0.6472608589632688
9,0.9865206402695872,0.9865596742945919,0.6498316498316499,0.6532824035958773
10,0.9848357203032856,0.9848514622699145,0.6498316498316499,0.6600193641771182
11,0.9814658803706824,0.9815070112209797,0.6464646464646465,0.6517178886855906
12,0.9848357203032856,0.9848371054168924,0.6397306397306397,0.6398288145027485
13,0.962089300758214,0.9622007108205092,0.5757575757575758,0.6077675543818195
14,0.9469250210614996,0.9475373992023322,0.6195286195286195,0.6236876116820379
15,0.9629317607413648,0.9634551929211268,0.5993265993265994,0.6191303295504739
16,0.9797809604043808,0.9798506287217599,0.5892255892255892,0.6113603627101009
17,0.9949452401010952,0.9949607052572504,0.6060606060606061,0.6149708279663266
18,0.9966301600673968,0.996632069674587,0.6094276094276094,0.6230028077368799
19,0.995787700084246,0.9957888464447938,0.6127946127946128,0.6266488536214784
20,0.9974726200505476,0.997474126907967,0.6127946127946128,0.6255606012783421
