epoch,train_accuracy,train_f1_score,val_accuracy,val_f1_score
1,0.36057287278854255,0.34836298347953737,0.5353535353535354,0.5376352233495091
2,0.5914069081718618,0.5960154678996867,0.5791245791245792,0.5902273841969111
3,0.7177759056444819,0.7212733093812937,0.6262626262626263,0.6205386720254753
4,0.802021903959562,0.8066080553964663,0.5723905723905723,0.5806467863485114
5,0.8896377422072451,0.8917773280545336,0.5151515151515151,0.5436176114111533
6,0.9149115417017691,0.9163896669635035,0.5858585858585859,0.6071957098243937
7,0.9418702611625948,0.9424075543578684,0.5892255892255892,0.6152979090792078
8,0.9317607413647851,0.9329964128760094,0.6195286195286195,0.6335734355371917
9,0.8534119629317607,0.8586927710537201,0.6430976430976431,0.6510726536590759
10,0.9629317607413648,0.9632626509296786,0.6498316498316499,0.6516704741682251
11,0.9814658803706824,0.981552643181574,0.6296296296296297,0.6330287956641062
12,0.9865206402695872,0.9866510695269793,0.622895622895623,0.6285571284939538
13,0.9966301600673968,0.9966314010700165,0.6363636363636364,0.6443317469584581
14,0.9974726200505476,0.9974730341711768,0.632996632996633,0.6416768487429744
15,0.9949452401010952,0.9949547365327773,0.6397306397306397,0.6452010710313981
16,0.9890480202190396,0.9891131686876063,0.6397306397306397,0.6459641169147303
17,0.9823083403538332,0.9823550867038339,0.622895622895623,0.642538123207708
18,0.970513900589722,0.9706526635914287,0.6026936026936027,0.6114300552336817
19,0.9679865206402696,0.9681164306334439,0.6296296296296297,0.6180005201366907
20,0.9688289806234204,0.9689394812925428,0.6296296296296297,0.6274780932628219
