epoch,train_accuracy,train_f1_score,val_accuracy,val_f1_score
1,0.2300140252454418,0.1573049324417797,0.22159887798036465,0.09991828661741549
2,0.26297335203366057,0.2095724089073094,0.3071528751753156,0.20708273903867458
3,0.35308555399719493,0.3384640618467728,0.36746143057503505,0.3244066719189394
4,0.4102384291725105,0.41042973944589745,0.426367461430575,0.3734726434446711
5,0.46598877980364656,0.45648840360418774,0.4319775596072931,0.4025941678222918
6,0.5129733520336606,0.5032058924110442,0.47685834502103785,0.4628859964574552
7,0.5753856942496494,0.5673351444873124,0.514726507713885,0.49536168953321924
8,0.6107994389901823,0.6009723902961265,0.5273492286115007,0.5243007583675727
9,0.6237727910238429,0.6177828147170874,0.5091164095371669,0.5117936549044682
10,0.6672510518934082,0.6652688187632465,0.4908835904628331,0.488948830259322
11,0.7079242636746143,0.7066644174675559,0.48807854137447404,0.48325529089633895
12,0.7373772791023843,0.7369520911401753,0.4950911640953717,0.5002106940003946
13,0.7552594670406733,0.755259530146899,0.5357643758765779,0.542137223105317
14,0.7903225806451613,0.7907087348421858,0.5063113604488079,0.5095770169453353
15,0.8288920056100981,0.8286238768995817,0.5287517531556802,0.5327284689839774
16,0.8867461430575035,0.886700520367165,0.4305750350631136,0.418919805757475
17,0.8832398316970547,0.8832210390547531,0.5287517531556802,0.5329567581280326
18,0.9330294530154277,0.9329929505177983,0.511921458625526,0.5221832300255609
19,0.9049789621318373,0.9047726683466951,0.5273492286115007,0.5263772763685319
20,0.9305750350631136,0.930445897910676,0.5217391304347826,0.5312948544536763
