epoch,train_accuracy,train_f1_score,val_accuracy,val_f1_score
1,0.3709677419354839,0.3410599955427722,0.5988779803646563,0.597531126001517
2,0.5883590462833099,0.5859397035520425,0.5988779803646563,0.5984208875990665
3,0.67671809256662,0.6771578867751219,0.576437587657784,0.5740505977173285
4,0.7840112201963534,0.7839141855641376,0.5904628330995793,0.589676420983626
5,0.8965638148667602,0.8969043965620122,0.5988779803646563,0.6014515777460391
6,0.9603786816269285,0.9603988671397578,0.5820476858345021,0.5887288727071811
7,0.9768583450210379,0.9768751630758191,0.5946704067321178,0.5951938230268818
8,0.9828190743338009,0.9828099797957008,0.5904628330995793,0.5866794600828525
9,0.9887798036465638,0.9888042513591696,0.5904628330995793,0.59568936820926
10,0.9929873772791024,0.9929876029165018,0.5862552594670407,0.5795976252219358
11,0.982468443197756,0.9824763210127275,0.5876577840112202,0.59093813274866
12,0.9835203366058906,0.9835240057410953,0.573632538569425,0.5774988854215534
13,0.9943899018232819,0.994399230099807,0.5848527349228612,0.5894309641463664
14,0.9971949509116409,0.9971960978343916,0.5932678821879382,0.5925153987328864
15,0.9996493688639552,0.999649326062338,0.5848527349228612,0.5900116841788321
16,0.9985974754558204,0.9985974754558204,0.5624123422159888,0.5447706071410539
17,0.9652875175315568,0.9653532786592679,0.5652173913043478,0.5664548724138315
18,0.9856241234221599,0.9856218436311401,0.5596072931276297,0.5560443430989767
19,0.988429172510519,0.988420881473808,0.5610098176718092,0.565109822495096
20,0.9971949509116409,0.997196002404337,0.5806451612903226,0.5845616080437771
