epoch,train_accuracy,train_f1_score,val_accuracy,val_f1_score
1,0.45021037868162694,0.44272739697746405,0.5666199158485273,0.5508960518125463
2,0.605890603085554,0.6060486154564905,0.5778401122019635,0.5691615143657194
3,0.7072230014025246,0.7078507136869465,0.6297335203366059,0.6348682281395202
4,0.8225806451612904,0.8237180441321067,0.5974754558204769,0.595181949656176
5,0.9179523141654979,0.9182510874402999,0.6199158485273493,0.6229601579989829
6,0.9719495091164095,0.9719738569805876,0.6465638148667602,0.64596425000419
7,0.979663394109397,0.9796645237159914,0.6100981767180925,0.6149816468985787
8,0.9845722300140253,0.9845730063884481,0.6086956521739131,0.6173266002696834
9,0.9964936886395512,0.9964939684570857,0.5974754558204769,0.6045141779707984
10,0.9919354838709677,0.9919418491782601,0.603085553997195,0.6042254676291109
11,0.979312762973352,0.9793573261637093,0.6129032258064516,0.6115714380675802
12,0.9621318373071529,0.9621825044188671,0.603085553997195,0.6084339021188128
13,0.9873772791023843,0.9873815485005792,0.6199158485273493,0.6210736638364227
14,0.9992987377279102,0.9992991884636532,0.6241234221598878,0.6278949558666629
15,0.9985974754558204,0.9985978687075825,0.6269284712482468,0.6326618001653924
16,0.9992987377279102,0.9992987377279102,0.6185133239831697,0.6128251287243324
17,0.9810659186535764,0.9810632048526265,0.5834502103786816,0.58916042719616
18,0.9621318373071529,0.9621401388500561,0.5750350631136045,0.5753950817524356
19,0.9891304347826086,0.9891216444757791,0.5848527349228612,0.5904942990691473
20,0.9936886395511921,0.9936955612949027,0.6143057503506312,0.6126657020266092
