epoch,train_accuracy,train_f1_score,val_accuracy,val_f1_score
1,0.50124826629681,0.5160458060944483,0.6503884572697003,0.6431390258291223
2,0.6957004160887656,0.7032752878209546,0.6681465038845728,0.6775962330133566
3,0.732871012482663,0.744887994976167,0.6981132075471698,0.7086486200562416
4,0.7672676837725382,0.7774840542246095,0.681465038845727,0.7000842448423793
5,0.7864077669902912,0.7956409187251914,0.7058823529411765,0.7048809137763777
6,0.8094313453536754,0.8174636920586603,0.7014428412874584,0.7092543787836877
7,0.831622746185853,0.8375643171107535,0.6970033296337403,0.7076040692975423
8,0.8485436893203884,0.8536317036153165,0.7136514983351832,0.7193720617307362
9,0.869625520110957,0.8731187653444448,0.7014428412874584,0.7113094172544245
10,0.8948682385575589,0.8973255672614255,0.7058823529411765,0.7154757205356876
11,0.8987517337031901,0.9013778486559443,0.6914539400665927,0.6958301079285153
12,0.9159500693481276,0.9174558476421777,0.6958934517203108,0.7044645584357077
13,0.9323162274618585,0.9332831445364279,0.709211986681465,0.7162876764518564
14,0.9389736477115118,0.9398336333366522,0.7003329633740288,0.705687307906071
15,0.9497919556171983,0.9502107383377999,0.7103218645948945,0.7070652633945471
16,0.9495145631067962,0.9498913925071897,0.6981132075471698,0.6942126502321009
17,0.957004160887656,0.9572190942798349,0.6992230854605993,0.694801195413532
18,0.961997226074896,0.9621725984173126,0.7014428412874584,0.7062142447011838
19,0.9705963938973647,0.9706436583256561,0.7058823529411765,0.7093005525990186
20,0.9719833564493758,0.9720369211377877,0.6936736958934517,0.6997304194875499
21,0.9778085991678225,0.9778158544232504,0.7036625971143174,0.7065722607231381
22,0.9766990291262136,0.9767208315039568,0.6870144284128746,0.6950804553585831
23,0.9775312066574202,0.9776042622827503,0.6981132075471698,0.7069798798026474
24,0.9811373092926491,0.9811474201368199,0.6970033296337403,0.7019590153855485
25,0.9811373092926491,0.9811434102248194,0.6881243063263041,0.6881153807843102
26,0.9858529819694868,0.9858533019254968,0.6947835738068813,0.6952030982195379
27,0.9830790568654646,0.9830989216784624,0.6936736958934517,0.6961839654341426
