epoch,train_accuracy,train_f1_score,val_accuracy,val_f1_score
1,0.5339805825242718,0.539167281469422,0.6992230854605993,0.6648136398499794
2,0.7117891816920943,0.7135795510035362,0.6947835738068813,0.712897811269649
3,0.7300970873786408,0.7426244558756488,0.7025527192008879,0.7161921145036348
4,0.7603328710124827,0.7707246430260268,0.7169811320754716,0.7277495217997464
5,0.7869625520110957,0.7950366574260664,0.7247502774694784,0.7299139343355537
6,0.8102635228848821,0.8168398860266647,0.7203107658157603,0.7325808020192018
7,0.826629680998613,0.8324753034085008,0.7214206437291898,0.7252820787933665
8,0.8540915395284328,0.8579781187328942,0.7169811320754716,0.7220265047397376
9,0.8643550624133148,0.8687013393562736,0.7258601553829079,0.7278886537470058
10,0.8909847434119279,0.8934694140394653,0.7169811320754716,0.7195621440312985
11,0.8998613037447989,0.9019202504682134,0.7114317425083241,0.7183249842517324
12,0.905131761442441,0.9070845497422235,0.7169811320754716,0.719132105181466
13,0.9217753120665741,0.9227859895814708,0.7169811320754716,0.7199357610232328
14,0.9378640776699029,0.9385690559540775,0.7125416204217536,0.7177068273547379
15,0.9464632454923717,0.9468237392993946,0.6970033296337403,0.7061469014158479
16,0.9531206657420249,0.9534732465619651,0.7169811320754716,0.7228213980964093
17,0.9600554785020804,0.9603375932607641,0.7147613762486127,0.7148624286628902
18,0.9661581137309293,0.966273975493678,0.7036625971143174,0.7079942418452565
19,0.9675450762829404,0.9676181221088078,0.7136514983351832,0.7154696600952387
20,0.970873786407767,0.9709704309202344,0.7236403995560489,0.719180901437751
21,0.970873786407767,0.9709156024156829,0.7336293007769146,0.7267268946147223
22,0.968377253814147,0.9685522683035054,0.7158712541620422,0.7119987981929581
23,0.9783633841886269,0.9783875543920224,0.7214206437291898,0.7209246470807341
24,0.9819694868238558,0.9819802809914411,0.7236403995560489,0.7250145077023237
25,0.9858529819694868,0.9858560609687881,0.7225305216426193,0.723674343050653
