epoch,train_accuracy,train_f1_score,val_accuracy,val_f1_score
1,0.5398058252427185,0.547983090664968,0.6570477247502775,0.6730832849632129
2,0.6932038834951456,0.7002241838746086,0.7225305216426193,0.7297848069384578
3,0.7242718446601941,0.7361408794847146,0.7469478357380688,0.7473745139966033
4,0.7547850208044383,0.7649928739025691,0.7369589345172031,0.7482523309034417
5,0.7811373092926491,0.7905157295616342,0.7369589345172031,0.7460374274221214
6,0.8008321775312066,0.8090929502542644,0.7347391786903441,0.7414916584974356
7,0.8235783633841887,0.830074880483308,0.7447280799112098,0.7545481098931388
8,0.8504854368932039,0.8556630103814761,0.7258601553829079,0.7318128465124099
9,0.8693481276005548,0.8732554017511497,0.7280799112097669,0.7383492847853113
10,0.883495145631068,0.8872842151194597,0.704772475027747,0.7119676636345896
11,0.8937586685159501,0.8965474696920391,0.7347391786903441,0.7391981524790397
12,0.9151178918169209,0.9167778324089042,0.7280799112097669,0.7383935243331234
13,0.9217753120665741,0.9235393519178348,0.7169811320754716,0.7232895151630228
14,0.9409153952843273,0.941644853595118,0.730299667036626,0.7347143451787193
15,0.945631067961165,0.9462751593942931,0.7280799112097669,0.7302256989457455
16,0.9495145631067962,0.9499538832976555,0.7103218645948945,0.7102880248995198
17,0.9586685159500693,0.9589116051832008,0.7192008879023307,0.7266033789065951
18,0.9597780859916782,0.960128992002042,0.7347391786903441,0.7332086833795721
19,0.970873786407767,0.97102119194864,0.6892341842397336,0.6868534819226151
20,0.9697642163661581,0.9699506219407981,0.7336293007769146,0.7349571294490945
21,0.9733703190013869,0.9735209141622878,0.7347391786903441,0.7328431461387188
22,0.9722607489597781,0.9723692121834339,0.7291897891231964,0.726952411633333
23,0.9786407766990292,0.9787010957835399,0.7314095449500555,0.7342791609902497
24,0.9794729542302358,0.979528636345361,0.7280799112097669,0.7304676162192972
25,0.982246879334258,0.9822971849531271,0.7203107658157603,0.7200187616000985
26,0.9808599167822469,0.9808999863686431,0.732519422863485,0.7362051961733659
