epoch,train_accuracy,train_f1_score,val_accuracy,val_f1_score
1,0.7869690194825935,0.7888203651197727,0.829923273657289,0.8321643384098208
2,0.8968380709038646,0.8972794213122364,0.8900255754475703,0.8892293987066163
3,0.9405940594059405,0.9406915019874167,0.887468030690537,0.8849581264730956
4,0.9718939635899074,0.9719400654564122,0.9002557544757033,0.8997670892797219
5,0.9801980198019802,0.9802013550857874,0.8682864450127877,0.869739468139539
6,0.9837112743532418,0.9837261661469835,0.9092071611253197,0.9084385663262808
7,0.988502076014053,0.988502076014053,0.8823529411764706,0.8798553424694648
8,0.9865857553497285,0.9865991143886597,0.8964194373401535,0.8961757608086077
9,0.983072500798467,0.9830681928726676,0.8695652173913043,0.8698084633372802
10,0.9811561801341424,0.9811383915945558,0.881074168797954,0.881187120922531
11,0.9891408495688279,0.9891334264775264,0.8925831202046036,0.8914453968751342
12,0.9945704247844139,0.9945671818728866,0.8836317135549873,0.8837422366016164
13,0.9952091983391887,0.9952063369466646,0.8491048593350383,0.8510508221520439
14,0.9900990099009901,0.9900998449385776,0.8721227621483376,0.8701836957428397
15,0.9913765570105397,0.991375827598889,0.8785166240409207,0.8786320052434458
16,0.9942510380070265,0.9942500640432251,0.8887468030690537,0.8887824550300518
17,0.9936122644522517,0.9936056767764289,0.8989769820971867,0.8982047535680207
18,0.9955285851165762,0.9955247533622058,0.8938618925831202,0.8933015817676534
19,0.9958479718939636,0.9958440523852411,0.8925831202046036,0.8922157599786096
20,0.996167358671351,0.9961634060658572,0.8964194373401535,0.8959509076331807
21,0.9958479718939636,0.9958440523852411,0.8925831202046036,0.8922157599786096
22,0.996167358671351,0.9961634060658572,0.8938618925831202,0.8935370927517052
23,0.9968061322261258,0.9968044995086889,0.8938618925831202,0.8935370927517052
24,0.9971255190035132,0.9971242962375689,0.8938618925831202,0.8935370927517052
25,0.9974449057809007,0.9974431591711828,0.8938618925831202,0.8935370927517052
