epoch,train_accuracy,train_f1_score,val_accuracy,val_f1_score
1,0.794888178913738,0.7956913828478615,0.8263090676883781,0.8287803036111683
2,0.8987220447284345,0.8989751334552347,0.8825031928480205,0.8802495586693253
3,0.9380191693290735,0.9381108669698527,0.89272030651341,0.8933326000476636
4,0.9654952076677317,0.9655182331585704,0.8863346104725415,0.8865129583115835
5,0.9706070287539936,0.9706598625553426,0.8684546615581098,0.8686610641134057
6,0.9798722044728434,0.9798772783368964,0.8837803320561941,0.8835060675913852
7,0.9785942492012779,0.978624202983318,0.8735632183908046,0.8730833673573313
8,0.9865814696485623,0.9865904240061107,0.876117496807152,0.8765295070632043
9,0.9913738019169329,0.9913759764300986,0.8812260536398467,0.8819331802697916
10,0.9853035143769968,0.9853228986323281,0.8773946360153256,0.8766024064349224
11,0.9955271565495207,0.9955279093320986,0.8722860791826309,0.8712547824535398
12,0.9824281150159745,0.9824295958558648,0.8786717752234994,0.8781213312533326
13,0.9900958466453674,0.9900916367862564,0.8697318007662835,0.8696465148146715
14,0.9958466453674122,0.9958462943289567,0.8812260536398467,0.8820994375641005
15,0.9952076677316294,0.9952104700797157,0.8748403575989783,0.8751488150894408
16,0.9939297124600639,0.9939302240229351,0.8812260536398467,0.8820994375641005
17,0.9929712460063898,0.9929724289504407,0.8773946360153256,0.876198644143017
18,0.9955271565495207,0.9955271565495207,0.879948914431673,0.879948914431673
19,0.9907348242811501,0.9907340411953648,0.8748403575989783,0.8759929607623357
20,0.9945686900958467,0.994567308932652,0.8735632183908046,0.8741222656938299
21,0.9916932907348243,0.9916960786222706,0.876117496807152,0.8765295070632043
22,0.9932907348242811,0.9932913002358758,0.8786717752234994,0.8777417323404673
