epoch,train_accuracy,train_f1_score,val_accuracy,val_f1_score
1,0.7910543130990415,0.792276247625973,0.8403575989782887,0.84114735458641
2,0.8757188498402556,0.8763198689878502,0.859514687100894,0.8577725666028884
3,0.9236421725239616,0.9236486074463943,0.8735632183908046,0.8725940158074342
4,0.9523961661341853,0.9524474082624813,0.8735632183908046,0.8728937906611317
5,0.9626198083067092,0.9626292311970935,0.879948914431673,0.8791731896341949
6,0.9597444089456869,0.9598231113334241,0.8620689655172413,0.8595643006898918
7,0.9594249201277956,0.9594685963042626,0.8659003831417624,0.8657679078578157
8,0.9738019169329073,0.9738322417361854,0.8722860791826309,0.8734127373974118
9,0.9773162939297124,0.9773295583773213,0.8646232439335888,0.8603401073834932
10,0.9849840255591055,0.9849878108227641,0.8876117496807152,0.8880169512479716
11,0.9859424920127795,0.9859472099761503,0.8659003831417624,0.8673871427597626
12,0.9833865814696485,0.983394920669302,0.8773946360153256,0.8778366740886964
13,0.9939297124600639,0.9939322553628321,0.8825031928480205,0.8824262682642134
14,0.9964856230031949,0.996484729309363,0.8748403575989783,0.8739316859527588
15,0.9984025559105432,0.9984026905323513,0.8888888888888888,0.8889246138962211
16,0.9990415335463259,0.9990414525374515,0.8876117496807152,0.8871437657965494
17,0.9987220447284345,0.9987220447284345,0.8888888888888888,0.8885478253623269
18,0.9990415335463259,0.9990414525374515,0.8914431673052363,0.8910311739936682
19,0.9990415335463259,0.9990414525374515,0.8901660280970626,0.8896263401746076
20,0.9990415335463259,0.9990414525374515,0.8901660280970626,0.8896263401746076
