epoch,train_accuracy,train_f1_score,val_accuracy,val_f1_score
1,0.7910543130990415,0.791324212674519,0.8365261813537676,0.8392340432484539
2,0.9044728434504792,0.9046921421625712,0.8263090676883781,0.8291569730650192
3,0.9523961661341853,0.9524387589613749,0.8748403575989783,0.8750950019196264
4,0.9626198083067092,0.962676888314395,0.8786717752234994,0.8793269773392297
5,0.9805111821086262,0.9805378894465414,0.8825031928480205,0.8817824350486712
6,0.9859424920127795,0.9859471136579048,0.879948914431673,0.8797765311433445
7,0.9910543130990416,0.9910572541459394,0.8416347381864623,0.8440067668900965
8,0.9900958466453674,0.9901031187190339,0.8914431673052363,0.8896139826516734
9,0.9897763578274761,0.9897763578274761,0.8607918263090677,0.8624516758203404
10,0.9939297124600639,0.9939312114640817,0.8492975734355045,0.8506217253522291
11,0.9884984025559106,0.9885059204090669,0.8914431673052363,0.89035182937404
12,0.9913738019169329,0.9913730876487533,0.8735632183908046,0.8745189122837093
13,0.9923322683706071,0.9923372802727113,0.8467432950191571,0.8489289562444573
14,0.9968051118210862,0.996805638567155,0.8863346104725415,0.8859570502979038
15,0.9993610223642172,0.9993610223642172,0.8773946360153256,0.8774797239942649
16,0.9993610223642172,0.9993610223642172,0.8773946360153256,0.8774797239942649
17,0.9996805111821087,0.9996804847277315,0.8773946360153256,0.8774797239942649
18,0.9993610223642172,0.9993610223642172,0.8773946360153256,0.8774797239942649
19,0.9993610223642172,0.9993610223642172,0.8773946360153256,0.8774797239942649
20,0.9996805111821087,0.9996805375584179,0.879948914431673,0.879948914431673
21,0.9993610223642172,0.9993610223642172,0.8786717752234994,0.8787141170673584
22,0.9993610223642172,0.9993610223642172,0.8786717752234994,0.8787141170673584
23,0.9996805111821087,0.9996804847277315,0.8786717752234994,0.8787141170673584
24,0.9990415335463259,0.9990416126752539,0.8812260536398467,0.881184129883039
25,0.9993610223642172,0.9993610223642172,0.8825031928480205,0.8824197772648497
26,0.9993610223642172,0.9993610223642172,0.8786717752234994,0.8787141170673584
27,0.9993610223642172,0.9993610223642172,0.8812260536398467,0.881184129883039
28,0.9993610223642172,0.9993610223642172,0.8812260536398467,0.881184129883039
29,0.9996805111821087,0.9996804847277315,0.879948914431673,0.879948914431673
30,0.9993610223642172,0.9993610223642172,0.8825031928480205,0.8824197772648497
