epoch,train_accuracy,train_f1_score,val_accuracy,val_f1_score
1,0.7735547748323219,0.7752359293563962,0.7928388746803069,0.7952106208726354
2,0.8728840625998083,0.8736399123591869,0.8516624040920716,0.8534375616724049
3,0.9217502395400831,0.922123820516511,0.8670076726342711,0.8681400499832606
4,0.9393165122963909,0.9394466812340477,0.8414322250639387,0.8392962702855984
5,0.9578409453848611,0.9579380469845741,0.8734015345268542,0.8724870520151994
6,0.9584797189396359,0.9586012172488705,0.8618925831202046,0.86235748626617
7,0.9683807090386458,0.968451038404039,0.8861892583120204,0.8867140073235782
8,0.9718939635899074,0.9719130099931327,0.8414322250639387,0.8403476377300515
9,0.9734908974768445,0.9734931658847502,0.870843989769821,0.871311857530038
10,0.9853082082401788,0.9853056829644468,0.8836317135549873,0.8816872279279097
11,0.9840306611306292,0.9840414829506434,0.8567774936061381,0.8581354783121611
12,0.9798786330245928,0.9799006299090746,0.8836317135549873,0.8826078524263228
13,0.9875439156818908,0.9875533980333503,0.8861892583120204,0.8856222263249585
14,0.9939316512296391,0.993932170503738,0.8925831202046036,0.8930524425267413
15,0.9910571702331523,0.9910602179723681,0.8938618925831202,0.8938295130469078
16,0.9936122644522517,0.9936111665062812,0.8849104859335039,0.8835624484055649
17,0.9897796231236027,0.9897796231236027,0.8887468030690537,0.8895507703838645
18,0.9878633024592782,0.9878633024592782,0.887468030690537,0.8880659648176744
19,0.984669434685404,0.9846823831470584,0.9002557544757033,0.8993378669345385
20,0.9929734908974769,0.9929746916916581,0.8913043478260869,0.8903479940245873
