epoch,train_accuracy,train_f1_score,val_accuracy,val_f1_score
1,0.5065,0.5180210860774118,0.5955955955955956,0.5865919386387223
2,0.559,0.5692275820353849,0.5475475475475475,0.554831160292554
3,0.58575,0.5952682613718202,0.5575575575575575,0.5603145067357747
4,0.61725,0.6258102427953066,0.5785785785785785,0.581998237631866
5,0.63375,0.6401971269951121,0.5565565565565566,0.5544971191745862
6,0.6195,0.6283145992492097,0.5755755755755756,0.5789079094255616
7,0.63625,0.6437910090977015,0.5885885885885885,0.5931634921047818
8,0.6625,0.6683743593033784,0.5965965965965966,0.6018278514308933
9,0.668,0.6742939050021017,0.6066066066066066,0.6122211751841381
10,0.666,0.6730008980059263,0.6356356356356356,0.6435932471633746
11,0.664,0.6715093287369848,0.6636636636636637,0.6723484600843092
12,0.68,0.686235230934479,0.6716716716716716,0.6799908016124233
13,0.6825,0.6882469091307628,0.6566566566566566,0.6653202315299833
14,0.69,0.6950054486323297,0.6676676676676677,0.6762542643046305
15,0.69,0.6938386917514945,0.6476476476476476,0.6556729289884764
16,0.68775,0.6942395615333546,0.6756756756756757,0.6840338666425624
17,0.6895,0.6945135219365753,0.6346346346346347,0.6413791049231599
18,0.6935,0.7000825369571864,0.6766766766766766,0.6850312845144886
19,0.70125,0.7057028004876356,0.6566566566566566,0.6645863858362882
20,0.70125,0.7063898310715556,0.6676676676676677,0.6760693582780475
21,0.70525,0.7103448409062771,0.6626626626626627,0.6709763581924517
22,0.69275,0.6993003631484477,0.6936936936936937,0.7012428403515902
23,0.708,0.7124216357311821,0.6716716716716716,0.6799399641463626
24,0.69725,0.7020439287789602,0.6686686686686687,0.6764530653668273
25,0.71275,0.7175492740939626,0.6716716716716716,0.6795900684283372
26,0.70625,0.7113275556105815,0.6716716716716716,0.6798279948722427
27,0.697,0.7021006258701457,0.6616616616616616,0.6701077643471494
28,0.6955,0.7013137287443056,0.6836836836836837,0.6917795557768027
29,0.708,0.7133286635944701,0.6786786786786787,0.6869811738718808
30,0.70025,0.7056191090661427,0.6636636636636637,0.6713964116227533
31,0.70025,0.7056418400022506,0.6566566566566566,0.6640236498577796
