epoch,train_accuracy,train_f1_score,val_accuracy,val_f1_score
1,0.3996627318718381,0.36320327994128376,0.5521885521885522,0.5607758964821055
2,0.5767284991568297,0.5661388737128517,0.5959595959595959,0.5942094250922081
3,0.6433389544688027,0.6232440214560987,0.5555555555555556,0.5398892601954146
4,0.6568296795952783,0.6474797707150216,0.632996632996633,0.6196113238717013
5,0.6686340640809444,0.6676635788854322,0.5858585858585859,0.6040190779029743
6,0.7074198988195616,0.7089763680193886,0.569023569023569,0.5886110225642751
7,0.7141652613827993,0.7213237575678573,0.6296296296296297,0.6406595023099877
8,0.7369308600337268,0.7430390580264968,0.5622895622895623,0.5798599149213132
9,0.7453625632377741,0.7504096874264192,0.6094276094276094,0.6209956018703875
10,0.7900505902192243,0.7941004739931401,0.5959595959595959,0.6213540371829885
11,0.821247892074199,0.8251944916695504,0.5959595959595959,0.6169056940867756
12,0.845699831365936,0.8482372367769035,0.5858585858585859,0.6127543980093043
13,0.8650927487352446,0.8677921129633032,0.6026936026936027,0.6226120614177348
