epoch,train_accuracy,train_f1_score,val_accuracy,val_f1_score
1,0.4128053917438922,0.36555443270053484,0.5844594594594594,0.5799139199144118
2,0.6124684077506318,0.5907765423622188,0.6317567567567568,0.5902714467826633
3,0.6208930075821398,0.5817431296517035,0.6587837837837838,0.6369608303420734
4,0.6588037068239259,0.6343152343592351,0.6655405405405406,0.6620667286589366
5,0.6604886267902275,0.652681778166699,0.6858108108108109,0.6825974380391576
6,0.6958719460825611,0.6958390472510495,0.6891891891891891,0.6948081427582988
7,0.7118786857624263,0.713427407719285,0.6959459459459459,0.7036967815666307
8,0.7312552653748947,0.7407094999487669,0.6824324324324325,0.6949243390435592
9,0.7649536647009267,0.7687101208594312,0.6925675675675675,0.700073272314126
10,0.81044650379107,0.8145323821566219,0.6891891891891891,0.7010389857032093
11,0.83150800336984,0.8369163425667465,0.6858108108108109,0.6903087889868149
12,0.8694187026116259,0.8718046598549423,0.6925675675675675,0.7055568089298522
13,0.8837405223251895,0.8858517565866004,0.7027027027027027,0.702281270254561
14,0.8997472620050547,0.9010300170670232,0.6891891891891891,0.6824963677717915
15,0.9157540016849199,0.917544405986681,0.6858108108108109,0.6815915463094591
16,0.9418702611625948,0.9427880288828013,0.7128378378378378,0.7106450690064622
17,0.9519797809604044,0.9524643644063372,0.7027027027027027,0.7015456969474123
18,0.9679865206402696,0.968100050547828,0.7094594594594594,0.7018634698412634
19,0.9730412805391744,0.97321261839962,0.706081081081081,0.7071401546222825
20,0.9721988205560236,0.9722748917000748,0.6993243243243243,0.6843404877852012
21,0.9823083403538332,0.9823269179654746,0.6790540540540541,0.6916096577429409
22,0.97893850042123,0.9790020912360218,0.6891891891891891,0.6757636727148923
23,0.9882055602358888,0.9882122732389071,0.7027027027027027,0.6979164476246185
24,0.987363100252738,0.9874035231327953,0.7027027027027027,0.6941609824054235
25,0.995787700084246,0.9957880600621356,0.7027027027027027,0.6891005972307601
