epoch,train_accuracy,train_f1_score,val_accuracy,val_f1_score
1,0.37268128161888703,0.3040725763549341,0.5286195286195287,0.507962726481718
2,0.5691399662731872,0.543159970008802,0.5993265993265994,0.5528325888408194
3,0.6281618887015177,0.5826708475506466,0.6296296296296297,0.6076885378245879
4,0.6433389544688027,0.6312109030465377,0.6363636363636364,0.618596277199573
5,0.6711635750421585,0.674460890529252,0.6464646464646465,0.6412159180676852
6,0.6913996627318718,0.6997327331054904,0.6430976430976431,0.6407315007698984
7,0.715008431703204,0.7178494294863556,0.6531986531986532,0.6574535547361626
8,0.7537942664418212,0.7615254398761563,0.6498316498316499,0.648243694237578
9,0.7790893760539629,0.7874022222574396,0.6599326599326599,0.6529169285380015
10,0.7967959527824621,0.8015707434673377,0.6262626262626263,0.641717285691007
11,0.8237774030354131,0.8281782044202756,0.6430976430976431,0.6467580500070039
12,0.8507588532883642,0.8552232351273452,0.632996632996633,0.6388460353450641
13,0.8743676222596964,0.8768844423735328,0.6127946127946128,0.6264184471371588
14,0.8827993254637436,0.8852043419475044,0.6094276094276094,0.6233150858604732
15,0.9089376053962901,0.9095817696763984,0.5993265993265994,0.6209612019933916
16,0.924114671163575,0.9256413562365188,0.6161616161616161,0.6211026055492785
17,0.9384485666104553,0.9397274674704519,0.5858585858585859,0.601676877907333
18,0.9494097807757167,0.9499021865411995,0.6094276094276094,0.6082301301143566
