epoch,train_accuracy,train_f1_score,val_accuracy,val_f1_score
1,0.18718381112984822,0.16761032648719396,0.5050505050505051,0.44644491543083353
2,0.5666104553119731,0.5276035212144465,0.5420875420875421,0.5206448941800211
3,0.596964586846543,0.5688672982699651,0.5622895622895623,0.547202802335444
4,0.6357504215851602,0.6213074033382912,0.5387205387205387,0.5425461561825999
5,0.6500843170320405,0.6527175631449451,0.5521885521885522,0.551873150470503
6,0.684654300168634,0.6911113013644934,0.5622895622895623,0.5512819880021176
7,0.7065767284991569,0.7105060977699184,0.5959595959595959,0.5883414910208499
8,0.7225969645868465,0.726005882653328,0.5521885521885522,0.5655567326704061
9,0.7453625632377741,0.7538582291591457,0.5791245791245792,0.5825418173133157
10,0.7790893760539629,0.7851777138571316,0.5824915824915825,0.5998134109378128
11,0.806070826306914,0.8119040545411015,0.6060606060606061,0.6173716844685242
12,0.8355817875210793,0.8410470513574458,0.6026936026936027,0.6132780393028624
13,0.857504215851602,0.8612845225456331,0.5757575757575758,0.5742131351659922
14,0.8946037099494097,0.8965889410714104,0.5858585858585859,0.5758213262685717
15,0.9055649241146712,0.9072739570893158,0.5959595959595959,0.5980233509280274
16,0.9232715008431703,0.9250051661069022,0.5791245791245792,0.5781192492782016
17,0.9291736930860034,0.9307522802506722,0.5791245791245792,0.593947129180923
18,0.9477234401349073,0.9487199764749763,0.5925925925925926,0.5819715162720227
19,0.9502529510961214,0.9512084258335513,0.5925925925925926,0.5896775147557798
20,0.9662731871838112,0.9666351634466682,0.6094276094276094,0.6031620529440705
21,0.9637436762225969,0.964183075569494,0.6195286195286195,0.6151818678981328
22,0.9738617200674536,0.9741444668816344,0.6060606060606061,0.6040096734541179
23,0.9780775716694773,0.9782123404183701,0.6026936026936027,0.5900856123078346
24,0.9806070826306914,0.9806980481440374,0.5925925925925926,0.5977936230302873
25,0.978920741989882,0.9791102655571216,0.6127946127946128,0.6182414751333519
26,0.9797639123102867,0.9797985848466291,0.5959595959595959,0.5835611654472926
27,0.9915682967959528,0.9915812094985947,0.6094276094276094,0.60218228266417
28,0.9932546374367622,0.9932727555957415,0.6026936026936027,0.5907675489895959
29,0.9924114671163575,0.9924365135942191,0.5959595959595959,0.5893891808036253
30,0.9924114671163575,0.9924371206573561,0.5824915824915825,0.5801635284396564
