accuracy,f1_score
0.7366336633663366,0.6269171983865053
0.7247524752475247,0.61075581725796
0.7247524752475247,0.6130425765493771
0.7504950495049505,0.6474433981859724
0.7485148514851485,0.6428481160815709
