accuracy,f1_score
0.6931079323797139,0.5674754653738672
0.6788036410923277,0.5489318367934858
0.68359375,0.5551225348027843
0.7044270833333334,0.5822689871403107
0.6848958333333334,0.5568086682122617
