accuracy,f1_score
0.602,0.4560252803566648
0.628,0.4855481579414725
0.608,0.46158636079170123
0.6,0.4518023150829083
0.586,0.43483129370629375
