accuracy,f1_score
0.511744966442953,0.34646440569389714
0.5100671140939598,0.3445786726323639
0.5058823529411764,0.33988970588235295
0.4991596638655462,0.3324000452198817
0.49747899159663866,0.3305359854379462
