accuracy,f1_score
0.655,0.5194969586342881
0.647,0.5103987718033044
0.661,0.5281541054735542
0.651,0.5133870381586918
0.654,0.519012718822187
