accuracy,f1_score
0.41946308724832215,0.24790962603328728
0.4077181208053691,0.23617521658094087
0.4016806722689076,0.23021985772726364
0.3949579831932773,0.22365090614559077
0.3831932773109244,0.2123160807457856
