accuracy,f1_score
0.604,0.4548827930174563
0.611,0.4634649286157666
0.59,0.43786163522012583
0.627,0.4832562999385372
0.5915915915915916,0.4397869567680889
