accuracy,f1_score
0.6372924648786717,0.49973392933163036
0.6283524904214559,0.4849402749605589
0.6194125159642401,0.4761480835850286
0.618925831202046,0.47323870821767816
0.6112531969309463,0.46704399600442936
