accuracy,f1_score
0.661,0.5260939193257074
0.657,0.5210006035003018
0.655,0.5184592145015106
0.631,0.48824156958920906
0.6586586586586587,0.5231109202141188
