accuracy,f1_score
0.44047619047619047,0.2693821330184966
0.4017857142857143,0.23032302092811646
0.44345238095238093,0.27247177221404023
0.46726190476190477,0.29760697382401236
0.4626865671641791,0.29272007310386844
