accuracy,f1_score
0.7405940594059406,0.6302211108482862
0.7247524752475247,0.6090916324697911
0.7049504950495049,0.5829555777877439
0.7425742574257426,0.632875787578758
0.7619047619047619,0.6589446589446589
