epoch,train_accuracy,train_f1_score,val_accuracy,val_f1_score
1,0.5389736477115118,0.5498044333165151,0.7125416204217536,0.7174427940791236
2,0.7400832177531207,0.7488264848620807,0.7314095449500555,0.7322314651293363
3,0.7816920943134535,0.7889428422784242,0.7347391786903441,0.7283278993205038
