epoch,train_accuracy,train_f1_score,val_accuracy,val_f1_score
1,0.8585256887565152,0.8586484195348386,0.8541666666666666,0.8555357190617562
2,0.9262844378257632,0.9262346526902544,0.9375,0.9372942839923972
3,0.9717051377513031,0.9716790761933626,0.9464285714285714,0.94655040059526
4,0.9791511541325391,0.9791387332653287,0.9345238095238095,0.9337147001361672
5,0.9806403574087863,0.9806430202093575,0.9404761904761905,0.9401481501183604
6,0.9947877885331348,0.9947874211830042,0.9166666666666666,0.9149490438566358
7,0.9918093819806404,0.9918088047161496,0.8809523809523809,0.8821115344294151
8,0.9910647803425168,0.9910647803425168,0.8958333333333334,0.8967610561293866
9,0.9932985852568875,0.993299049937296,0.9375,0.9367858654253067
10,0.9932985852568875,0.993298112949577,0.9255952380952381,0.9244580889201931
11,0.9940431868950111,0.9940423404538363,0.9255952380952381,0.9243046146083829
12,0.992553983618764,0.9925550077728299,0.9434523809523809,0.9437169475029608
13,0.996276991809382,0.9962772499651644,0.9107142857142857,0.911524133462909
14,0.9940431868950111,0.9940431868950111,0.9404761904761905,0.9402374586198115
15,0.996276991809382,0.9962772499651644,0.9345238095238095,0.9346727118386511
16,1.0,1.0,0.9345238095238095,0.9346008403361343
17,1.0,1.0,0.9345238095238095,0.9346008403361343
18,1.0,1.0,0.9345238095238095,0.9346008403361343
19,1.0,1.0,0.9345238095238095,0.9346008403361343
20,1.0,1.0,0.9345238095238095,0.9346008403361343
