epoch,train_accuracy,train_f1_score,val_accuracy,val_f1_score
1,0.8095238095238095,0.8074485044762122,0.8925373134328358,0.8909135640478925
2,0.9025297619047619,0.9026070624892242,0.9253731343283582,0.925167534017781
3,0.9441964285714286,0.9442016039591844,0.9223880597014925,0.9217542053796353
4,0.9575892857142857,0.9575932190089802,0.9194029850746268,0.9187920528467746
5,0.9769345238095238,0.976918799771245,0.9104477611940298,0.909233171715452
6,0.9776785714285714,0.9776866970118077,0.9134328358208955,0.9123230915845622
7,0.9806547619047619,0.9806395999330781,0.9194029850746268,0.9187920528467746
8,0.9910714285714286,0.9910697413886189,0.9343283582089552,0.9339386437331363
9,0.9985119047619048,0.9985116235647696,0.9313432835820895,0.9308994989384382
10,0.9985119047619048,0.9985116235647696,0.9283582089552239,0.9280712695453239
11,1.0,1.0,0.9223880597014925,0.9220052720930684
12,1.0,1.0,0.9253731343283582,0.9250403545949943
13,1.0,1.0,0.9253731343283582,0.9250403545949943
14,1.0,1.0,0.9253731343283582,0.9249683784467493
15,1.0,1.0,0.9253731343283582,0.9250403545949943
16,1.0,1.0,0.9283582089552239,0.9280048665474477
17,1.0,1.0,0.9283582089552239,0.9280048665474477
18,1.0,1.0,0.9283582089552239,0.9280048665474477
19,1.0,1.0,0.9283582089552239,0.9280048665474477
20,1.0,1.0,0.9283582089552239,0.9280048665474477
21,1.0,1.0,0.9283582089552239,0.9280048665474477
22,1.0,1.0,0.9283582089552239,0.9280048665474477
23,1.0,1.0,0.9283582089552239,0.9280048665474477
24,1.0,1.0,0.9283582089552239,0.9280048665474477
25,1.0,1.0,0.9283582089552239,0.9280048665474477
26,1.0,1.0,0.9283582089552239,0.9280048665474477
27,1.0,1.0,0.9283582089552239,0.9280048665474477
28,1.0,1.0,0.9283582089552239,0.9280048665474477
29,1.0,1.0,0.9283582089552239,0.9280048665474477
30,1.0,1.0,0.9283582089552239,0.9280048665474477
