epoch,train_accuracy,train_f1_score,val_accuracy,val_f1_score
1,0.7513030528667163,0.7519254963460517,0.8779761904761905,0.8784007929798063
2,0.9046909903201787,0.904766328426731,0.9107142857142857,0.9109186008499511
3,0.9374534623976173,0.9374427114648743,0.9047619047619048,0.9050708217701624
4,0.9538346984363366,0.9537746666834375,0.9345238095238095,0.9344743188280602
5,0.9657483246463142,0.9657424372307646,0.9345238095238095,0.9342964616402115
6,0.9798957557706627,0.9798832547971245,0.9255952380952381,0.9257118380480757
7,0.9903201787043932,0.9903176662067662,0.9017857142857143,0.902127467520332
8,0.9940431868950111,0.9940411116116226,0.9017857142857143,0.9020915257974702
9,0.9918093819806404,0.991808682771163,0.9166666666666666,0.9168898889246044
10,0.992553983618764,0.992553983618764,0.9196428571428571,0.9197687850919218
11,0.9977661950856291,0.9977663832061834,0.9047619047619048,0.9050969284419876
12,0.9992553983618764,0.9992554610687279,0.8958333333333334,0.8962029256146903
13,0.9836187639612807,0.9836241690962894,0.8898809523809523,0.8900516856369113
14,0.9903201787043932,0.9903193523659198,0.9285714285714286,0.9284581316304459
15,1.0,1.0,0.9345238095238095,0.9346082949308755
16,1.0,1.0,0.9285714285714286,0.9287627619353752
17,1.0,1.0,0.9255952380952381,0.9257489628173038
18,1.0,1.0,0.9285714285714286,0.9287348806799608
19,1.0,1.0,0.9285714285714286,0.9287348806799608
20,1.0,1.0,0.9285714285714286,0.9287348806799608
21,1.0,1.0,0.9285714285714286,0.9287348806799608
22,1.0,1.0,0.9285714285714286,0.9287348806799608
23,1.0,1.0,0.9255952380952381,0.9257806933020227
24,1.0,1.0,0.9255952380952381,0.9257806933020227
25,1.0,1.0,0.9255952380952381,0.9257806933020227
26,1.0,1.0,0.9255952380952381,0.9257806933020227
27,1.0,1.0,0.9255952380952381,0.9257806933020227
28,1.0,1.0,0.9255952380952381,0.9257806933020227
29,1.0,1.0,0.9255952380952381,0.9257806933020227
30,1.0,1.0,0.9255952380952381,0.9257806933020227
