epoch,train_accuracy,train_f1_score,val_accuracy,val_f1_score
1,0.8369322412509308,0.8362714682702496,0.9285714285714286,0.9286323051948051
2,0.9419210722263589,0.9418866773878443,0.9375,0.9375316568178789
3,0.9709605361131795,0.9709280741959133,0.9434523809523809,0.943170978883183
4,0.9761727475800447,0.9761486729643104,0.9047619047619048,0.9048429153692312
5,0.9717051377513031,0.9716940987797201,0.9166666666666666,0.9166961934119926
6,0.9873417721518988,0.9873355621451896,0.9345238095238095,0.9345796130952382
7,0.9932985852568875,0.9933004642714109,0.9404761904761905,0.940348634900226
8,0.9918093819806404,0.9918116785539468,0.9404761904761905,0.940421026724716
9,0.9970215934475056,0.9970215934475056,0.9315476190476191,0.9315336077741854
10,1.0,1.0,0.9315476190476191,0.9315822908005341
11,1.0,1.0,0.9315476190476191,0.9315822908005341
12,1.0,1.0,0.9345238095238095,0.9345470907748679
13,1.0,1.0,0.9345238095238095,0.9345470907748679
14,1.0,1.0,0.9345238095238095,0.9345470907748679
15,1.0,1.0,0.9345238095238095,0.9345470907748679
16,1.0,1.0,0.9345238095238095,0.9345470907748679
17,1.0,1.0,0.9345238095238095,0.9345470907748679
18,1.0,1.0,0.9345238095238095,0.9345470907748679
19,1.0,1.0,0.9345238095238095,0.9345470907748679
20,1.0,1.0,0.9345238095238095,0.9345470907748679
