epoch,train_accuracy,train_f1_score,val_accuracy,val_f1_score
1,0.37648809523809523,0.426796287990339,0.3761194029850746,0.4042407921548553
2,0.6316964285714286,0.6520291929269041,0.5134328358208955,0.6152495061201882
3,0.6800595238095238,0.7170942430285896,0.7582089552238805,0.7669711592413871
4,0.6875,0.7271297139943081,0.7940298507462686,0.7764831305656592
5,0.7291666666666666,0.7601007405694906,0.7731343283582089,0.7853288204936998
6,0.7552083333333334,0.7775861689350514,0.764179104477612,0.7713719575700269
7,0.7581845238095238,0.7788839150639336,0.764179104477612,0.7618624598444265
8,0.7351190476190477,0.7598498258839541,0.7611940298507462,0.7847543064871059
9,0.7440476190476191,0.7732549924503542,0.6179104477611941,0.6936329692080457
10,0.7648809523809523,0.7935607009745218,0.8059701492537313,0.817295633657494
11,0.7857142857142857,0.8026396599342837,0.6537313432835821,0.7343693197818797
12,0.7507440476190477,0.7842631068652748,0.7104477611940299,0.7715556530191805
13,0.7537202380952381,0.7853470341435406,0.6328358208955224,0.7181235639135274
14,0.7775297619047619,0.799524596618257,0.7910447761194029,0.8201675411066658
15,0.7752976190476191,0.800281998044263,0.7582089552238805,0.7943671646868681
16,0.7879464285714286,0.8086078754249135,0.8119402985074626,0.8230735283962575
17,0.7663690476190477,0.7917969642964593,0.7791044776119403,0.8075938411216096
18,0.8020833333333334,0.8182486489750195,0.746268656716418,0.7707335121238745
19,0.7752976190476191,0.8002926181741556,0.8059701492537313,0.8333819275714451
20,0.8028273809523809,0.8208203249721999,0.7671641791044777,0.8134417048881231
21,0.7819940476190477,0.8088947603665302,0.8388059701492537,0.8507038417318565
22,0.7879464285714286,0.8105463941119972,0.817910447761194,0.8174561779565265
23,0.8080357142857143,0.8247312031281336,0.7731343283582089,0.789729653803575
24,0.7797619047619048,0.8062835535857431,0.755223880597015,0.7959696816214069
25,0.78125,0.8077143115674821,0.5970149253731343,0.695620222453274
26,0.7983630952380952,0.8217872432224121,0.817910447761194,0.8409589533360026
27,0.8095238095238095,0.8262079000270695,0.7611940298507462,0.7909525399822065
28,0.7886904761904762,0.8136175741663714,0.835820895522388,0.8451503183824971
29,0.8169642857142857,0.8334069539043715,0.8059701492537313,0.8364458057811903
30,0.8028273809523809,0.8282594209183577,0.817910447761194,0.8416057908139485
