epoch,train_accuracy,train_f1_score,val_accuracy,val_f1_score
1,0.2868162692847125,0.28487123069857057,0.40896358543417366,0.3968977504716602
2,0.4950911640953717,0.49198286134798913,0.5210084033613446,0.5346030927899181
3,0.5820476858345021,0.5804107510005391,0.5756302521008403,0.5652398407314533
4,0.6202664796633941,0.6182363127154401,0.5784313725490197,0.5759854322416431
5,0.6711079943899019,0.6709143498336305,0.5294117647058824,0.5207697301302525
6,0.7138849929873773,0.7134134635057597,0.5392156862745098,0.5354068477129146
7,0.7521037868162693,0.7515049517411359,0.5476190476190477,0.5558648804302702
8,0.8071528751753155,0.8076825737020531,0.5532212885154062,0.5518299575180695
9,0.8622019635343618,0.8622039355144085,0.5476190476190477,0.5490474784787404
10,0.8867461430575035,0.8868196180436744,0.530812324929972,0.5337564339319326
11,0.9249649368863955,0.9249757886426672,0.5378151260504201,0.5363042693599133
12,0.9414446002805049,0.9413571985944286,0.5182072829131653,0.5244137765955762
13,0.9505610098176718,0.9507053241260619,0.5224089635854342,0.5266173525929578
14,0.9537166900420757,0.9538886213958531,0.5336134453781513,0.5342271732812481
15,0.9831697054698457,0.983203849241684,0.542016806722689,0.5402788907006808
16,0.988429172510519,0.9884236597008955,0.5448179271708683,0.5510283568025989
17,0.9828190743338009,0.9828330002191005,0.530812324929972,0.5321563797648056
18,0.988078541374474,0.9880751893737297,0.5350140056022409,0.5402388874059497
19,0.9933380084151473,0.9933398302020487,0.5434173669467787,0.5405869606563547
20,0.9915848527349228,0.9915922193829777,0.5644257703081232,0.5635022634206617
21,0.988429172510519,0.9884234416062088,0.5644257703081232,0.5633065113825646
22,0.9887798036465638,0.98879366095913,0.5532212885154062,0.5555367830865366
23,0.9940392706872371,0.9940417320894595,0.5476190476190477,0.5496812405974282
