epoch,train_accuracy,train_f1_score,val_accuracy,val_f1_score
1,0.6306881243063263,0.6359181951166816,0.6947835738068813,0.7157638247593971
2,0.7258601553829079,0.7370017563632839,0.7180910099889012,0.7139181349639024
3,0.7641509433962265,0.7728942678094994,0.7214206437291898,0.7390081922345173
4,0.8066037735849056,0.8123089610298837,0.7347391786903441,0.7415884299893091
5,0.855715871254162,0.8590244540148794,0.7591564927857936,0.7502273544250889
6,0.9062153163152054,0.9073640189153241,0.753607103218646,0.7567972824938852
7,0.9489456159822419,0.9493120952393519,0.7169811320754716,0.7320062540424905
8,0.9497780244173141,0.950177144020658,0.7402885682574917,0.7465503584265528
9,0.9209211986681465,0.9219873879788958,0.753607103218646,0.7487166242164314
10,0.9739178690344062,0.9739924218143581,0.758046614872364,0.7567523781532468
11,0.9966703662597114,0.9966732744106654,0.7602663706992231,0.7553879969930763
12,0.9997225305216426,0.9997225951865418,0.7569367369589345,0.7515317319436291
13,1.0,1.0,0.7591564927857936,0.756195034627465
14,1.0,1.0,0.7602663706992231,0.7573340313318537
15,1.0,1.0,0.7591564927857936,0.755984355923425
16,1.0,1.0,0.7613762486126526,0.7577963528578776
17,1.0,1.0,0.7635960044395117,0.7596457249364582
18,1.0,1.0,0.7624861265260822,0.7585659836321438
19,1.0,1.0,0.7613762486126526,0.7576980103335177
20,1.0,1.0,0.7635960044395117,0.7592764048090748
