epoch,train_accuracy,train_f1_score,val_accuracy,val_f1_score
1,0.695338512763596,0.6984256206976054,0.7669256381798002,0.7773712425941035
2,0.803274139844617,0.8086145668071189,0.7469478357380688,0.7552328524489234
3,0.8590455049944506,0.8622011120990789,0.7647058823529411,0.7756972727349045
4,0.925638179800222,0.9266841199991005,0.7258601553829079,0.7382207138033998
5,0.9711431742508324,0.9712623063326017,0.7491675915649278,0.7517833488994626
6,0.978912319644839,0.9790078144565442,0.755826859045505,0.7593330548811745
7,0.9858490566037735,0.985865783217717,0.7702552719200888,0.7605929471148093
8,0.9994450610432852,0.9994450610432852,0.7724750277469479,0.7678654122644454
9,1.0,1.0,0.7758046614872364,0.7721373416960696
10,1.0,1.0,0.7724750277469479,0.7692959163390894
11,1.0,1.0,0.7735849056603774,0.7709686966134893
12,1.0,1.0,0.7758046614872364,0.7733652973543508
13,1.0,1.0,0.7758046614872364,0.7733570421461022
14,1.0,1.0,0.7758046614872364,0.7733570421461022
15,1.0,1.0,0.7758046614872364,0.7730405423883824
16,1.0,1.0,0.7746947835738068,0.771721027917476
17,1.0,1.0,0.7746947835738068,0.771721027917476
18,1.0,1.0,0.7724750277469479,0.7697980913007626
19,1.0,1.0,0.7735849056603774,0.7708764105865338
20,1.0,1.0,0.7713651498335183,0.7686357191616979
