epoch,train_accuracy,train_f1_score,val_accuracy,val_f1_score
1,0.4654952076677316,0.4268951154942191,0.5191815856777494,0.49557832018977016
2,0.5830670926517572,0.5875217270261552,0.6726342710997443,0.6763594071128333
3,0.6571884984025559,0.6627317881358581,0.7276214833759591,0.7305533220178515
4,0.6939297124600639,0.6975618157836327,0.7531969309462916,0.7549285087111534
5,0.7284345047923323,0.7307462907493457,0.7608695652173914,0.7614692769008988
6,0.7466453674121406,0.748147513383987,0.7749360613810742,0.7757848090492157
7,0.7629392971246006,0.7642963706086591,0.7838874680306905,0.7846494466020006
8,0.7722044728434505,0.7730332894887997,0.7864450127877238,0.7871979738611486
9,0.7814696485623003,0.7824109186228665,0.7966751918158568,0.7973920828977402
10,0.7782747603833866,0.7804343336255062,0.80306905370844,0.8038117079180637
11,0.7792332268370608,0.7812999076843121,0.8043478260869565,0.8052253483946725
12,0.7916932907348243,0.7927992608802253,0.8120204603580563,0.8121839452217585
13,0.7878594249201278,0.7892446351179142,0.8120204603580563,0.8125889543116491
14,0.7990415335463259,0.799980109777954,0.8132992327365729,0.8140928543962279
15,0.7952076677316294,0.7969150067911872,0.8171355498721228,0.8178693445985145
16,0.8019169329073482,0.8027990519501366,0.8107416879795396,0.811881821496545
17,0.7987220447284346,0.8000888342815579,0.8120204603580563,0.813113589053785
18,0.8028753993610224,0.8048266717740448,0.8107416879795396,0.8119589275839327
19,0.8063897763578275,0.8076539892793012,0.8120204603580563,0.8131915185752302
20,0.8028753993610224,0.8045419722148848,0.8107416879795396,0.811881821496545
21,0.8038338658146965,0.8056809908253103,0.809462915601023,0.8106499065830565
22,0.8108626198083068,0.8121223855543731,0.8107416879795396,0.811881821496545
23,0.807667731629393,0.8093050200365953,0.8107416879795396,0.8119589275839327
24,0.8124600638977636,0.8138175015692303,0.8120204603580563,0.8131915185752302
