epoch,train_accuracy,train_f1_score,val_accuracy,val_f1_score
1,0.5995525727069351,0.5490484700929562,0.6385696040868455,0.5794492509216631
2,0.6455736657078939,0.6336229855070462,0.7037037037037037,0.691272207861226
3,0.6653883029721956,0.6658533858823169,0.7432950191570882,0.7391419492051571
4,0.7155640779801854,0.7135460860262423,0.7522349936143039,0.7473355596896817
5,0.7360178970917226,0.7359288499650347,0.7726692209450831,0.7713341604521505
6,0.7385746244806648,0.7412143952606959,0.7803320561941252,0.7798747083073269
7,0.7542345797379354,0.7565082413713934,0.7918263090676884,0.7900004851899276
8,0.7737296260786194,0.7757638194870217,0.7918263090676884,0.7905201676895101
9,0.7871524448705657,0.7884432954972029,0.8007662835249042,0.798581325425721
10,0.7925854905720677,0.7945886276885691,0.7994891443167306,0.7995559551706353
11,0.7906679450303611,0.7924484455512166,0.8058748403575989,0.8053297734857509
12,0.7951422179610099,0.7964755979392141,0.8045977011494253,0.8041203525728677
13,0.7986577181208053,0.8007664795802947,0.8058748403575989,0.8061290259388741
14,0.8008948545861297,0.8024540613232268,0.8109833971902938,0.8109833971902938
15,0.7916267178012144,0.7942891930588434,0.8084291187739464,0.8084291187739464
16,0.7976989453499521,0.7996927077518151,0.8109833971902938,0.8112308936773248
17,0.8012144455097475,0.8028052835466014,0.80970625798212,0.8102502988720239
18,0.7970597635027166,0.7988949116690051,0.8148148148148148,0.815116113959029
19,0.7999360818152764,0.8019753172581896,0.8122605363984674,0.8127972747260905
20,0.7999360818152764,0.8022723633159525,0.8148148148148148,0.8152316065670246
21,0.8053691275167785,0.8075865217776883,0.8186462324393359,0.8188836952850008
22,0.804729945669543,0.8066351926276516,0.8173690932311622,0.8176662365251115
23,0.8034515819750719,0.805537120728666,0.8148148148148148,0.8152316065670246
24,0.806008309364014,0.8079391021299386,0.80970625798212,0.8104730838670977
25,0.8021732182806008,0.8042542577922692,0.8122605363984674,0.8129086003439302
26,0.8072866730584851,0.8094499212506894,0.8135376756066411,0.8141264024072621
27,0.806008309364014,0.8081358549639152,0.8148148148148148,0.815116113959029
28,0.8028124001278364,0.8048501797905099,0.8148148148148148,0.815116113959029
29,0.8146372643016938,0.8165089844146745,0.8135376756066411,0.8140144097619906
30,0.8101629913710451,0.8120245929881048,0.8122605363984674,0.8129086003439302
