epoch,train_accuracy,train_f1_score,val_accuracy,val_f1_score
1,0.2443820224719101,0.2754253991326775,0.3707865168539326,0.3847486130190883
2,0.29775280898876405,0.3240474027465426,0.19101123595505617,0.14951834509098216
3,0.34269662921348315,0.3783009706426159,0.550561797752809,0.4292767157935698
4,0.3904494382022472,0.4158963645664142,0.3146067415730337,0.3557717603952913
5,0.43258426966292135,0.43945610800155727,0.33707865168539325,0.29584646440450435
6,0.4297752808988764,0.47253170451452575,0.5955056179775281,0.6049392186493158
7,0.5252808988764045,0.5539699675145001,0.3258426966292135,0.3582072726690342
8,0.5365168539325843,0.576435156912685,0.47191011235955055,0.5059177874946957
9,0.5112359550561798,0.545107948615211,0.6404494382022472,0.628426848884036
10,0.5337078651685393,0.5605568925855452,0.6853932584269663,0.6533148499440635
11,0.5870786516853933,0.6232279928882006,0.5617977528089888,0.5946082941943379
12,0.47752808988764045,0.5102960541347062,0.6404494382022472,0.5646355106481168
13,0.5196629213483146,0.5651944333958635,0.651685393258427,0.6312477154617547
14,0.5365168539325843,0.5766658000352061,0.6629213483146067,0.6547154766219644
15,0.598314606741573,0.6062295062613813,0.6404494382022472,0.657606438505315
16,0.6320224719101124,0.6535506733989325,0.6853932584269663,0.6634005064519554
17,0.6123595505617978,0.6442542215887839,0.5730337078651685,0.6281483121467624
18,0.6432584269662921,0.6706161831349537,0.5842696629213483,0.6304442787685717
19,0.5898876404494382,0.6148144737101722,0.30337078651685395,0.3274333867659375
20,0.5617977528089888,0.5993075429291381,0.48314606741573035,0.5416202151633633
21,0.5589887640449438,0.6058394599971344,0.5393258426966292,0.5647840421202986
22,0.648876404494382,0.6658321810375957,0.6629213483146067,0.6478574805072023
23,0.5898876404494382,0.6240704203037583,0.6179775280898876,0.6119529159978598
24,0.6039325842696629,0.6404573474863594,0.6292134831460674,0.6490311474511801
25,0.6123595505617978,0.6487247074461595,0.4943820224719101,0.5640795159896284
