epoch,train_accuracy,train_f1_score,val_accuracy,val_f1_score
1,0.23314606741573032,0.26988661768444366,0.15730337078651685,0.10537587893552514
2,0.36797752808988765,0.39609188032596365,0.21348314606741572,0.13595505617977527
3,0.36235955056179775,0.40348260283026555,0.4044943820224719,0.40292937399678974
4,0.3342696629213483,0.391659187021623,0.5955056179775281,0.5369370219998112
5,0.4297752808988764,0.4827261525987098,0.5168539325842697,0.39159794099739864
6,0.40168539325842695,0.45420217149363074,0.5730337078651685,0.5653464914888137
7,0.449438202247191,0.50404190919876,0.5617977528089888,0.4935016131889606
8,0.4803370786516854,0.5221364548846577,0.47191011235955055,0.4795774144509889
9,0.5786516853932584,0.6072247927145317,0.5842696629213483,0.52577558684056
10,0.5870786516853933,0.6144217033633433,0.48314606741573035,0.4655743371407199
11,0.5084269662921348,0.5610142523648153,0.5842696629213483,0.5661012919862514
12,0.4803370786516854,0.5415230935690765,0.5842696629213483,0.5502089226500062
13,0.5393258426966292,0.573863930347151,0.5955056179775281,0.5636397635185303
14,0.5028089887640449,0.5593237148232403,0.5842696629213483,0.539193796974733
15,0.6179775280898876,0.6529569193108362,0.5842696629213483,0.5383923941227313
16,0.5421348314606742,0.58676162600137,0.5617977528089888,0.5117854667303995
17,0.6123595505617978,0.6367666900304123,0.24719101123595505,0.24845136165318774
18,0.547752808988764,0.5948210447762601,0.5842696629213483,0.5461367563944084
19,0.5730337078651685,0.6155921446093174,0.5056179775280899,0.5190662132633402
20,0.5617977528089888,0.6014130983207203,0.5955056179775281,0.5476805951235084
