epoch,train_accuracy,train_f1_score,val_accuracy,val_f1_score
1,0.26685393258426965,0.29537068345183864,0.0449438202247191,0.08209737827715356
2,0.3792134831460674,0.42893324952846457,0.19101123595505617,0.2589986954911234
3,0.398876404494382,0.43377215422422283,0.5168539325842697,0.5797176606165371
4,0.48314606741573035,0.5102159203119645,0.6292134831460674,0.616756255203246
5,0.5589887640449438,0.5795417772221498,0.7303370786516854,0.7019954499846015
6,0.5140449438202247,0.5599148019217252,0.5842696629213483,0.5475704071209689
7,0.5365168539325843,0.5635445138342833,0.5842696629213483,0.5831350517735184
8,0.5421348314606742,0.5651567960460995,0.19101123595505617,0.27166042446941324
9,0.5702247191011236,0.5984702329400129,0.38202247191011235,0.4817343704984154
10,0.5393258426966292,0.5780283166490965,0.5617977528089888,0.5983765714102792
11,0.5561797752808989,0.5932758450412483,0.4157303370786517,0.44467215476241073
12,0.6151685393258427,0.6390989465573516,0.3707865168539326,0.5069904966958301
13,0.5926966292134831,0.6091489190251856,0.43820224719101125,0.5453947141455384
14,0.5702247191011236,0.5976566186986243,0.5842696629213483,0.5479076315947111
