epoch,train_accuracy,train_f1_score,val_accuracy,val_f1_score
1,0.24719101123595505,0.27680637711162687,0.6067415730337079,0.5084896414978235
2,0.3651685393258427,0.4255364966327928,0.5280898876404494,0.5173493360572012
3,0.3651685393258427,0.4056434023545625,0.3595505617977528,0.2955476600690809
4,0.4297752808988764,0.4699165148576058,0.5730337078651685,0.4790236033472616
5,0.5196629213483146,0.5334473025328323,0.4044943820224719,0.4152113831931353
6,0.5702247191011236,0.6019303264250477,0.651685393258427,0.5912373683838599
7,0.5308988764044944,0.5701709253229041,0.6966292134831461,0.6426822704217714
8,0.49719101123595505,0.5454185263468048,0.5393258426966292,0.5410466454635382
9,0.5926966292134831,0.6182791300683725,0.3595505617977528,0.4064419475655431
10,0.5842696629213483,0.6097522396001577,0.4606741573033708,0.5155035743024895
11,0.5533707865168539,0.5937631055674666,0.48314606741573035,0.49561197173650295
12,0.6179775280898876,0.6329121336156537,0.6741573033707865,0.6260422567479954
13,0.601123595505618,0.6331386193920967,0.7078651685393258,0.6451699690020211
14,0.6769662921348315,0.6966659796989301,0.6404494382022472,0.6041141754624901
15,0.6264044943820225,0.6533890175806274,0.6853932584269663,0.598571638393185
16,0.5870786516853933,0.6201182608485979,0.6179775280898876,0.5587718377114687
17,0.6179775280898876,0.6501999437344266,0.33707865168539325,0.3735567422942118
18,0.601123595505618,0.6411131946487777,0.5955056179775281,0.6087881219903692
19,0.5646067415730337,0.6175527951477726,0.6853932584269663,0.6573243969601971
20,0.648876404494382,0.671723479930342,0.6404494382022472,0.6409977602438639
21,0.6320224719101124,0.6541163339961078,0.5842696629213483,0.5609830380378346
22,0.6123595505617978,0.6495125101197465,0.6741573033707865,0.6088231891602678
23,0.6235955056179775,0.6489604569084726,0.6629213483146067,0.6146286937978245
24,0.6067415730337079,0.6361327178066635,0.47191011235955055,0.522359528307975
25,0.6151685393258427,0.6374996158096617,0.5842696629213483,0.5978659503054472
26,0.6067415730337079,0.6415009179701844,0.449438202247191,0.5106315375427435
27,0.6179775280898876,0.6478284365627066,0.7191011235955056,0.6391173140277799
28,0.6348314606741573,0.6637795103092138,0.5168539325842697,0.5299831254887435
