epoch,train_accuracy,train_f1_score,val_accuracy,val_f1_score
1,0.8235294117647058,0.8238997876962764,0.9166666666666666,0.9170918367346937
2,0.9188384214445272,0.918855027951112,0.9047619047619048,0.9055528331570938
3,0.9307520476545048,0.9307471671456284,0.9315476190476191,0.9308884788738054
4,0.93596425912137,0.9359551598787417,0.9285714285714286,0.9289358600583091
5,0.9508562918838421,0.9508695872714135,0.9166666666666666,0.9173587290124571
6,0.9590469099032017,0.9590257251950888,0.9404761904761905,0.940546218487395
7,0.9739389426656738,0.973921341860191,0.9404761904761905,0.940546218487395
8,0.9858525688756515,0.9858430141526752,0.9404761904761905,0.9406115562169555
9,0.9873417721518988,0.9873371672252408,0.9315476190476191,0.9318060007442176
10,0.9910647803425168,0.9910608491195527,0.9404761904761905,0.9406115562169555
11,0.9940431868950111,0.9940405660797018,0.9375,0.9376084441873916
12,0.9947877885331348,0.9947858923868639,0.9464285714285714,0.9463612805843482
13,0.9947877885331348,0.9947866686716685,0.9345238095238095,0.9346008403361346
14,0.9955323901712584,0.9955317553403772,0.9315476190476191,0.9317388530864602
15,0.9970215934475056,0.9970207334302136,0.9345238095238095,0.9346727118386511
16,0.996276991809382,0.9962761919083346,0.9285714285714286,0.9287338674603466
17,0.996276991809382,0.9962761919083346,0.9196428571428571,0.9200188201357863
18,0.9970215934475056,0.9970207334302136,0.9077380952380952,0.9083155335585231
19,0.9985107967237528,0.9985105851134591,0.9196428571428571,0.919690921615308
20,0.9992553983618764,0.9992553458832863,0.9196428571428571,0.9200853403406852
21,0.9985107967237528,0.9985105851134591,0.9196428571428571,0.9199461747866903
