epoch,train_accuracy,train_f1_score,val_accuracy,val_f1_score
1,0.7602382725241995,0.7512827475778134,0.8988095238095238,0.8986578897293184
2,0.9166046165301563,0.9165885428756492,0.9136904761904762,0.9132609677690688
3,0.9285182427401341,0.9284759106311931,0.9166666666666666,0.9167493855171109
4,0.9486224869694714,0.9486175656103295,0.9136904761904762,0.9134102579828249
5,0.9627699180938198,0.9627478701204131,0.9196428571428571,0.9195461422954804
6,0.9717051377513031,0.9716996841899525,0.9196428571428571,0.9197262602824269
7,0.9798957557706627,0.9798976581394084,0.9226190476190477,0.9225859788359788
8,0.9806403574087863,0.9806366260247044,0.9166666666666666,0.9167553222927526
9,0.9858525688756515,0.9858456282799177,0.9226190476190477,0.9224532253702937
10,0.9940431868950111,0.9940431868950111,0.9196428571428571,0.9197262602824269
11,0.992553983618764,0.9925525484710402,0.9255952380952381,0.9256724632244694
12,0.9940431868950111,0.9940408629009937,0.9196428571428571,0.9197290749596225
13,0.9970215934475056,0.9970210193884161,0.9345238095238095,0.93456568748382
14,0.9955323901712584,0.9955306471757454,0.9226190476190477,0.9227014028259239
15,0.9977661950856291,0.9977655453668557,0.9434523809523809,0.9434146056459476
16,0.9955323901712584,0.9955315290826239,0.9404761904761905,0.9401514724254559
17,0.9940431868950111,0.9940420387768321,0.9375,0.9374247773409291
18,0.9970215934475056,0.9970204314504968,0.9345238095238095,0.9345796130952382
19,0.9947877885331348,0.9947882817398466,0.9315476190476191,0.931423610004441
20,0.9955323901712584,0.9955306471757454,0.9166666666666666,0.9167553222927526
21,0.9985107967237528,0.998510509694208,0.9404761904761905,0.9404761904761905
22,0.9985107967237528,0.9985107967237528,0.9285714285714286,0.9285052320696591
23,0.9992553983618764,0.9992553270378308,0.9166666666666666,0.9167553568894563
24,0.9985107967237528,0.998510509694208,0.9285714285714286,0.9286171136187126
