epoch,train_accuracy,train_f1_score,val_accuracy,val_f1_score
1,0.8270750988142292,0.825389130410406,0.8895463510848126,0.8889744648550094
2,0.8932806324110671,0.8942428663335767,0.9132149901380671,0.912955073315356
3,0.9150197628458498,0.9155475865656432,0.9171597633136095,0.9168228139381985
4,0.9352766798418972,0.9356255223651055,0.9349112426035503,0.9351117727932184
5,0.950592885375494,0.9508650606446821,0.9388560157790927,0.9390933155189224
6,0.9629446640316206,0.9630990712991184,0.9349112426035503,0.9349416463205429
7,0.9718379446640316,0.9719482089758087,0.9132149901380671,0.9126660097502637
8,0.974308300395257,0.9744056378774988,0.9309664694280079,0.9307230212207588
9,0.9851778656126482,0.9852147637897143,0.9270216962524654,0.9265171114668261
10,0.9866600790513834,0.9866950562653065,0.9349112426035503,0.9346817057224296
11,0.9856719367588933,0.9857018540700021,0.9309664694280079,0.9309987157945151
12,0.9925889328063241,0.9925983382004498,0.9349112426035503,0.9348802470664946
13,0.9950592885375494,0.9950648740602301,0.9230769230769231,0.9224523108570096
14,0.9955533596837944,0.9955565217484821,0.9270216962524654,0.9275130452554496
15,0.9881422924901185,0.9881654510062562,0.9309664694280079,0.9311214749263549
16,0.9925889328063241,0.9925962795095435,0.9329388560157791,0.9327380111982296
17,0.9975296442687747,0.9975314009713789,0.9191321499013807,0.9184755062855742
18,0.9965415019762845,0.9965439613599305,0.9270216962524654,0.9266846963104685
19,0.9980237154150198,0.9980248421036333,0.9329388560157791,0.9328743741465635
20,0.9975296442687747,0.9975314009713789,0.9309664694280079,0.9310613356527156
21,0.9970355731225297,0.99703726315545,0.9309664694280079,0.9305697398049873
22,0.9975296442687747,0.9975307027902011,0.9349112426035503,0.9349416463205429
23,0.9980237154150198,0.9980248421036333,0.9211045364891519,0.9206960463250068
24,0.9985177865612648,0.9985184216741206,0.9171597633136095,0.9167308486412572
