epoch,train_accuracy,train_f1_score,val_accuracy,val_f1_score
1,0.33590462833099577,0.3226550002983935,0.426367461430575,0.4185305891552965
2,0.47194950911640954,0.4535305645311126,0.4782608695652174,0.453242354090828
3,0.5182328190743338,0.5062521274001958,0.4908835904628331,0.5025559993790383
4,0.5564516129032258,0.5520597229170752,0.48106591865357645,0.47788972904621224
5,0.6157082748948106,0.6112055797146435,0.4670406732117812,0.46016788701815786
6,0.6935483870967742,0.6932560689977937,0.5007012622720898,0.4855948131527138
7,0.7829593267882188,0.7838060276207242,0.48106591865357645,0.4922261903919492
8,0.8702664796633941,0.8708820314919702,0.43478260869565216,0.43966135721822414
9,0.9291725105189341,0.9294351048404907,0.5049088359046283,0.5005543317131524
10,0.9561711079943899,0.9561598301658861,0.4670406732117812,0.4743816236541775
