epoch,train_accuracy,train_f1_score,val_accuracy,val_f1_score
1,0.9039270687237027,0.903939002866719,0.9747545582047685,0.9747771275339565
2,0.9593267882187938,0.9593300387527516,0.9803646563814866,0.9803997434498436
3,0.9915848527349228,0.9915835823219261,0.9635343618513323,0.9635826644603928
4,0.9978962131837307,0.9978958891641118,0.9803646563814866,0.9804416973121065
5,0.9992987377279102,0.9992987377279102,0.9929873772791024,0.9929991101860547
6,1.0,1.0,0.9957924263674615,0.9957791193490104
7,1.0,1.0,0.9929873772791024,0.9929769530735046
8,1.0,1.0,0.9929873772791024,0.9929769530735046
9,1.0,1.0,0.9929873772791024,0.9929769530735046
10,1.0,1.0,0.9929873772791024,0.9929769530735046
