epoch,train_accuracy,train_f1_score,val_accuracy,val_f1_score
1,0.3425666199158485,0.3282391031775247,0.4628330995792426,0.42740622110367404
2,0.4887798036465638,0.47551541217506077,0.48106591865357645,0.4478816826997439
3,0.541023842917251,0.5325007159142788,0.45722300140252453,0.46820013675732536
4,0.5743338008415148,0.5735485438277982,0.49228611500701264,0.49212298273879285
5,0.6255259467040674,0.6238507905832251,0.48667601683029454,0.4886654231429985
6,0.6770687237026648,0.6760026873819702,0.45021037868162694,0.4378831001428734
7,0.7303646563814866,0.7302280618987356,0.49228611500701264,0.4933818856078584
8,0.811711079943899,0.8118008656066522,0.49228611500701264,0.47506989699114965
9,0.8502805049088359,0.8503505472017153,0.48106591865357645,0.4859872735946587
10,0.9130434782608695,0.9131289638359936,0.4431977559607293,0.4513781094415954
