epoch,train_accuracy,train_f1_score,val_accuracy,val_f1_score
1,0.3281907433380084,0.32532957721891365,0.3534361851332398,0.35312382495330874
2,0.46809256661991583,0.4620954481176538,0.45161290322580644,0.4403174317802339
3,0.5133239831697055,0.5068763502693009,0.45021037868162694,0.4334629980570073
4,0.5473352033660589,0.5417955050266733,0.4586255259467041,0.456513455333489
5,0.5859046283309958,0.582479795837694,0.48246844319775595,0.47645907874573845
6,0.6430575035063114,0.6418324424542802,0.47124824684431976,0.46523426529302236
7,0.6903927068723703,0.6921018966750466,0.45582047685834504,0.4464072090910225
8,0.7328190743338009,0.7349126744544225,0.453015427769986,0.45300273463541507
9,0.8281907433380085,0.8289462501383347,0.4628330995792426,0.4709410459050857
10,0.9074333800841514,0.9078740832018802,0.45722300140252453,0.44750377684668924
