epoch,train_accuracy,train_f1_score,val_accuracy,val_f1_score
1,0.4007713884992987,0.39187698143966826,0.5343618513323983,0.525863498771288
2,0.5631136044880786,0.5598542478495991,0.541374474053296,0.545150942214801
3,0.634992987377279,0.6340352106882947,0.5245441795231417,0.526062292698257
4,0.7738429172510519,0.7743505684808919,0.5301542776998598,0.5354749729794582
5,0.8667601683029453,0.8671198143171814,0.47545582047685836,0.4801412303897194
6,0.9456521739130435,0.9457495699240169,0.5259467040673211,0.5313931769221145
7,0.9691444600280504,0.9691458118125347,0.5105189340813464,0.5117429990010424
8,0.9845722300140253,0.9845938486646427,0.5007012622720898,0.5041184342238232
9,0.9863253856942497,0.986345075974561,0.514726507713885,0.5191808321174993
10,0.9758064516129032,0.975843388368694,0.5315568022440392,0.5254574087695405
11,0.9894810659186536,0.9894866957227271,0.49368863955119213,0.49239328929514486
12,0.9894810659186536,0.9894931494542997,0.48246844319775595,0.48110519784761846
13,0.9856241234221599,0.985640982487689,0.5007012622720898,0.4758655242085001
14,0.9964936886395512,0.9964931909102412,0.544179523141655,0.5388441912824989
15,0.9863253856942497,0.9863278216430188,0.5035063113604488,0.5080041101164489
16,0.9803646563814866,0.9804005105089002,0.5007012622720898,0.5054762803051702
17,0.9908835904628331,0.9908825654268018,0.5133239831697055,0.514647694024894
18,0.9940392706872371,0.9940387837870301,0.48807854137447404,0.48459268442209386
19,0.9810659186535764,0.9810665761003194,0.4992987377279102,0.5055743381315768
20,0.988078541374474,0.9880869688556674,0.5049088359046283,0.5030722375644662
