epoch,train_accuracy,train_f1_score,val_accuracy,val_f1_score
1,0.4361851332398317,0.4350023248304702,0.5273492286115007,0.5045254005087897
2,0.5582047685834503,0.556265690792017,0.520336605890603,0.4992685850830328
3,0.6553295932678822,0.6556402931654132,0.5371669004207573,0.5328304091070035
4,0.7931276297335204,0.794182699044058,0.5189340813464236,0.5121214641786783
5,0.9018232819074333,0.9021270374738712,0.5231416549789621,0.5232839419629671
6,0.961781206171108,0.9617785898329659,0.5063113604488079,0.5057444279681721
7,0.988078541374474,0.9880760972514524,0.5049088359046283,0.5117040965350166
8,0.9947405329593267,0.9947406998682794,0.5259467040673211,0.5283901875540596
9,0.9807152875175316,0.9807021524309033,0.47545582047685836,0.4813457223939051
10,0.9631837307152875,0.9632344945809467,0.4950911640953717,0.4988942486673581
11,0.9814165497896213,0.9814186018047012,0.4894810659186536,0.4955928093766295
12,0.9898316970546984,0.9898334315802071,0.5091164095371669,0.5118824257262399
13,0.9992987377279102,0.999298631366702,0.5105189340813464,0.5162134582949659
14,1.0,1.0,0.5077138849929874,0.5143107534317544
15,0.9740532959326789,0.9740586068823052,0.453015427769986,0.4625437021661361
16,0.9687938288920056,0.9688038927766817,0.5231416549789621,0.5173174633285761
17,0.9887798036465638,0.9887857670180814,0.5273492286115007,0.5225899047229957
18,0.9996493688639552,0.9996494090568511,0.5063113604488079,0.5144833059691944
19,0.9982468443197756,0.9982471642483585,0.5105189340813464,0.5194483030217772
20,0.9989481065918654,0.9989481174867196,0.5035063113604488,0.5080260700470641
