epoch,train_accuracy,train_f1_score,val_accuracy,val_f1_score
1,0.41164095371669,0.4030009802168633,0.4838709677419355,0.45574570969791295
2,0.5157784011220197,0.5114250393979873,0.5035063113604488,0.48941583783438886
3,0.5788920056100981,0.5776610116791924,0.5035063113604488,0.5045665181193144
4,0.6693548387096774,0.6706390528056628,0.4908835904628331,0.49936205424812324
5,0.7668302945301543,0.7681625251930762,0.48246844319775595,0.48521093078061717
6,0.8678120617110799,0.8684541983876966,0.4488078541374474,0.4542845767346348
7,0.9298737727910238,0.9300505693171269,0.4670406732117812,0.47291334501071003
8,0.9652875175315568,0.9653062972541827,0.5077138849929874,0.5033668942133719
9,0.9845722300140253,0.9845497291226971,0.4642356241234222,0.47541668316849334
10,0.9849228611500701,0.9849265069513786,0.4642356241234222,0.47445714435231795
11,0.9926367461430575,0.9926357438762041,0.4726507713884993,0.4821710609845394
12,0.9712482468443198,0.9712475895409418,0.48807854137447404,0.4927452287099167
13,0.9814165497896213,0.9814168524381612,0.4950911640953717,0.496995204741873
14,0.9859747545582047,0.9859801756981118,0.45582047685834504,0.46714964269894926
15,0.9754558204768583,0.9754893966273552,0.45021037868162694,0.45550249754101363
16,0.9782608695652174,0.9782822860118532,0.4726507713884993,0.48015465493940496
17,0.9856241234221599,0.9856293532129572,0.49368863955119213,0.49393227929791705
18,0.9964936886395512,0.9964941631139047,0.4782608695652174,0.47896944414445597
19,0.9954417952314165,0.9954425541032439,0.4950911640953717,0.49514792983567435
20,0.9989481065918654,0.9989487399324345,0.48807854137447404,0.49444904519828253
