epoch,train_accuracy,train_f1_score,val_accuracy,val_f1_score
1,0.34186535764375875,0.32905297051771143,0.42917251051893407,0.41978443083878575
2,0.4540673211781206,0.43293971131341585,0.45021037868162694,0.4270015512978853
3,0.5031556802244039,0.4897889877669055,0.4600280504908836,0.4404201380034139
4,0.5568022440392707,0.5511671311890579,0.4964936886395512,0.4688205433143079
5,0.5904628330995793,0.5882920023559793,0.4740532959326788,0.4468846409780868
6,0.6286816269284713,0.6250264818800992,0.485273492286115,0.4865164857082397
7,0.6921458625525947,0.692476151548735,0.4670406732117812,0.4694478388047168
8,0.7640252454417953,0.7644400853104856,0.4908835904628331,0.4783969896266789
9,0.8096072931276297,0.8100081119977203,0.45021037868162694,0.4527567948449941
10,0.8534361851332398,0.8542262138601087,0.4600280504908836,0.45452607017421726
