epoch,train_accuracy,train_f1_score,val_accuracy,val_f1_score
1,0.988078541374474,0.9880834734454027,0.9943899018232819,0.9943901215169761
2,0.9842215988779803,0.984218598461712,0.9873772791023843,0.9874340554162804
3,0.9845722300140253,0.9845718240910194,0.9803646563814866,0.980396004731491
4,0.9887798036465638,0.9887828034819782,0.9831697054698457,0.9832681955693833
5,0.9905329593267882,0.9905330381324472,0.9859747545582047,0.9859628029634565
6,0.9954417952314165,0.9954438760910954,0.9957924263674615,0.9957943936555252
7,0.9996493688639552,0.9996493713564618,0.9957924263674615,0.9957959741972576
8,1.0,1.0,0.9985974754558204,0.9985984426029606
9,1.0,1.0,0.9985974754558204,0.9985984426029606
10,1.0,1.0,0.9985974754558204,0.9985984426029606
