epoch,train_accuracy,train_f1_score,val_accuracy,val_f1_score
1,0.8281809306866255,0.8317986955080087,0.9050715214564369,0.9063472606381748
2,0.9079075821672633,0.9088325436092348,0.8725617685305592,0.8760549101369528
3,0.9349170191994793,0.9354983652829743,0.9167750325097529,0.9173562266677098
4,0.9524894240156199,0.9528899562671376,0.8777633289986996,0.8809001854047843
5,0.9619264562316954,0.9621640804529473,0.9037711313394018,0.9045317409978468
6,0.9668076797917344,0.9670191971994061,0.8959687906371911,0.8969768143478062
7,0.9853563293198828,0.9854001790863043,0.9024707412223667,0.902724693784565
8,0.9873088187438984,0.9873432816902107,0.9050715214564369,0.9061933719821842
9,0.9830784249918646,0.9831361349302945,0.9089726918075423,0.9092557709509385
10,0.9941425317279532,0.9941526586576145,0.8751625487646294,0.8775210020255148
11,0.9915392124959324,0.9915586269082357,0.9076723016905072,0.9053778104147507
12,0.9944679466319557,0.9944719638385385,0.9063719115734721,0.9055115413600948
