epoch,train_accuracy,train_f1_score,val_accuracy,val_f1_score
1,0.6364399664147775,0.651497689515128,0.8420168067226891,0.8027373363624885
2,0.8375314861460957,0.8484485195091072,0.8487394957983193,0.8634373076733913
3,0.8916876574307305,0.8967369289495531,0.8907563025210085,0.8902018704801268
4,0.90848026868178,0.9117041352199459,0.8403361344537815,0.8532512290101709
5,0.9219143576826196,0.9245876682820202,0.8789915966386554,0.8832209888223805
6,0.9538203190596137,0.9544522780959609,0.8773109243697479,0.8805982111122781
7,0.9714525608732157,0.9716983799930126,0.8773109243697479,0.8827656595559845
8,0.9853064651553316,0.9853759300569456,0.8873949579831932,0.8850343051305937
9,0.9911838790931989,0.9912132834991039,0.853781512605042,0.8650564934493977
10,0.9937027707808564,0.993708427213709,0.8722689075630252,0.8725932562649388
11,0.9953820319059614,0.9953892441026524,0.8840336134453781,0.8844674475468995
12,0.9966414777497901,0.9966430909556364,0.8890756302521008,0.8900109558923183
