epoch,train_accuracy,train_f1_score,val_accuracy,val_f1_score
1,0.6068878622427551,0.6271927316299374,0.8087248322147651,0.8278182846177452
2,0.8584628307433851,0.8676934604078771,0.8959731543624161,0.8961801999384856
3,0.8924821503569929,0.8976572818328308,0.8691275167785235,0.8771358224911522
4,0.9281814363712726,0.9306710547726157,0.8909395973154363,0.8900485348210464
5,0.9567408651826963,0.9576551116928717,0.8825503355704698,0.883905438982766
6,0.9638807223855523,0.9641711132345469,0.8875838926174496,0.8870778799822936
7,0.9874002519949601,0.9874256704550686,0.8758389261744967,0.8800520961823692
8,0.9853002939941201,0.9853471976017291,0.8825503355704698,0.8797462419853976
9,0.9907601847963041,0.9908319307033826,0.8842281879194631,0.8877384019342667
10,0.9693406131877362,0.9696799185924978,0.87248322147651,0.8743515454957247
11,0.9874002519949601,0.9874284767988318,0.889261744966443,0.886623110201725
