epoch,train_accuracy,train_f1_score,val_accuracy,val_f1_score
1,0.5041981528127624,0.5355892188336828,0.7747899159663866,0.8001510518485646
2,0.8308144416456759,0.8427510882940376,0.8201680672268907,0.844677636808637
3,0.8702770780856424,0.8774189597059463,0.8621848739495799,0.8749293715396873
4,0.9076406381192276,0.9110869993272047,0.8705882352941177,0.8793907654419193
5,0.9357682619647355,0.9372726483314178,0.8907563025210085,0.8898552354188817
6,0.9588581024349286,0.9594974413056765,0.8873949579831932,0.8814627944142797
7,0.9706129303106633,0.9708777435904457,0.8974789915966387,0.8893915168837988
8,0.9748110831234257,0.9750742943636982,0.8789915966386554,0.8745169340463459
9,0.9760705289672544,0.9762057374890757,0.8773109243697479,0.8758076781563023
10,0.9882451721242653,0.9882938973379806,0.8823529411764706,0.8861395637461142
11,0.9899244332493703,0.9899759322386446,0.892436974789916,0.8886760938509201
12,0.9958018471872376,0.9958050634423077,0.8907563025210085,0.8899685272655457
13,0.9991603694374476,0.9991603694374476,0.892436974789916,0.8910259889571953
14,0.9974811083123426,0.9974809871691553,0.8857142857142857,0.8838381748969983
15,1.0,1.0,0.8957983193277311,0.8957120561837105
16,0.9995801847187238,0.9995805212104641,0.8907563025210085,0.8897902442710832
