epoch,train_accuracy,train_f1_score,val_accuracy,val_f1_score
1,0.033707865168539325,0.0021983390327308255,0.06741573033707865,0.008515671200473094
2,0.033707865168539325,0.0021983390327308255,0.06741573033707865,0.008515671200473094
3,0.033707865168539325,0.0021983390327308255,0.06741573033707865,0.008515671200473094
4,0.033707865168539325,0.002204329057343171,0.06741573033707865,0.008515671200473094
5,0.033707865168539325,0.0022103518143304474,0.06741573033707865,0.008515671200473094
6,0.03089887640449438,0.0020206349692312403,0.06741573033707865,0.008515671200473094
7,0.033707865168539325,0.002204329057343171,0.06741573033707865,0.008515671200473094
8,0.033707865168539325,0.0021983390327308255,0.06741573033707865,0.008515671200473094
9,0.033707865168539325,0.0021983390327308255,0.06741573033707865,0.008515671200473094
10,0.033707865168539325,0.002204329057343171,0.06741573033707865,0.008515671200473094
