epoch,train_accuracy,train_f1_score,val_accuracy,val_f1_score
1,0.10112359550561797,0.018573721623480855,0.0898876404494382,0.014826827290628982
2,0.10112359550561797,0.018573721623480855,0.0898876404494382,0.014826827290628982
3,0.10112359550561797,0.018573721623480855,0.0898876404494382,0.014826827290628982
4,0.10112359550561797,0.018573721623480855,0.0898876404494382,0.014826827290628982
5,0.10112359550561797,0.018621224747837582,0.0898876404494382,0.014826827290628982
6,0.10112359550561797,0.018573721623480855,0.0898876404494382,0.014826827290628982
7,0.10112359550561797,0.018573721623480855,0.0898876404494382,0.014826827290628982
8,0.10674157303370786,0.029775777625448297,0.0898876404494382,0.014826827290628982
9,0.10393258426966293,0.02422237455170427,0.0898876404494382,0.014826827290628982
10,0.10112359550561797,0.018573721623480855,0.0898876404494382,0.014826827290628982
