epoch,train_accuracy,train_f1_score,val_accuracy,val_f1_score
1,0.6451443569553805,0.6435129138909221,0.7773109243697479,0.7916917267468069
2,0.8404199475065617,0.8488241610719638,0.8382352941176471,0.8463391326679925
3,0.8624671916010499,0.8733054271319742,0.8571428571428571,0.8618213952934506
4,0.8855643044619422,0.8940663497590051,0.8739495798319328,0.8722659156158488
5,0.910761154855643,0.9153294947275974,0.8550420168067226,0.862424058376253
6,0.9286089238845144,0.9325143342352065,0.8781512605042017,0.878877119435288
7,0.9496062992125984,0.9510906278845722,0.8760504201680672,0.8762010217749763
8,0.958005249343832,0.9589111033887265,0.8739495798319328,0.8697607112749214
9,0.967979002624672,0.9682483604415103,0.865546218487395,0.8714103032517355
10,0.968503937007874,0.9689708731259606,0.8739495798319328,0.8716338501623698
11,0.9742782152230971,0.9744868588299173,0.884453781512605,0.8842797140064933
12,0.9821522309711286,0.982211171746276,0.8697478991596639,0.8691512434014436
13,0.9868766404199475,0.9869151193899419,0.884453781512605,0.8827858291873345
14,0.9863517060367454,0.9863916632783599,0.8697478991596639,0.8635032967044107
15,0.988976377952756,0.9889961994560842,0.8739495798319328,0.8705984761407786
16,0.9905511811023622,0.9905766378530948,0.884453781512605,0.8824910455790312
17,0.9868766404199475,0.9868972007365006,0.8634453781512605,0.8645589273490363
18,0.9884514435695538,0.9884914322172876,0.8760504201680672,0.8746698392578841
19,0.9942257217847769,0.9942360275404767,0.8697478991596639,0.8636059801062033
20,0.9937007874015747,0.9937102304752099,0.865546218487395,0.8621013387653099
