epoch,train_accuracy,train_f1_score,val_accuracy,val_f1_score
1,0.6323529411764706,0.6237168269328738,0.870020964360587,0.870989638043786
2,0.8413865546218487,0.8507835494183303,0.8553459119496856,0.8712650115003056
3,0.8560924369747899,0.8661601098000401,0.8951781970649895,0.900872239754994
4,0.8965336134453782,0.902288754957903,0.8930817610062893,0.8982954273278488
5,0.9122899159663865,0.9164290096084465,0.8888888888888888,0.8956198722320419
6,0.928046218487395,0.9307815844968994,0.8825995807127882,0.8939676159079656
7,0.9490546218487395,0.9501814064871029,0.8763102725366876,0.8857051352781243
8,0.9569327731092437,0.9578326074056418,0.8888888888888888,0.8862350695114874
9,0.9721638655462185,0.9722906260894443,0.8888888888888888,0.8898817288917433
10,0.9763655462184874,0.9764857203522425,0.8909853249475891,0.8902688745698506
11,0.9863445378151261,0.9863568408027186,0.89937106918239,0.8996528997151543
12,0.9863445378151261,0.9863699845619467,0.8909853249475891,0.8868290047656977
13,0.9894957983193278,0.9894989103386758,0.8888888888888888,0.8874525877091697
14,0.9879201680672269,0.9879574696260195,0.8930817610062893,0.888560303540418
15,0.9900210084033614,0.990026973245206,0.8846960167714885,0.8858609653551506
16,0.979516806722689,0.9797846863104215,0.8846960167714885,0.8793045831029128
17,0.9889705882352942,0.9890114789572746,0.8805031446540881,0.8808436654251346
18,0.9894957983193278,0.9895102871066598,0.8763102725366876,0.8824039376528028
19,0.993172268907563,0.9931740927828006,0.8763102725366876,0.8812608755573363
20,0.9957983193277311,0.9958008866689098,0.8951781970649895,0.893549487334171
