epoch,train_accuracy,train_f1_score,val_accuracy,val_f1_score
1,0.7409739714525608,0.7505171153716534,0.8403361344537815,0.8453476154619654
2,0.8476070528967254,0.8571434963781359,0.8420168067226891,0.8562576253575545
3,0.8799328295549959,0.8869699221731049,0.8739495798319328,0.8819430925788899
4,0.9013434089000839,0.9062968190892283,0.8773109243697479,0.8808881606947155
5,0.9147774979009236,0.9182511321213545,0.8722689075630252,0.8802470078989801
6,0.9353484466834593,0.9374948620400468,0.880672268907563,0.8854321592566364
7,0.9525608732157851,0.9534967980465399,0.8857142857142857,0.8885980090625314
8,0.9588581024349286,0.9595080459086822,0.892436974789916,0.8929682453186053
9,0.9659949622166247,0.9663986976623559,0.8823529411764706,0.8889961887092448
10,0.9722921914357683,0.9725043951080607,0.8957983193277311,0.8930783158084219
11,0.9811083123425692,0.9811618046235041,0.8941176470588236,0.893102365248484
12,0.9815281276238456,0.9816139044228236,0.8789915966386554,0.8832324820159103
13,0.980688497061293,0.9808146757316567,0.8823529411764706,0.8838428373767854
14,0.9853064651553316,0.9854070501820864,0.892436974789916,0.8885256653302421
15,0.9874055415617129,0.9874637302473042,0.8907563025210085,0.8863652353118836
16,0.9907640638119227,0.990778802063969,0.8957983193277311,0.8938128281859093
17,0.9916036943744753,0.9916196232922915,0.8672268907563025,0.878349885408709
18,0.9911838790931989,0.9912307590945669,0.8823529411764706,0.8879678536473667
19,0.9953820319059614,0.9953861425169154,0.8873949579831932,0.8910820009159939
