epoch,train_accuracy,train_f1_score,val_accuracy,val_f1_score
1,0.6167086481947943,0.6768348578385428,0.8571428571428571,0.8513672402499306
2,0.853904282115869,0.8626707405468109,0.8638655462184874,0.8677622782529839
3,0.8807724601175483,0.8889098138798939,0.8823529411764706,0.8835880304288591
4,0.9059613769941226,0.9110522896229715,0.8689075630252101,0.8747278867561976
5,0.9227539882451721,0.9266998543343863,0.8722689075630252,0.8737713769928862
6,0.9424853064651554,0.944526008401207,0.8722689075630252,0.8737686847972165
7,0.9575986565910999,0.958697613724227,0.8773109243697479,0.8798603766743642
8,0.966414777497901,0.9671391185693248,0.8773109243697479,0.8793932026296849
9,0.9748110831234257,0.9751552480283775,0.8773109243697479,0.8748127194144631
10,0.9844668345927792,0.9845887059405711,0.8773109243697479,0.8786322023319272
11,0.9811083123425692,0.9813948370647965,0.8823529411764706,0.8789831012200854
12,0.9878253568429891,0.9878632563847309,0.8705882352941177,0.8678759898274173
