epoch,train_accuracy,train_f1_score,val_accuracy,val_f1_score
1,0.6501469970600589,0.6919142814180684,0.8489932885906041,0.8514833712234752
2,0.868962620747585,0.8755504685877836,0.8338926174496645,0.8507158061046731
3,0.873162536749265,0.8820353021694831,0.8540268456375839,0.8603679218671381
4,0.8887022259554809,0.8961577816421722,0.8406040268456376,0.8571281973038339
5,0.9134817303653927,0.9178571543652468,0.8791946308724832,0.8825842922403205
6,0.9391012179756405,0.9411149534886656,0.8842281879194631,0.8885833720743022
7,0.9491810163796724,0.9507728638352803,0.8875838926174496,0.8892110921270849
8,0.9638807223855523,0.9645425558754764,0.87751677852349,0.8833342082340495
9,0.9668206635867282,0.9674577964352286,0.8791946308724832,0.8827270177839915
10,0.9693406131877362,0.969629749643006,0.8859060402684564,0.8875077500673806
11,0.9790004199916001,0.9791384456147756,0.889261744966443,0.8889188983158532
12,0.9794204115917682,0.9794727645685225,0.8825503355704698,0.8817727588135502
13,0.9890802183956321,0.9891198087183127,0.889261744966443,0.8886780402008501
14,0.9890802183956321,0.989103596199584,0.87248322147651,0.8739592701907299
15,0.9920201595968081,0.9920343420260763,0.8791946308724832,0.8787386963830192
16,0.9916001679966401,0.9916070899359932,0.8942953020134228,0.8922790710735448
17,0.9890802183956321,0.9891131963000075,0.8657718120805369,0.8729327294259852
18,0.9785804283914322,0.9789628687197671,0.8691275167785235,0.8736752294350112
19,0.9895002099958001,0.9895384269837119,0.9010067114093959,0.8986707761283365
20,0.99370012599748,0.9937030598663708,0.8859060402684564,0.886653490640951
21,0.99370012599748,0.9937100604526605,0.8942953020134228,0.8946220852119678
22,0.9920201595968081,0.9920312166296373,0.8875838926174496,0.8870258053139632
23,0.994960100797984,0.994963707770027,0.8909395973154363,0.8903050533969277
24,0.9953800923981521,0.9953826846114736,0.8859060402684564,0.8855048210119982
25,0.996220075598488,0.9962206845312143,0.8959731543624161,0.8946883102478788
26,0.996640067198656,0.9966420766125631,0.8825503355704698,0.882890007843263
27,0.997060058798824,0.9970611877271963,0.8909395973154363,0.8897022777492634
28,0.997060058798824,0.9970606599687786,0.8825503355704698,0.8838335364970833
