epoch,train_accuracy,train_f1_score,val_accuracy,val_f1_score
1,0.6257217847769029,0.629204143085423,0.8046218487394958,0.8087521905921585
2,0.8288713910761155,0.8396474264145374,0.8529411764705882,0.8591890978601042
3,0.85249343832021,0.8633609361866048,0.8403361344537815,0.8529375719438433
4,0.8976377952755905,0.9038397873918225,0.8781512605042017,0.8805719975916161
5,0.905511811023622,0.9112637727180354,0.8613445378151261,0.8707432216985149
6,0.931758530183727,0.9343529411341742,0.8823529411764706,0.8853001448573595
7,0.9448818897637795,0.9466798687535171,0.8760504201680672,0.8759372476283359
8,0.9616797900262467,0.9624315883267477,0.8571428571428571,0.861992053979232
9,0.9643044619422572,0.9649558263507146,0.8802521008403361,0.8779564998800847
10,0.9748031496062992,0.9749937468276679,0.8760504201680672,0.8762675031667962
11,0.9784776902887139,0.9786174089912719,0.8823529411764706,0.8779602750190985
12,0.9853018372703412,0.9853545541233291,0.8781512605042017,0.8768741280446107
13,0.988976377952756,0.9890082764591382,0.8697478991596639,0.8694544680136864
14,0.9900262467191601,0.9900368550029466,0.8760504201680672,0.873911360074977
15,0.9900262467191601,0.9900591926455908,0.8781512605042017,0.8779416283053931
