epoch,train_accuracy,train_f1_score,val_accuracy,val_f1_score
1,0.6908558411975269,0.5650764674922034,0.6788036410923277,0.5489318367934858
2,0.6872762772534982,0.5713792207526471,0.6749024707412223,0.5470482759734753
3,0.6840221282134722,0.5978848377853881,0.694408322496749,0.623146259421682
4,0.702245362837618,0.662092008777627,0.7230169050715215,0.6989709454839721
5,0.7168890335177351,0.7087448209251332,0.7347204161248374,0.7305745617766327
6,0.7377155873739017,0.7348132195214145,0.7373211963589077,0.7361580096179099
7,0.7438984705499512,0.7458294536993721,0.7451235370611183,0.748240641151088
8,0.7582167263260657,0.759207375891738,0.7542262678803641,0.7575292090495217
9,0.7598438008460787,0.7598438008460787,0.7555266579973993,0.7583139761369702
10,0.7731858119101855,0.7759512735645975,0.7581274382314694,0.7616607063905791
11,0.7839245037422714,0.7835405540923501,0.7594278283485045,0.763389697044587
12,0.7891311422063131,0.7903077872040135,0.7685305591677504,0.7720871534487649
13,0.7884803123983078,0.7900479808610125,0.7750325097529259,0.7780558368548532
14,0.7800195248942402,0.783881222076489,0.7698309492847855,0.7744038019415806
15,0.7855515782622844,0.7879640650143637,0.776332899869961,0.7805584619623804
16,0.7780670354702245,0.7832137705223516,0.776332899869961,0.7805584619623804
17,0.792385291246339,0.7945965101465495,0.7815344603381015,0.7852107123190635
18,0.7917344614383339,0.7949071910915636,0.7802340702210663,0.7844582895669651
19,0.7966156849983729,0.7998238222748744,0.7854356306892067,0.7892718427244425
20,0.7959648551903677,0.7990063531357083,0.788036410923277,0.7915271384771225
21,0.7979173446143834,0.8002387215513791,0.7867360208062418,0.7907650451269209
22,0.8018223234624146,0.804556499074062,0.7802340702210663,0.7850041783971722
23,0.7979173446143834,0.8007507400052529,0.7737321196358907,0.778964443808846
24,0.7897819720143182,0.7941302331541253,0.7802340702210663,0.7850041783971722
25,0.7930361210543443,0.7965411870721492,0.7841352405721717,0.7884922672373669
26,0.8041002277904328,0.8069124353195667,0.7828348504551366,0.7871493498544858
27,0.8060527172144484,0.8090493611265227,0.7854356306892067,0.7898334685446862
28,0.798242759518386,0.8018666708288124,0.7854356306892067,0.7900928368966474
29,0.8037748128864302,0.8071183994413091,0.7815344603381015,0.786465011273717
