epoch,train_accuracy,train_f1_score,val_accuracy,val_f1_score
1,0.7942252948352989,0.7981438744469692,0.8697068403908795,0.8692313235820015
2,0.9023993493289956,0.9038098546201243,0.8876221498371335,0.8879413421343639
3,0.9154127694184628,0.9165619967309974,0.8827361563517915,0.8844307011317252
4,0.9418462789751931,0.9423417343260213,0.8876221498371335,0.8880633908563771
5,0.950793005286702,0.9511962917670473,0.8827361563517915,0.8825969691286221
6,0.9699064660431069,0.9700882639966253,0.8892508143322475,0.8896259130053781
7,0.9707198047986987,0.9709454366289043,0.8762214983713354,0.8752845035618328
8,0.983733224888166,0.9837864568653623,0.8713355048859935,0.8689405714886708
9,0.9857665717771452,0.9858156672213769,0.8745928338762216,0.8718497996530153
10,0.9886132574217161,0.9886383125788389,0.8697068403908795,0.8697068403908795
11,0.9938999593330622,0.9939100692358396,0.8794788273615635,0.8777036308419162
12,0.989019926799512,0.9890460632134734,0.8680781758957655,0.8624890549669015
13,0.9947132980886539,0.9947181935858321,0.8778501628664495,0.8745493904728023
14,0.9971533143554291,0.9971538445651855,0.8697068403908795,0.869552187920691
15,0.9975599837332249,0.997560891375542,0.8762214983713354,0.8747646635516583
