epoch,train_accuracy,train_f1_score,val_accuracy,val_f1_score
1,0.8148389196225188,0.8144909249072066,0.9076723016905072,0.90783357916718
2,0.8952164009111617,0.8968148932974046,0.8491547464239272,0.8545327949975432
3,0.9072567523592581,0.9087765492301029,0.8582574772431729,0.8630980389439508
4,0.9137650504393101,0.9151781948981658,0.8985695708712613,0.9006334994187458
5,0.9437032216075496,0.9442407375820349,0.9037711313394018,0.9052532208154193
6,0.9453302961275627,0.9458588001643612,0.9011703511053316,0.9033300284581551
7,0.9563944028636512,0.956698417419799,0.9154746423927178,0.9156222907868548
8,0.9726651480637813,0.9728418925152071,0.9193758127438232,0.9178653624085975
9,0.9749430523917996,0.9750629987665016,0.9141742522756827,0.9137540241074441
10,0.9853563293198828,0.9854030417736332,0.9167750325097529,0.9165749309424187
11,0.987634233647901,0.9876686541649405,0.9102730819245773,0.9100021916915226
12,0.9915392124959324,0.9915558130588283,0.9167750325097529,0.9150896836247095
13,0.9850309144158802,0.9850561471805114,0.9141742522756827,0.9147496362070602
14,0.9892613081679141,0.9892779206398614,0.9076723016905072,0.9081430046646765
15,0.9964204360559714,0.9964209453032433,0.9011703511053316,0.9019362116823252
16,0.9967458509599739,0.996743988472869,0.9141742522756827,0.9137540241074441
17,0.9980475105759844,0.9980463930837215,0.918075422626788,0.9175163850734082
