epoch,train_accuracy,train_f1_score,val_accuracy,val_f1_score
1,0.725793327908869,0.7359191984281843,0.8406504065040651,0.8455665109842588
2,0.8812042310821806,0.8836717252839672,0.9008130081300812,0.9023384286909764
3,0.9080553295362083,0.909465217065108,0.9089430894308943,0.9098314495340076
4,0.9304312449145646,0.9312762799665029,0.8666666666666667,0.870455762457482
5,0.9406021155410903,0.9412455662278619,0.8926829268292683,0.8948477222867466
6,0.9560618388934092,0.9563895967058966,0.8943089430894309,0.8961285129109969
7,0.9711147274206672,0.9713163889312642,0.9121951219512195,0.9125362915074934
8,0.9768104149715215,0.9769269459065487,0.9089430894308943,0.9103001104085114
9,0.9820992676973149,0.9821862456784428,0.9203252032520325,0.9205847232327539
10,0.9873881204231082,0.9874215720238957,0.9089430894308943,0.9095188394407857
11,0.9910496338486574,0.9910687079924988,0.9073170731707317,0.9071272145617151
12,0.9918633034987795,0.9918691503804021,0.9024390243902439,0.9041617744325436
13,0.9943043124491456,0.994306364734913,0.8894308943089431,0.8917481265681748
14,0.9947111472742066,0.9947158910538819,0.9089430894308943,0.9098314495340076
15,0.9975589910496339,0.9975581064459864,0.9073170731707317,0.9083712964501682
16,0.9930838079739626,0.9930850557914079,0.9138211382113821,0.9133995435515613
17,0.9898291293734743,0.9898382520266962,0.8975609756097561,0.8994144807830292
18,0.9967453213995118,0.9967453213995118,0.9105691056910569,0.9121087416939203
