epoch,train_accuracy,train_f1_score,val_accuracy,val_f1_score
1,0.8142485361093038,0.8160975064228084,0.9075520833333334,0.9078016284752334
2,0.8959011060507482,0.8971709275022725,0.8893229166666666,0.8920190689832345
3,0.9124918672739102,0.9137654217160814,0.8763020833333334,0.8798130484711367
4,0.9333116460637606,0.9341174286015287,0.8919270833333334,0.8940869012985918
5,0.9313597918022121,0.9322982135044384,0.90625,0.9073593911248711
6,0.9586857514638907,0.9590153992523125,0.9153645833333334,0.9156814318240604
7,0.9655172413793104,0.9657350369781578,0.8854166666666666,0.8881084013304922
8,0.9729993493819128,0.9731451175313798,0.9140625,0.9147671282953294
9,0.9801561483409239,0.9802313539255364,0.9088541666666666,0.9099327413714023
10,0.9847104749512037,0.9847516294125567,0.9088541666666666,0.9085434422348485
11,0.9798308392973325,0.9798539887166714,0.91015625,0.9104925968593872
12,0.9915419648666233,0.9915540718148969,0.90625,0.9065522497897391
13,0.9951203643461288,0.9951224766701661,0.9088541666666666,0.909852501034039
14,0.994469746258946,0.994470546077653,0.91015625,0.9107634114661337
15,0.9947950553025374,0.9947965591209482,0.9114583333333334,0.9120996621621623
