epoch,train_accuracy,train_f1_score,val_accuracy,val_f1_score
1,0.7869225764476252,0.7936069579345184,0.87109375,0.8750464910822378
2,0.8916720884840599,0.8933444178306065,0.890625,0.8933153989458028
3,0.9105400130123618,0.9117924926685064,0.91796875,0.9162406516386934
4,0.9225764476252439,0.9233093732364074,0.9283854166666666,0.9284309897818802
5,0.9437215354586858,0.9442477215264021,0.8776041666666666,0.8816184440449747
6,0.9329863370201692,0.9338892541068154,0.9283854166666666,0.9286092380442325
7,0.9622641509433962,0.9625031352993488,0.9322916666666666,0.9322916666666666
8,0.973975276512687,0.9741335993914979,0.9244791666666666,0.9238681880254562
9,0.9795055302537411,0.979591049029188,0.92578125,0.9263629899614001
10,0.9817826935588809,0.9818657737510615,0.9205729166666666,0.9203133473120615
11,0.9905660377358491,0.9905854452053101,0.921875,0.9213529291654291
12,0.9869876382563435,0.987005588334497,0.9166666666666666,0.9144198314944948
13,0.9925178919973975,0.9925230826963264,0.9231770833333334,0.9222769878604709
14,0.9915419648666233,0.9915443201433641,0.9205729166666666,0.9202062796718457
15,0.9938191281717632,0.9938234161404437,0.9231770833333334,0.9222769878604709
16,0.9970722186076773,0.9970734401233052,0.92578125,0.9258284803194031
