epoch,train_accuracy,train_f1_score,val_accuracy,val_f1_score
1,0.7546786004882018,0.7629592574495355,0.8065040650406504,0.8157553899240261
2,0.888120423108218,0.8899472243002671,0.8455284552845529,0.8519515224307618
3,0.9174125305126118,0.9183922911382201,0.8780487804878049,0.8808150282421192
4,0.9377542717656632,0.9384091901018196,0.8829268292682927,0.8838906383015959
5,0.951586655817738,0.9520288885016389,0.8731707317073171,0.8756530902557264
6,0.9621643612693247,0.9624447125783658,0.8861788617886179,0.8872909073918325
7,0.9800650935720098,0.9801462897230696,0.8943089430894309,0.893836489220957
8,0.9800650935720098,0.9801462897230696,0.9040650406504065,0.901674534053105
9,0.983319772172498,0.9833718674861919,0.8634146341463415,0.8667548904571334
10,0.9886086248982913,0.9886387178788036,0.8926829268292683,0.8926829268292683
11,0.9890154597233524,0.9890497663933459,0.8991869918699187,0.898260770518656
12,0.9934906427990235,0.9935014857998553,0.9073170731707317,0.9061918639531596
13,0.9959316517493898,0.9959330231458638,0.9040650406504065,0.9038105337575115
14,0.9971521562245729,0.997153594081214,0.8878048780487805,0.8882796346060502
15,0.9963384865744508,0.996340335247275,0.8536585365853658,0.8583164510520186
16,0.9930838079739626,0.9930941918642453,0.8699186991869918,0.8724647079545912
17,0.9955248169243287,0.99552557229848,0.8504065040650407,0.8550235087758791
18,0.9971521562245729,0.997153594081214,0.8813008130081301,0.8816055161514247
19,0.9983726606997559,0.9983726606997559,0.8878048780487805,0.8882796346060502
20,0.9983726606997559,0.9983732092583457,0.9008130081300812,0.8999973110484659
21,0.9983726606997559,0.9983732092583457,0.8926829268292683,0.8919026969516225
