epoch,train_accuracy,train_f1_score,val_accuracy,val_f1_score
1,0.7849007484542792,0.7870611707622057,0.8530559167750326,0.8566476519801097
2,0.8867556134070941,0.8884312954209985,0.9037711313394018,0.9032335251408927
3,0.9036771884152294,0.9047262551711612,0.8764629388816645,0.8792856072941786
4,0.9215750081353726,0.9225312151062669,0.9063719115734721,0.9071119642141211
5,0.9310120403514481,0.93176339897394,0.9024707412223667,0.903541636529003
6,0.9391474129515132,0.9396985614944167,0.8764629388816645,0.8794188704312301
7,0.9518385942076147,0.952268790309401,0.8647594278283485,0.8684664352473785
8,0.9616010413276929,0.9618457379365677,0.8673602080624188,0.8707009057143085
9,0.9710380735437683,0.9712415078474915,0.8881664499349805,0.8898001115569345
10,0.9775463716238204,0.9776383700357064,0.9024707412223667,0.9025225014263336
11,0.9821021802798569,0.9821557744388165,0.8894668400520156,0.8912063424577048
12,0.9856817442238854,0.9857305757102492,0.8790637191157347,0.881225947717413
13,0.9882850634559063,0.9883152357470067,0.8517555266579974,0.8558189770980882
