epoch,train_accuracy,train_f1_score,val_accuracy,val_f1_score
1,0.7742574257425743,0.7788394351917342,0.8831683168316832,0.8845184904512687
2,0.9198019801980198,0.9208790793293885,0.9108910891089109,0.9105828411281345
3,0.9574257425742574,0.9577469540802717,0.8811881188118812,0.8844807274845132
4,0.9747524752475247,0.9749638888834778,0.897029702970297,0.897029702970297
5,0.9846534653465346,0.9847214899347391,0.904950495049505,0.9035547522580677
6,0.9891089108910891,0.9891603197994288,0.8930693069306931,0.895539255333984
7,0.9836633663366336,0.9837263321139753,0.9148514851485149,0.9143540354065365
8,0.9920792079207921,0.9920981506250314,0.9188118811881189,0.9168350496512748
9,0.999009900990099,0.9990104988397214,0.9148514851485149,0.9149471006221686
10,0.999009900990099,0.9990104988397214,0.9188118811881189,0.9172918544098783
11,0.9995049504950495,0.9995051002042425,0.9207920792079208,0.9196289602150564
12,0.9995049504950495,0.9995051002042425,0.9188118811881189,0.9175117869109739
13,0.9995049504950495,0.9995051002042425,0.9207920792079208,0.9196289602150564
14,0.9995049504950495,0.9995051002042425,0.9188118811881189,0.9177262201337266
15,0.9995049504950495,0.9995051002042425,0.9188118811881189,0.9179352601886529
16,0.9995049504950495,0.9995051002042425,0.9207920792079208,0.9194170876450016
17,0.9995049504950495,0.9995051002042425,0.9227722772277228,0.9221322288754017
18,0.9995049504950495,0.9995051002042425,0.9188118811881189,0.9179352601886529
19,0.9995049504950495,0.9995051002042425,0.9207920792079208,0.9202331043915202
20,0.9995049504950495,0.9995051002042425,0.9227722772277228,0.9221322288754017
