epoch,train_accuracy,train_f1_score,val_accuracy,val_f1_score
1,0.807920792079208,0.8107001945393003,0.8633663366336634,0.8660446690888541
2,0.907920792079208,0.9090246770794006,0.8950495049504951,0.8981071029369281
3,0.948019801980198,0.9487080253954839,0.9267326732673268,0.9268265664211949
4,0.9628712871287128,0.9632691143397046,0.9148514851485149,0.9153828766238347
5,0.9732673267326732,0.9734909791692696,0.8871287128712871,0.8902142988781546
6,0.9881188118811881,0.9881730701293374,0.9128712871287129,0.9139235024642413
7,0.9915841584158416,0.9916108005906441,0.9168316831683169,0.9156855654918065
8,0.994059405940594,0.9940731512429738,0.9207920792079208,0.9217486386038555
9,0.997029702970297,0.9970348745330057,0.9227722772277228,0.9228712456872054
10,0.995049504950495,0.9950609593691447,0.906930693069307,0.9085618654790495
11,0.9727722772277227,0.9729928438388393,0.8930693069306931,0.8962785138949234
12,0.9836633663366336,0.9837334244827558,0.9207920792079208,0.9213813613063147
13,0.9846534653465346,0.984719277544407,0.8871287128712871,0.8913430986379086
14,0.9910891089108911,0.9911147962426224,0.9346534653465347,0.9345686107371938
15,0.9985148514851485,0.9985152860250834,0.9346534653465347,0.9336563140107529
16,1.0,1.0,0.9267326732673268,0.9262442474976754
17,1.0,1.0,0.9267326732673268,0.9262442474976754
18,1.0,1.0,0.9267326732673268,0.9262442474976754
19,1.0,1.0,0.9247524752475248,0.9243538149517929
20,1.0,1.0,0.9267326732673268,0.9264434616455729
21,1.0,1.0,0.9247524752475248,0.9245557589129741
22,1.0,1.0,0.9247524752475248,0.9245557589129741
23,1.0,1.0,0.9247524752475248,0.9245557589129741
24,1.0,1.0,0.9247524752475248,0.9245557589129741
25,1.0,1.0,0.9247524752475248,0.9245557589129741
26,1.0,1.0,0.9247524752475248,0.9245557589129741
27,1.0,1.0,0.9247524752475248,0.9245557589129741
28,1.0,1.0,0.9247524752475248,0.9245557589129741
29,1.0,1.0,0.9247524752475248,0.9245557589129741
30,1.0,1.0,0.9247524752475248,0.9245557589129741
31,1.0,1.0,0.9247524752475248,0.9245557589129741
32,1.0,1.0,0.9247524752475248,0.9245557589129741
33,1.0,1.0,0.9247524752475248,0.9245557589129741
