epoch,train_accuracy,train_f1_score,val_accuracy,val_f1_score
1,0.7925742574257426,0.7973538048359887,0.6732673267326733,0.6874853198713591
2,0.9133663366336634,0.9136013518501809,0.8851485148514852,0.8832321672043296
3,0.9549504950495049,0.9553314840244463,0.904950495049505,0.9014717219753473
4,0.9683168316831683,0.9685043916398923,0.8732673267326733,0.8773023389295452
5,0.9821782178217822,0.982263179047518,0.9089108910891089,0.9089108910891089
6,0.9792079207920792,0.9793070422221044,0.9108910891089109,0.9101813038446702
7,0.9891089108910891,0.9891671291917763,0.9148514851485149,0.9133191801494485
8,0.9797029702970297,0.9798289255022857,0.9148514851485149,0.9133191801494485
9,0.9945544554455445,0.9945627166627354,0.9168316831683169,0.9154439831479628
10,0.9935643564356436,0.9935779799722013,0.900990099009901,0.8973663770576533
11,0.9905940594059406,0.9906361669619076,0.9128712871287129,0.9134168472248887
12,0.995049504950495,0.9950614619429443,0.906930693069307,0.9047524863348033
13,0.9811881188118812,0.9812668494263757,0.906930693069307,0.9050073157246079
14,0.9881188118811881,0.9881475086630662,0.9089108910891089,0.9089108910891089
15,0.9886138613861386,0.9886379645662025,0.897029702970297,0.8976744558112322
16,0.9910891089108911,0.9911211804108716,0.897029702970297,0.8980758296381399
17,0.9935643564356436,0.9935779799722013,0.8772277227722772,0.8801361088489801
18,0.997029702970297,0.997029702970297,0.906930693069307,0.9061893617933222
19,0.999009900990099,0.9990105047863151,0.902970297029703,0.9026477353176384
20,0.999009900990099,0.999009900990099,0.899009900990099,0.8995404006403214
21,0.999009900990099,0.9990105047863151,0.906930693069307,0.9068289228641683
22,0.999009900990099,0.9990105047863151,0.904950495049505,0.9047412373331266
23,0.9995049504950495,0.9995051016932689,0.904950495049505,0.9047412373331266
24,0.9995049504950495,0.9995051016932689,0.904950495049505,0.9047412373331266
25,0.998019801980198,0.9980210095726304,0.899009900990099,0.899332482794559
26,0.998019801980198,0.9980210095726304,0.904950495049505,0.9047412373331266
27,0.999009900990099,0.9990105047863151,0.9089108910891089,0.9078535938242317
28,0.9995049504950495,0.9995051016932689,0.906930693069307,0.9066212971414083
