epoch,train_accuracy,train_f1_score,val_accuracy,val_f1_score
1,0.7896039603960396,0.7952358106924908,0.8851485148514852,0.8886857249105193
2,0.9128712871287129,0.9140701594621303,0.9188118811881189,0.9183118449276784
3,0.9504950495049505,0.9509970245074741,0.9267326732673268,0.9268194197473116
4,0.9772277227722772,0.977320849991415,0.906930693069307,0.9080651448049355
5,0.9797029702970297,0.9797917570418532,0.8673267326732673,0.8728901912273246
6,0.9836633663366336,0.9837348288385647,0.9168316831683169,0.9159957349581113
7,0.9821782178217822,0.9822713059505376,0.9148514851485149,0.9134140994933151
8,0.9896039603960396,0.9896375307208733,0.904950495049505,0.9037404284713478
9,0.9995049504950495,0.9995050982408601,0.9207920792079208,0.9193425904270217
10,0.9995049504950495,0.9995050982408601,0.9188118811881189,0.9176673997720513
11,0.9995049504950495,0.9995050982408601,0.9227722772277228,0.9216836241734145
12,1.0,1.0,0.9207920792079208,0.919995938055344
13,0.999009900990099,0.999009900990099,0.9168316831683169,0.9162129369650032
14,0.9995049504950495,0.9995050982408601,0.9207920792079208,0.9195659453213226
15,0.9995049504950495,0.9995050982408601,0.9207920792079208,0.9195659453213226
16,0.9995049504950495,0.9995050982408601,0.9168316831683169,0.9157728749124294
17,0.9995049504950495,0.9995050982408601,0.9227722772277228,0.9214686018660301
18,0.9955445544554455,0.9955511592572647,0.9188118811881189,0.9176673997720513
19,0.9851485148514851,0.9851921847590165,0.9148514851485149,0.9115765599405798
20,0.9732673267326732,0.973376649989922,0.8910891089108911,0.8928518750456271
