epoch,train_accuracy,train_f1_score,val_accuracy,val_f1_score
1,0.7693069306930693,0.7702724166497646,0.7821782178217822,0.7835421180622218
2,0.8767326732673267,0.8748174478858765,0.8415841584158416,0.842576085863434
3,0.9014851485148515,0.9018107062092398,0.8316831683168316,0.8369381775744319
4,0.9227722772277228,0.9244635591088879,0.8811881188118812,0.8819320643975754
5,0.9277227722772278,0.9287778779109189,0.8811881188118812,0.8823951880440076
6,0.949009900990099,0.9496075889720668,0.906930693069307,0.9059648493962074
7,0.9717821782178218,0.9719085008857229,0.8613861386138614,0.8642420657005315
8,0.9405940594059405,0.9418398628772522,0.8633663366336634,0.8651347846649072
9,0.946039603960396,0.946895930461363,0.8930693069306931,0.8907139909701426
10,0.9648514851485148,0.965109438943234,0.897029702970297,0.8968030071108871
11,0.9727722772277227,0.9730025452895006,0.897029702970297,0.8976744558112322
12,0.9663366336633663,0.9665931460250367,0.8811881188118812,0.8823951880440076
13,0.9643564356435643,0.9646874156569171,0.8910891089108911,0.8912066266532067
14,0.9782178217821782,0.9783216632803,0.9089108910891089,0.9078535938242317
15,0.9683168316831683,0.968679752773754,0.8811881188118812,0.8836360563147414
16,0.9693069306930693,0.9697706817079641,0.904950495049505,0.904950495049505
17,0.9797029702970297,0.9798056097005172,0.900990099009901,0.9021810173264505
18,0.9752475247524752,0.9754773719839703,0.902970297029703,0.9030749946546751
19,0.9752475247524752,0.9755703635803111,0.897029702970297,0.8974653266431616
20,0.9737623762376237,0.9738950564421319,0.897029702970297,0.897029702970297
