epoch,train_accuracy,train_f1_score,val_accuracy,val_f1_score
1,0.7742574257425743,0.7760259959212414,0.8891089108910891,0.8918302916504647
2,0.9034653465346535,0.9042985179008767,0.9287128712871288,0.93003679134054
3,0.9549504950495049,0.9554791720681501,0.9267326732673268,0.9262442474976754
4,0.9618811881188118,0.9623285302115118,0.9108910891089109,0.9114471964668037
5,0.9777227722772277,0.9778793796654079,0.8752475247524752,0.8795151252283827
6,0.9841584158415841,0.9842307601724499,0.9188118811881189,0.9187064557643922
7,0.9712871287128713,0.971512078428579,0.8891089108910891,0.8904480940453978
8,0.9841584158415841,0.9842395341574974,0.9227722772277228,0.9218207659215256
9,0.9881188118811881,0.9881597758512899,0.9247524752475248,0.9251306422949988
10,0.9905940594059406,0.9906077291659031,0.9287128712871288,0.9290711348057883
11,0.9925742574257426,0.9925935548164482,0.8851485148514852,0.8895231548009435
12,0.994059405940594,0.9940697490660113,0.9207920792079208,0.9219248955510669
13,0.9915841584158416,0.9916108005906441,0.9306930693069307,0.9309560315084303
14,0.9925742574257426,0.9925893162311518,0.9188118811881189,0.9198833068541327
15,0.9925742574257426,0.9925935548164482,0.9207920792079208,0.9199303217088282
16,0.996039603960396,0.9960442161289337,0.9247524752475248,0.9251306422949988
17,0.994059405940594,0.9940663241934004,0.9306930693069307,0.9312906736181886
18,0.997029702970297,0.9970348745330057,0.9287128712871288,0.9297324059959602
19,0.997029702970297,0.9970314382600947,0.9267326732673268,0.9275342810968447
20,0.997029702970297,0.9970331620967003,0.9267326732673268,0.9275342810968447
