epoch,train_accuracy,train_f1_score,val_accuracy,val_f1_score
1,0.2893258426966292,0.2876805510400864,0.4157303370786517,0.41288694018733146
2,0.300561797752809,0.29255429198942007,0.42696629213483145,0.43377596186584955
3,0.31741573033707865,0.32400900269425303,0.34831460674157305,0.3762058790148678
4,0.29213483146067415,0.2989734143013218,0.3595505617977528,0.37418901430420215
5,0.29213483146067415,0.31793065564170186,0.2808988764044944,0.29311935448336635
6,0.23595505617977527,0.26347145650568204,0.25842696629213485,0.2730049618177501
7,0.25,0.27006018140447197,0.25842696629213485,0.2801394570151366
8,0.2696629213483146,0.2987220132868763,0.25842696629213485,0.27759751760488544
9,0.25842696629213485,0.27895471869749605,0.25842696629213485,0.27941976200725493
10,0.2808988764044944,0.3113003771617928,0.25842696629213485,0.2811382081978471
11,0.2640449438202247,0.2905815088362313,0.24719101123595505,0.26610458158022005
