epoch,train_accuracy,train_f1_score,val_accuracy,val_f1_score
1,0.300561797752809,0.27267264182541207,0.25842696629213485,0.24459891237647857
2,0.35674157303370785,0.3375232064714816,0.21348314606741572,0.20151838593633167
3,0.2949438202247191,0.29771805344151625,0.21348314606741572,0.20758501633723395
4,0.29213483146067415,0.31187532570676113,0.2247191011235955,0.21736734584162146
5,0.2752808988764045,0.29813299981907604,0.1797752808988764,0.17090742323487104
6,0.30337078651685395,0.33458668972432254,0.1797752808988764,0.17870320719152855
7,0.23595505617977527,0.26759296784970166,0.20224719101123595,0.20204744069912606
8,0.23314606741573032,0.25706506764956577,0.19101123595505617,0.1970571126750902
9,0.21910112359550563,0.25170941168455424,0.19101123595505617,0.1992081505372818
10,0.2556179775280899,0.3060366266685741,0.20224719101123595,0.2172401475871376
