epoch,train_accuracy,train_f1_score,val_accuracy,val_f1_score
1,0.199438202247191,0.21836606460525043,0.19101123595505617,0.22533473622769898
2,0.2050561797752809,0.24029159300681419,0.23595505617977527,0.27999970916423494
3,0.19101123595505617,0.22348147948975902,0.19101123595505617,0.23337860780984723
4,0.19382022471910113,0.230345677311818,0.20224719101123595,0.24958380478734135
5,0.23876404494382023,0.28250720071237073,0.21348314606741572,0.24926878609096487
6,0.23876404494382023,0.28933696976142903,0.19101123595505617,0.20943011120624855
7,0.23595505617977527,0.2755773564104518,0.19101123595505617,0.20964911748296053
8,0.24719101123595505,0.2983312200722276,0.19101123595505617,0.20864006199147614
9,0.27808988764044945,0.3151973999371123,0.1797752808988764,0.1931223533758542
10,0.27808988764044945,0.3129994271366937,0.19101123595505617,0.201607629480047
11,0.2752808988764045,0.31410673573384396,0.20224719101123595,0.2205109837647066
