epoch,train_accuracy,train_f1_score,val_accuracy,val_f1_score
1,0.7067147613762487,0.7039452527142869,0.7447280799112098,0.7481108089699325
2,0.7622086570477248,0.772787024090877,0.7702552719200888,0.7752293874434728
3,0.7902330743618202,0.7988806373856993,0.7824639289678136,0.7837471448814901
4,0.8138179800221975,0.8215747740984695,0.7635960044395117,0.7711818607331744
5,0.8307436182019978,0.8375782368158039,0.7647058823529411,0.7728585496025538
6,0.8676470588235294,0.8718826777472055,0.7680355160932297,0.766097065206781
7,0.8842952275249722,0.8880869012615862,0.7591564927857936,0.7628683245449024
8,0.9120421753607103,0.9139357416738149,0.7469478357380688,0.7537043426567209
9,0.933684794672586,0.9346772041924113,0.7436182019977803,0.7523869378097638
10,0.9483906770255272,0.9489985288619166,0.7291897891231964,0.7379995158666727
11,0.9539400665926748,0.954370686121672,0.7613762486126526,0.7539034663195932
12,0.9705882352941176,0.9707339572527571,0.753607103218646,0.754940555311415
