epoch,train_accuracy,train_f1_score,val_accuracy,val_f1_score
1,0.6961709211986682,0.6871699395845121,0.7158712541620422,0.7368401034158583
2,0.7552719200887902,0.7681700886692523,0.7569367369589345,0.7668005353975059
3,0.7877358490566038,0.7975781612342944,0.7857935627081021,0.7849720947658105
4,0.80826859045505,0.8167475148708244,0.7669256381798002,0.7716462578202734
5,0.8332408435072142,0.8391525562487305,0.7058823529411765,0.7276019401224059
6,0.8485016648168702,0.8544781755504406,0.779134295227525,0.7839390183171503
7,0.8809655937846836,0.8843842147871906,0.7591564927857936,0.762915445099882
8,0.9098224195338512,0.9118473205490094,0.7658157602663707,0.7755110314407404
9,0.9309100998890122,0.9320411955698841,0.7624861265260822,0.7683996391598911
10,0.9450610432852387,0.9459874654345191,0.7735849056603774,0.7759783517228769
11,0.9600443951165372,0.9604617214181189,0.7758046614872364,0.7797919579976266
12,0.9614317425083241,0.9618008042908026,0.7724750277469479,0.7738286993451451
