epoch,train_accuracy,train_f1_score,val_accuracy,val_f1_score
1,0.7064372918978913,0.7089635342977962,0.7447280799112098,0.7552864075929441
2,0.7655382907880133,0.776157558429647,0.7314095449500555,0.7471032222552931
3,0.7844062153163152,0.7940671735464438,0.7314095449500555,0.751702163407834
4,0.8110432852386238,0.8186389688832422,0.7669256381798002,0.7757488128490861
5,0.8404550499445061,0.8468119708549955,0.7635960044395117,0.7684103708365464
6,0.8676470588235294,0.871894906212758,0.7758046614872364,0.7686031641868675
7,0.8876248612652609,0.8904641268572723,0.7513873473917869,0.7556850807246972
8,0.9150943396226415,0.9168713041968343,0.7647058823529411,0.763694597767122
9,0.9347946725860156,0.935609127187168,0.753607103218646,0.7559915932575351
10,0.9503329633740288,0.9508903255698772,0.7502774694783574,0.7451390541576182
11,0.9536625971143174,0.9540572266734468,0.7602663706992231,0.7569195112391224
12,0.9583795782463929,0.9586241636111258,0.7613762486126526,0.7542823229111564
13,0.9711431742508324,0.9712562764710148,0.758046614872364,0.763137246467734
14,0.9769700332963374,0.9770379570843413,0.7691453940066593,0.7576603133330745
15,0.9808546059933407,0.9808826954704039,0.7591564927857936,0.7552479763714385
