epoch,train_accuracy,train_f1_score,val_accuracy,val_f1_score
1,0.6576026637069923,0.6659973734025862,0.7691453940066593,0.7746856501190901
2,0.7552719200887902,0.7655229679371728,0.7780244173140954,0.7868423468928419
3,0.7794117647058824,0.789439355723338,0.7857935627081021,0.7955057465457533
4,0.7993895671476138,0.8070758918398808,0.7857935627081021,0.7930681296557216
5,0.8229744728079911,0.8295344530463027,0.8079911209766926,0.8068692948068398
6,0.844062153163152,0.8493198838189026,0.7880133185349611,0.7948640773374119
7,0.8765260821309656,0.8801977279374115,0.7769145394006659,0.7857167925538769
8,0.9095449500554939,0.9114246879541507,0.7924528301886793,0.7842972843971213
9,0.9214761376248612,0.9226673299518745,0.7624861265260822,0.7711732728439188
10,0.9381243063263041,0.9389273057816302,0.7780244173140954,0.7636781171302485
11,0.9550499445061044,0.9554776830096197,0.7769145394006659,0.7763873857907911
12,0.9583795782463929,0.9587013754216684,0.7846836847946725,0.786023621085464
13,0.9722530521642619,0.9723750269683143,0.7857935627081021,0.7741760031708514
14,0.9758601553829079,0.9760289713826193,0.7780244173140954,0.7815652821579707
