epoch,train_accuracy,train_f1_score,val_accuracy,val_f1_score
1,0.8079960513326753,0.8103704855451568,0.9268774703557312,0.9262798891595176
2,0.9313919052319842,0.9314878139180246,0.9466403162055336,0.9466765216550866
3,0.9570582428430404,0.9571393518199683,0.958498023715415,0.9584109131205147
4,0.9822309970384995,0.98225363029666,0.9426877470355731,0.943209570322124
5,0.9866732477788747,0.9866784220085685,0.9486166007905138,0.9488806289448515
6,0.9842053307008884,0.9842175123742761,0.9446640316205533,0.944948369632917
7,0.9856860809476802,0.9857060906735446,0.958498023715415,0.9587360297889181
8,0.9930898321816387,0.9930916248531416,0.958498023715415,0.9581588560094559
9,0.9911154985192497,0.9911178033826107,0.9486166007905138,0.9479829571716301
10,0.9965449160908193,0.996546257557777,0.9545454545454546,0.9545141344322294
11,0.9975320829220138,0.9975311116925769,0.9486166007905138,0.9488177825091229
12,0.9985192497532083,0.9985194422592898,0.950592885375494,0.9507553619697319
13,0.9975320829220138,0.9975317606297985,0.9525691699604744,0.952694933524973
14,0.998025666337611,0.998025666337611,0.9525691699604744,0.952694933524973
15,0.998025666337611,0.998025666337611,0.9525691699604744,0.952694933524973
16,0.998025666337611,0.998025666337611,0.9525691699604744,0.952694933524973
17,0.998025666337611,0.998025666337611,0.9525691699604744,0.952694933524973
18,0.9985192497532083,0.9985194422592898,0.9545454545454546,0.9546365552416989
19,0.998025666337611,0.998025666337611,0.9525691699604744,0.952694933524973
20,0.9985192497532083,0.9985194422592898,0.9525691699604744,0.952694933524973
