epoch,train_accuracy,train_f1_score,val_accuracy,val_f1_score
1,0.8277393879565647,0.8288995450387053,0.9169960474308301,0.9166093830555079
2,0.9313919052319842,0.9316671614758238,0.9051383399209486,0.9039197484393905
3,0.9664363277393879,0.9665587806700541,0.8972332015810277,0.8972332015810277
4,0.9753208292201382,0.9753863052419296,0.9130434782608695,0.9135520463400338
5,0.9787759131293189,0.9788349064098283,0.9011857707509882,0.9006006656022434
6,0.989634748272458,0.9896446531877678,0.9150197628458498,0.9148775033895761
7,0.9960513326752222,0.9960545740031427,0.9150197628458498,0.9147785559206905
8,0.9965449160908193,0.9965453939517959,0.9130434782608695,0.9128477092099111
9,0.9975320829220138,0.9975331024754335,0.9169960474308301,0.9165045591058844
10,0.9906219151036525,0.9906308766936948,0.8814229249011858,0.8789529551027415
11,0.9763079960513327,0.976358730084702,0.9051383399209486,0.9044530348878176
12,0.9925962487660415,0.9925993074263001,0.8913043478260869,0.8920765533686694
13,0.9965449160908193,0.9965463434656068,0.9130434782608695,0.9127447642685351
14,0.9965449160908193,0.9965463434656068,0.9071146245059288,0.9070636857966049
15,0.9985192497532083,0.998519044067359,0.9051383399209486,0.9046964377777232
16,0.9965449160908193,0.9965472847182578,0.9031620553359684,0.9026502826609173
17,0.9985192497532083,0.9985194545507697,0.9090909090909091,0.9086674195369847
18,0.9995064165844028,0.9995064848502565,0.9090909090909091,0.9083120194722404
19,0.9990128331688055,0.9990128331688055,0.9071146245059288,0.9065045793347857
20,0.9990128331688055,0.9990128331688055,0.9090909090909091,0.9085526123540638
