epoch,train_accuracy,train_f1_score,val_accuracy,val_f1_score
1,0.7828232971372162,0.7848143599320205,0.8517786561264822,0.8523981410681652
2,0.9072063178677197,0.9075094190773481,0.8853754940711462,0.8830785359526925
3,0.9427443237907206,0.9429040350215352,0.8695652173913043,0.8722795792739081
4,0.9605133267522211,0.96057478977518,0.9051383399209486,0.9058858217518807
5,0.9610069101678184,0.9610527401208414,0.9229249011857708,0.9231588219693971
6,0.972852912142152,0.9728419881192277,0.9011857707509882,0.9024077068693505
7,0.9837117472852912,0.9837308914428832,0.9071146245059288,0.9065474057962645
8,0.9772951628825272,0.9773305041207284,0.9110671936758893,0.9118963024553087
9,0.9861796643632774,0.9861869650533428,0.924901185770751,0.9251724523463655
10,0.9925962487660415,0.9925972330935404,0.9229249011857708,0.9218529638447689
11,0.9950641658440277,0.995062844645242,0.924901185770751,0.9250850230720516
12,0.9960513326752222,0.9960523802915708,0.9229249011857708,0.922454230341581
13,0.9807502467917077,0.9807679231674602,0.9150197628458498,0.913546065133258
14,0.9911154985192497,0.9911201918200061,0.9308300395256917,0.9306025722937588
15,0.9985192497532083,0.9985194466187081,0.9308300395256917,0.9311955914364424
16,1.0,1.0,0.924901185770751,0.9247051625577473
17,1.0,1.0,0.9229249011857708,0.9226714376987598
18,1.0,1.0,0.924901185770751,0.9246024973050665
19,1.0,1.0,0.924901185770751,0.9246024973050665
20,1.0,1.0,0.924901185770751,0.9246024973050665
