epoch,train_accuracy,train_f1_score,val_accuracy,val_f1_score
1,0.2333614153327717,0.23279471714135186,0.18181818181818182,0.10188274251977672
2,0.4043807919123842,0.41962018838549425,0.44107744107744107,0.4323583692378018
3,0.6040438079191238,0.6037145016429,0.5117845117845118,0.5409983684480725
4,0.6655433866891323,0.6778622030603865,0.622895622895623,0.6252512276317238
5,0.7312552653748947,0.737592194379183,0.6498316498316499,0.6246461766411949
6,0.7826453243470936,0.7886594760555442,0.6262626262626263,0.6369028606834276
7,0.806234203875316,0.8090241102038063,0.6632996632996633,0.6659647248286827
8,0.8694187026116259,0.8723385371314092,0.6632996632996633,0.6673744833306082
9,0.9073294018534119,0.9092820931632126,0.6430976430976431,0.6468469161492417
10,0.9292333614153327,0.9304909621196799,0.6666666666666666,0.6733614589574668
11,0.945240101095198,0.945748177991356,0.6464646464646465,0.6488638057614218
12,0.9730412805391744,0.9732760067715647,0.6464646464646465,0.6580526875675052
13,0.9806234203875316,0.9807452885262767,0.6531986531986532,0.6623220812109701
14,0.987363100252738,0.9874572194559408,0.6565656565656566,0.6641440162815215
15,0.995787700084246,0.9957875565001089,0.6498316498316499,0.648484660550523
16,0.9974726200505476,0.9974712065817345,0.6397306397306397,0.6442221148049881
17,0.995787700084246,0.9957928528811323,0.6632996632996633,0.6688073055359657
18,0.9966301600673968,0.9966301600673968,0.6161616161616161,0.6299925541954875
19,0.9966301600673968,0.9966260652876595,0.6296296296296297,0.6267362955863685
20,0.9949452401010952,0.9949541920319199,0.632996632996633,0.637680325243012
21,0.9932603201347936,0.9932708127965576,0.6531986531986532,0.6485430038578056
22,0.9991575400168492,0.9991587499759099,0.6464646464646465,0.6488682094672447
23,1.0,1.0,0.6397306397306397,0.6412232787291867
24,0.9991575400168492,0.999157415079169,0.6498316498316499,0.6521130044926811
25,0.9721988205560236,0.9723669569381546,0.6397306397306397,0.6226093808085011
26,0.9932603201347936,0.9932560563076381,0.5858585858585859,0.6003486769204319
27,0.9941027801179444,0.9941492060075653,0.6430976430976431,0.6415683479578332
28,0.9991575400168492,0.999157415079169,0.6363636363636364,0.6365049029251322
29,1.0,1.0,0.632996632996633,0.6308948427355295
