epoch,train_accuracy,train_f1_score,val_accuracy,val_f1_score
1,0.2166947723440135,0.1950214425058272,0.6161616161616161,0.5860375156229225
2,0.6129848229342327,0.5563682553473093,0.6531986531986532,0.5934863747363748
3,0.6981450252951096,0.656824996883472,0.6531986531986532,0.6184567594718214
4,0.6973018549747049,0.6770650390179535,0.6868686868686869,0.6702906117018068
5,0.7537942664418212,0.7526305133227714,0.6868686868686869,0.68225370247849
6,0.7664418212478921,0.7731787363376882,0.6868686868686869,0.6696861743705013
7,0.7689713322091062,0.7714293727317744,0.6868686868686869,0.6778477852083039
8,0.8161888701517707,0.8199282475658044,0.7037037037037037,0.6998313956687896
9,0.8178752107925801,0.8248938228449189,0.696969696969697,0.6911516927084631
10,0.8499156829679595,0.8542111874837688,0.6801346801346801,0.6756567464301103
11,0.8676222596964587,0.87083307931286,0.6767676767676768,0.6802179561956865
12,0.8903878583473862,0.8935322045408807,0.7003367003367004,0.7025379227154848
13,0.9047217537942664,0.9074971220236175,0.6801346801346801,0.6783299414727286
14,0.924114671163575,0.9256956799072659,0.7003367003367004,0.7032543071240761
15,0.9350758853288365,0.9362567133495533,0.696969696969697,0.6943725955497847
16,0.9569983136593592,0.9575366929809584,0.7037037037037037,0.6962090693204336
17,0.9637436762225969,0.9642097697813584,0.6936026936026936,0.6889578016446196
