epoch,train_accuracy,train_f1_score,val_accuracy,val_f1_score
1,0.396798652064027,0.29807911678848026,0.543918918918919,0.4877555671948196
2,0.6318449873631002,0.5874956121849708,0.6756756756756757,0.6382546631409006
3,0.6866048862679023,0.660497169801393,0.7195945945945946,0.6983679009951987
4,0.7253580454928391,0.7106288619583515,0.7263513513513513,0.7243687076996231
5,0.7396798652064027,0.7417053806260906,0.7432432432432432,0.7393854393357211
6,0.7540016849199663,0.7602555275642823,0.7567567567567568,0.7576135761858981
7,0.7801179443976411,0.7850444560487766,0.7668918918918919,0.7649045758573141
8,0.7944397641112048,0.8009734265897019,0.7533783783783784,0.7563430383130426
9,0.8416175231676495,0.8454136864194634,0.75,0.7525228610088083
10,0.8508845829823083,0.8543229789010126,0.7195945945945946,0.7249074467656308
11,0.8753159224936815,0.8783345420598447,0.7331081081081081,0.7404882194331586
12,0.8913226621735467,0.892546085560973,0.7162162162162162,0.7269562994871794
13,0.9199663016006739,0.9212041479001946,0.7162162162162162,0.727839446198335
14,0.9300758213984835,0.9313517921876461,0.7128378378378378,0.724708796970912
15,0.9401853411962932,0.9409054675907043,0.7398648648648649,0.7386395915721333
16,0.9502948609941028,0.9509338167804239,0.6925675675675675,0.710448860160656
