epoch,train_accuracy,train_f1_score,val_accuracy,val_f1_score
1,0.3835616438356164,0.30583262671071176,0.5063291139240507,0.48729976649781165
2,0.5816649104320337,0.576039050092765,0.6413502109704642,0.5873589704071124
3,0.6406743940990516,0.6014223887316695,0.7088607594936709,0.6828924582161887
4,0.6933614330874605,0.6662442720473388,0.70042194092827,0.6863741304227263
5,0.7355110642781876,0.7222496845164744,0.70042194092827,0.6998455092028018
6,0.761854583772392,0.757329901843047,0.7088607594936709,0.7149251662986577
7,0.779768177028451,0.7765095130344162,0.6919831223628692,0.7134599083958625
8,0.79768177028451,0.8003645217230994,0.729957805907173,0.7232621149465552
9,0.8050579557428873,0.8073315641791227,0.6877637130801688,0.7028525410207507
10,0.8566912539515279,0.8578890485956662,0.7172995780590717,0.7253468252443092
11,0.8756585879873551,0.8775158508145553,0.7172995780590717,0.7301783841516613
12,0.898840885142255,0.9001070841202258,0.7257383966244726,0.728132117200085
13,0.9009483667017913,0.9022728372160435,0.6877637130801688,0.7011827862162934
14,0.9135932560590094,0.9139494753917002,0.7088607594936709,0.7197384314653001
15,0.9483667017913593,0.9483955618212381,0.7130801687763713,0.7180598869636791
16,0.9536354056902002,0.9540774289457224,0.6962025316455697,0.706595655128207
17,0.964172813487882,0.9643662453006318,0.6877637130801688,0.6858403453354389
