epoch,train_accuracy,train_f1_score,val_accuracy,val_f1_score
1,0.4173693086003373,0.41335971476300365,0.6363636363636364,0.6312690719039926
2,0.6585160202360877,0.6297717686168711,0.6734006734006734,0.6489895884625793
3,0.7107925801011804,0.679192200856059,0.6868686868686869,0.675912325668293
4,0.7268128161888702,0.7136904093499019,0.67003367003367,0.6693979204676355
5,0.7377740303541316,0.7309269824800287,0.7138047138047138,0.7232971173505865
6,0.7664418212478921,0.7649824517891325,0.6734006734006734,0.6858923032934573
7,0.7883642495784149,0.7901558187734667,0.7272727272727273,0.7338671556668236
8,0.8018549747048904,0.8068382880347105,0.7003367003367004,0.7084222659814418
9,0.811973018549747,0.8160849876031541,0.7070707070707071,0.7192030536446707
10,0.8558178752107926,0.8581543593078507,0.6902356902356902,0.706604969573508
11,0.872681281618887,0.8748425572532831,0.7104377104377104,0.7250957938428136
12,0.8861720067453626,0.8874699870784623,0.6531986531986532,0.6756088218229187
13,0.9215851602023609,0.9230030633825006,0.6868686868686869,0.7012498010740912
14,0.9325463743676222,0.9335864737189408,0.7104377104377104,0.7259550958681835
15,0.9578414839797639,0.9581810356482897,0.6936026936026936,0.7063116762250992
16,0.9620573355817875,0.9622449137395196,0.67003367003367,0.6885800778317214
