epoch,train_accuracy,train_f1_score,val_accuracy,val_f1_score
1,0.4172813487881981,0.32227069497532784,0.6118143459915611,0.5894071897349072
2,0.5574288724973656,0.5125520765220557,0.6582278481012658,0.62826612992901
3,0.6680716543730242,0.6198905519090481,0.6033755274261603,0.5816497297571023
4,0.7038988408851422,0.6943186462750833,0.6666666666666666,0.6658345331944415
5,0.7323498419388831,0.7192715611783047,0.679324894514768,0.6829307894344997
6,0.7660695468914647,0.7655635008254235,0.7046413502109705,0.7056028690587071
7,0.7839831401475237,0.7845971483259616,0.70042194092827,0.7002517843984423
8,0.804004214963119,0.805675150506166,0.6751054852320675,0.6812817129656827
9,0.815595363540569,0.81958458510571,0.6877637130801688,0.6866148385135726
10,0.8208640674394099,0.8247774657340232,0.6708860759493671,0.6826202025581904
11,0.8672286617492097,0.8678400315082584,0.6666666666666666,0.6795379819868324
12,0.8767123287671232,0.8778042365582179,0.679324894514768,0.6870434338872945
13,0.9041095890410958,0.905355722788861,0.6877637130801688,0.6914087505995494
14,0.916754478398314,0.9178346721811722,0.6835443037974683,0.6800635818177313
15,0.9241306638566913,0.9244629020159878,0.679324894514768,0.6815483988740924
