epoch,train_accuracy,train_f1_score,val_accuracy,val_f1_score
1,0.4636459430979979,0.4188197840787014,0.6075949367088608,0.585448497249041
2,0.6217070600632244,0.5885941299396357,0.6666666666666666,0.6066607286287717
3,0.6817702845100105,0.6403818855639688,0.679324894514768,0.6448611252533502
4,0.7218124341412012,0.7075432912246142,0.7046413502109705,0.7038655153126198
5,0.7428872497365648,0.7334513816365082,0.6877637130801688,0.6702625365375969
6,0.7629083245521602,0.7612265085721996,0.7046413502109705,0.6959876919274299
7,0.7850368809272918,0.7870524376058369,0.70042194092827,0.7020755980518022
8,0.7924130663856691,0.7983323917445143,0.6708860759493671,0.6816139667572046
9,0.821917808219178,0.825414720128253,0.7088607594936709,0.7111852540374635
10,0.8314014752370916,0.8363219027587042,0.7046413502109705,0.7058761838209237
11,0.8587987355110642,0.8629926957150313,0.6962025316455697,0.7020723535830509
12,0.8925184404636459,0.894730667552177,0.7088607594936709,0.7147394670683042
13,0.9083245521601686,0.9101009605907004,0.6877637130801688,0.6962706932465672
14,0.928345626975764,0.9304055578780589,0.7088607594936709,0.6974167759232139
15,0.9378292939936775,0.9382943475467336,0.6666666666666666,0.680875612191656
16,0.9473129610115911,0.9484797827233802,0.7046413502109705,0.69855138687704
17,0.9536354056902002,0.9544724648215168,0.7046413502109705,0.7068342088428174
18,0.9757639620653319,0.9759961868419178,0.6919831223628692,0.6954776897659983
