epoch,train_accuracy,train_f1_score,val_accuracy,val_f1_score
1,0.54132539091586,0.5527061906820715,0.4226190476190476,0.5431663179105635
2,0.8391660461653015,0.8629317207776932,0.9375,0.9393430791288848
3,0.9218168279970216,0.9282073235145669,0.9553571428571429,0.9554965710980748
4,0.9374534623976173,0.9419539133778291,0.9583333333333334,0.9587916769862747
5,0.953090096798213,0.9555557772725363,0.9583333333333334,0.958757623039074
6,0.9657483246463142,0.9667160849481774,0.9672619047619048,0.9671331893108027
7,0.9776619508562919,0.9780142642324687,0.9613095238095238,0.9612044969103015
8,0.9798957557706627,0.9803165679957463,0.9642857142857143,0.9641182904737436
9,0.9836187639612807,0.9837886144047555,0.9672619047619048,0.9670289251821725
10,0.992553983618764,0.9926123682936673,0.9672619047619048,0.9670579701414617
11,0.992553983618764,0.9925865018721223,0.9702380952380952,0.9699723639455782
12,0.996276991809382,0.9962852901376008,0.9642857142857143,0.9637312976447832
13,0.9970215934475056,0.9970236446090466,0.9672619047619048,0.9665438061345533
14,0.9985107967237528,0.9985205026165049,0.9702380952380952,0.9699723639455782
15,0.9992553983618764,0.9992578460573079,0.9732142857142857,0.9729574683669435
16,0.9992553983618764,0.9992554998937841,0.9732142857142857,0.9729574683669435
17,1.0,1.0,0.9642857142857143,0.964058634063705
18,0.9992553983618764,0.9992554998937841,0.9702380952380952,0.9699723639455782
19,1.0,1.0,0.9702380952380952,0.9695285376561972
20,1.0,1.0,0.9702380952380952,0.9695285376561972
21,1.0,1.0,0.9732142857142857,0.9729574683669435
22,1.0,1.0,0.9732142857142857,0.9729574683669435
23,1.0,1.0,0.9702380952380952,0.9695285376561972
24,1.0,1.0,0.9702380952380952,0.9695285376561972
