epoch,train_accuracy,train_f1_score,val_accuracy,val_f1_score
1,0.6358897989575577,0.657225714512883,0.8869047619047619,0.8909763630920272
2,0.8950111690245719,0.9055972543814798,0.9255952380952381,0.9264333175130517
3,0.9300074460163812,0.936895756262862,0.9613095238095238,0.9611531225455275
4,0.9508562918838421,0.954771210424911,0.9523809523809523,0.9552296362641192
5,0.9627699180938198,0.9644477024249194,0.9523809523809523,0.9553074476543865
6,0.9821295606850335,0.9824381698295822,0.9702380952380952,0.9699250058934464
7,0.9895755770662695,0.9895959156384708,0.9672619047619048,0.9674908424908425
8,0.9947877885331348,0.9948118321331813,0.9553571428571429,0.956990765849487
9,0.9970215934475056,0.9970215934475056,0.9642857142857143,0.9658832454145708
10,0.9992553983618764,0.9992554821128278,0.9613095238095238,0.9618323160639173
11,0.9992553983618764,0.9992554821128278,0.9613095238095238,0.9616395215672748
12,0.9985107967237528,0.9985107967237528,0.9613095238095238,0.9621497653624012
13,1.0,1.0,0.9613095238095238,0.9621497653624012
14,1.0,1.0,0.9613095238095238,0.9621497653624012
15,1.0,1.0,0.9613095238095238,0.9615780207501516
