epoch,train_accuracy,train_f1_score,val_accuracy,val_f1_score
1,0.7046130952380952,0.7142812934033268,0.7432835820895523,0.80684973733568
2,0.8958333333333334,0.9109996501941386,0.9343283582089552,0.937774204510356
3,0.9375,0.9428710135649568,0.9164179104477612,0.9241871905418894
4,0.9620535714285714,0.9640821783005287,0.9134328358208955,0.9239431886403923
5,0.9590773809523809,0.9615214043761318,0.9462686567164179,0.9455621422850494
6,0.9828869047619048,0.9832175175049918,0.9462686567164179,0.9461172398875191
7,0.9910714285714286,0.9911278979546507,0.9462686567164179,0.9453024219749084
8,0.9858630952380952,0.9859783843195616,0.9074626865671642,0.9099307039802655
9,0.9895833333333334,0.9896133195266333,0.9492537313432836,0.94958842152872
10,0.9248511904761905,0.930134268269094,0.9074626865671642,0.9073342572853504
11,0.9799107142857143,0.9802210000558237,0.9492537313432836,0.9488031077489264
12,0.9925595238095238,0.9925610985134794,0.9552238805970149,0.9545447353658947
13,0.9947916666666666,0.9948553441068506,0.9522388059701492,0.9509625191009363
14,0.9970238095238095,0.9970229488253546,0.9492537313432836,0.9479455753499404
15,0.9992559523809523,0.9992558452923186,0.9492537313432836,0.9479455753499404
16,1.0,1.0,0.9522388059701492,0.9514876437484708
17,1.0,1.0,0.9552238805970149,0.9544953655162979
18,1.0,1.0,0.9522388059701492,0.9514876437484708
19,1.0,1.0,0.9522388059701492,0.9514876437484708
20,1.0,1.0,0.9522388059701492,0.9517472909425475
21,1.0,1.0,0.9522388059701492,0.9517472909425475
