epoch,train_accuracy,train_f1_score,val_accuracy,val_f1_score
1,0.5718540580789278,0.6180553051348957,0.8601190476190477,0.8773388362405676
2,0.8652271034996277,0.8843098262803653,0.9196428571428571,0.9207039657102735
3,0.9426656738644825,0.9453268315987288,0.9434523809523809,0.94690110994982
4,0.9486224869694714,0.9508213312387507,0.9315476190476191,0.9363160291438979
5,0.9575577066269546,0.9590220825253344,0.9285714285714286,0.9341568991353475
6,0.9731943410275503,0.9739566419912844,0.9375,0.923458318565484
7,0.9880863737900223,0.9881026204567793,0.9285714285714286,0.9235606912772267
8,0.992553983618764,0.9925619334185743,0.9285714285714286,0.9173025899484767
9,0.9955323901712584,0.9955335413675783,0.9404761904761905,0.9365190006631077
10,0.9985107967237528,0.99851117627755,0.9375,0.9363517157746383
11,1.0,1.0,0.9404761904761905,0.9392587669701958
12,1.0,1.0,0.9404761904761905,0.934829138899476
