epoch,train_accuracy,train_f1_score,val_accuracy,val_f1_score
1,0.2588532883642496,0.26848524491084996,0.5353535353535354,0.4781524432550302
2,0.5801011804384486,0.5757027030521431,0.6666666666666666,0.6274900341354356
3,0.7107925801011804,0.7171912921201161,0.5993265993265994,0.6259216605534564
4,0.7352445193929174,0.7432666090382731,0.6464646464646465,0.6521719931280933
5,0.8086003372681282,0.8134736109607671,0.6936026936026936,0.7068670662381171
6,0.8566610455311973,0.8604086580919399,0.7037037037037037,0.7067447001034338
7,0.8912310286677909,0.8931584910930132,0.6801346801346801,0.6920733268739648
8,0.9123102866779089,0.9138486734418613,0.7037037037037037,0.7177267548648382
9,0.9443507588532883,0.9454067151145212,0.734006734006734,0.7270673084714117
10,0.9637436762225969,0.9638507851668323,0.6936026936026936,0.7038765557073229
11,0.9831365935919055,0.9832518687140652,0.696969696969697,0.6977542982659863
12,0.9839797639123102,0.9840791189226642,0.696969696969697,0.7059405386840575
13,0.9688026981450253,0.9689047150772675,0.6801346801346801,0.6932877202320055
14,0.9839797639123102,0.9840947463755689,0.7171717171717171,0.7133615103406726
15,0.9957841483979764,0.995790015414838,0.7104377104377104,0.7171580128782645
16,0.9940978077571669,0.9941083655708821,0.6936026936026936,0.707862775868711
17,1.0,1.0,0.696969696969697,0.7031705377202251
18,1.0,1.0,0.696969696969697,0.7043194920135069
