epoch,train_accuracy,train_f1_score,val_accuracy,val_f1_score
1,0.2796967144060657,0.2720027035633634,0.3716216216216216,0.3473230197359561
2,0.4650379106992418,0.4864823770517809,0.7094594594594594,0.6601617607871978
3,0.6866048862679023,0.6923902725537273,0.7533783783783784,0.7596671788567225
4,0.7346251053074979,0.7448021390824889,0.7668918918918919,0.7593620046295692
5,0.7919123841617524,0.7962668059360113,0.6959459459459459,0.7105578166499885
6,0.8433024431339511,0.8472442529253553,0.7432432432432432,0.7360344712320679
7,0.9005897219882055,0.9026252543115336,0.7398648648648649,0.7365160732795932
8,0.8938500421229991,0.896952445088832,0.7466216216216216,0.7515511845457384
9,0.9469250210614996,0.9476866654777093,0.7702702702702703,0.7724230743211923
10,0.9806234203875316,0.9808467779271556,0.7567567567567568,0.7639294779906299
11,0.9856781802864364,0.9858064976765071,0.7364864864864865,0.7356806739597049
12,0.9882055602358888,0.9882535985851979,0.7533783783783784,0.7552151081562846
13,0.9941027801179444,0.9941209952712904,0.7364864864864865,0.7332285064822485
14,0.9966301600673968,0.9966340315229125,0.7635135135135135,0.7667819917819917
15,0.9924178601516428,0.9924534195456058,0.7702702702702703,0.7679360166169824
16,0.9983150800336984,0.9983205068108827,0.7297297297297297,0.73181786633832
17,1.0,1.0,0.75,0.74900928943809
18,0.9924178601516428,0.9924297937294146,0.7736486486486487,0.7719496868011068
19,0.9941027801179444,0.994123265502889,0.722972972972973,0.7185932309053721
20,1.0,1.0,0.7094594594594594,0.722144597144597
21,0.966301600673968,0.9671010727958902,0.7027027027027027,0.6787354653923611
22,0.9839932603201348,0.9841392593184667,0.7432432432432432,0.7450223641401458
23,0.9974726200505476,0.9974772446873819,0.7398648648648649,0.7433601361911183
24,1.0,1.0,0.7432432432432432,0.7435119653159177
25,1.0,1.0,0.7466216216216216,0.7475164967900254
26,0.9991575400168492,0.9991587538845207,0.7331081081081081,0.7285518662994627
27,0.9932603201347936,0.9932984537801198,0.7331081081081081,0.7368626880916018
