epoch,train_accuracy,train_f1_score,val_accuracy,val_f1_score
1,0.2706576728499157,0.29277114784127417,0.5824915824915825,0.5105009670970027
2,0.5699831365935919,0.5806708311933229,0.46464646464646464,0.4670016456972978
3,0.6745362563237775,0.6859732382322896,0.6868686868686869,0.6972289635108598
4,0.7327150084317032,0.7421552335096241,0.7171717171717171,0.7312530020509054
5,0.7917369308600337,0.7970571918970912,0.696969696969697,0.7090611141289396
6,0.8187183811129848,0.8247367091924449,0.7037037037037037,0.7123025458545688
7,0.8583473861720068,0.862584404902529,0.7239057239057239,0.7309075885107642
8,0.8903878583473862,0.8931363716086496,0.6734006734006734,0.6928826848043154
9,0.9198988195615514,0.9219484992391733,0.7070707070707071,0.7064385392852965
10,0.9325463743676222,0.9334305839855571,0.7138047138047138,0.7190855093537086
11,0.9671163575042159,0.9673734229589971,0.7104377104377104,0.7189446344581704
12,0.9814502529510961,0.9817638118125175,0.7104377104377104,0.7161482070274354
13,0.9890387858347386,0.9891595859771194,0.6835016835016835,0.6871865317221255
14,0.9907251264755481,0.9907754237008511,0.7070707070707071,0.7119323610301479
15,0.9957841483979764,0.9957899929125499,0.7003367003367004,0.709685643638172
16,0.9924114671163575,0.9924725573280537,0.6498316498316499,0.6710851592455354
