epoch,train_accuracy,train_f1_score,val_accuracy,val_f1_score
1,0.7703318152244633,0.7756712840947512,0.8595578673602081,0.8601626097118881
2,0.8923227065712427,0.8938389223207794,0.8569570871261378,0.8589165641627187
3,0.929733246584255,0.9304395042958193,0.8777633289986996,0.8787770219312422
4,0.9596616785946649,0.9599470159619305,0.871261378413524,0.869599267042155
5,0.9756018217306441,0.9756940740674311,0.881664499349805,0.8823553255387504
6,0.973975276512687,0.9740912285983903,0.8361508452535761,0.8400497570780919
7,0.9759271307742355,0.9760662788786925,0.8595578673602081,0.8603067308577328
8,0.988939492517892,0.9889707225496484,0.8582574772431729,0.8587940329523075
9,0.9856864020819779,0.9857307564740632,0.8842652795838751,0.8816142933729901
10,0.9931685100845804,0.9931849626519968,0.8764629388816645,0.8762530009354389
11,0.9934938191281718,0.993503110792844,0.8725617685305592,0.8721226212341479
12,0.9947950553025374,0.9948039548152838,0.8699609882964889,0.8690398769072639
13,0.9951203643461288,0.995128021163734,0.8725617685305592,0.8714990216245685
14,0.9954456733897202,0.9954508886905149,0.871261378413524,0.8704292650389286
15,0.9947950553025374,0.9948024886342753,0.8751625487646294,0.8742782818309734
16,0.9964216005204944,0.9964262051821107,0.8725617685305592,0.8724180540028976
17,0.9954456733897202,0.9954508886905149,0.8699609882964889,0.8696649795190604
18,0.9850357839947951,0.985098434383494,0.8335500650195059,0.8375108643332998
19,0.9583604424202993,0.9585792232064888,0.8543563068920677,0.8572523572253195
20,0.9869876382563435,0.9870243794701745,0.8790637191157347,0.8787180240844151
