epoch,train_accuracy,train_f1_score,val_accuracy,val_f1_score
1,0.7814634146341464,0.7844776028401226,0.8763020833333334,0.8757397282829641
2,0.8871544715447155,0.888510095775942,0.8802083333333334,0.8807595275271801
3,0.9427642276422764,0.9432137881029995,0.8723958333333334,0.8738022692622341
4,0.9671544715447155,0.9673466471636354,0.8854166666666666,0.8848350790574627
5,0.9733333333333334,0.9734784397654379,0.8723958333333334,0.8733071890981158
6,0.9795121951219512,0.9795573743932506,0.8723958333333334,0.8730933496153798
7,0.9863414634146341,0.9863930195683286,0.8723958333333334,0.8702606097921839
8,0.9869918699186991,0.9870298996146664,0.87890625,0.8787279992601785
9,0.9951219512195122,0.9951327081888692,0.8763020833333334,0.8758688941552952
10,0.9954471544715447,0.9954552138109408,0.8763020833333334,0.8763616015534614
11,0.9951219512195122,0.9951327081888692,0.875,0.8743655407899592
12,0.9970731707317073,0.9970770697607498,0.8776041666666666,0.8768514955330193
13,0.9964227642276423,0.9964275297075832,0.8763020833333334,0.8758688941552952
14,0.9951219512195122,0.9951312951734348,0.8736979166666666,0.8706596773346141
15,0.9583739837398374,0.9585775803149714,0.8763020833333334,0.8758688941552952
16,0.9834146341463414,0.9834748990287683,0.8763020833333334,0.8749128245662995
17,0.991869918699187,0.9918831260824744,0.8697916666666666,0.8692680152090769
18,0.9990243902439024,0.9990248264303998,0.875,0.8747534686389176
19,0.9986991869918699,0.9986995751531267,0.8854166666666666,0.8837855999457723
20,1.0,1.0,0.875,0.8743655407899592
21,1.0,1.0,0.875,0.8742313145869135
22,1.0,1.0,0.875,0.8742313145869135
23,1.0,1.0,0.8763020833333334,0.8754740669626929
