epoch,train_accuracy,train_f1_score,val_accuracy,val_f1_score
1,0.719583604424203,0.7219398647185532,0.8439531859557867,0.8386403267201602
2,0.8288874430709173,0.8284546138966306,0.8088426527958388,0.802516818185758
3,0.8545868575146389,0.8551478556610143,0.7776332899869961,0.7876753460578044
4,0.9095640858815875,0.9104902179098868,0.8413524057217165,0.8427614147006367
5,0.9433962264150944,0.9439113689780563,0.8400520156046815,0.8421170630660794
6,0.9703968770331816,0.9705186737700033,0.8569570871261378,0.8561569906890052
7,0.9677944046844502,0.9679595361744647,0.8374512353706112,0.8338393904504415
8,0.9599869876382563,0.9602319028272523,0.8452535760728218,0.8485268991328218
9,0.9769030579050098,0.9770156783314283,0.8556566970091027,0.8536447751741163
10,0.9746258945998699,0.9747270432767491,0.8595578673602081,0.8611331257730146
11,0.9817826935588809,0.9818364513302921,0.8374512353706112,0.8414813149137996
12,0.9795055302537411,0.9796054610546479,0.8504551365409623,0.8550065032020746
13,0.9827586206896551,0.9828117487860674,0.8608582574772432,0.86184228957663
14,0.9837345478204295,0.9837952068240879,0.8621586475942783,0.8633828685103895
15,0.9765777488614183,0.9766590497090163,0.8660598179453837,0.8626138591857464
16,0.9902407286922577,0.9902566222485363,0.8530559167750326,0.853349572313124
17,0.9964216005204944,0.9964230728112812,0.8192457737321196,0.8256073124455154
18,0.9934938191281718,0.9935044148323575,0.8673602080624188,0.8669957101700871
19,0.9908913467794405,0.9909061807653005,0.8595578673602081,0.859366587919744
20,0.9895901106050748,0.989607063731772,0.8621586475942783,0.8641652101036755
