epoch,train_accuracy,train_f1_score,val_accuracy,val_f1_score
1,0.7220822837951302,0.7255445757203651,0.7815126050420168,0.8016600090131962
2,0.7854743912678421,0.8006360443714376,0.7647058823529411,0.7957726723262769
3,0.8182199832073888,0.8300913756657626,0.8151260504201681,0.8289234258003384
4,0.8471872376154492,0.8555659590155129,0.826890756302521,0.8346572346572347
5,0.8816120906801007,0.885517056250299,0.8352941176470589,0.8427105033623195
6,0.892527287993283,0.8968096931551546,0.8302521008403362,0.8373485954057606
7,0.9164567590260285,0.9188820304017193,0.8352941176470589,0.8388315009798386
8,0.9395465994962217,0.9404080096326192,0.8252100840336134,0.8301348672863033
9,0.9500419815281276,0.9505063594436566,0.8016806722689076,0.805508531034719
10,0.9554995801847187,0.9560477081560628,0.8336134453781513,0.8345670744127832
11,0.9655751469353484,0.9658133868346862,0.826890756302521,0.8267086273826123
12,0.9689336691855583,0.9691107257929992,0.826890756302521,0.8212364089842562
13,0.9680940386230059,0.9684480764885564,0.8302521008403362,0.8302507351978363
14,0.979009235936188,0.9790810401374902,0.8252100840336134,0.8268382803503136
15,0.9827875734676742,0.9828140958385031,0.8352941176470589,0.8359945739686068
16,0.9853064651553316,0.9853366291997677,0.8235294117647058,0.82016761995317
17,0.9886649874055415,0.9886777087585438,0.8302521008403362,0.8321177091765327
18,0.9899244332493703,0.9899376039021908,0.826890756302521,0.8284664316108178
19,0.9903442485306465,0.9903532885705264,0.826890756302521,0.8289665630019507
20,0.9853064651553316,0.9853585822932202,0.8218487394957983,0.8203442184189094
21,0.9861460957178841,0.9862395719248356,0.8201680672268907,0.8173394820244784
22,0.982367758186398,0.9824095069728969,0.8285714285714286,0.827689758442226
23,0.9802686817800168,0.9804342053651295,0.8336134453781513,0.834713929280204
24,0.9907640638119227,0.9908054126593746,0.826890756302521,0.821386693501758
