epoch,train_accuracy,train_f1_score,val_accuracy,val_f1_score
1,0.5969773299748111,0.6490829757543662,0.7781512605042017,0.7755135357680296
2,0.7938706968933669,0.8081215557065021,0.8067226890756303,0.8100375583426425
3,0.8312342569269522,0.8433698362659032,0.7899159663865546,0.7986228949094126
4,0.8618807724601175,0.8696167102043671,0.8016806722689076,0.8117984414165847
5,0.8723761544920235,0.8792082399320237,0.8,0.8090633385663555
6,0.9009235936188077,0.904435783246153,0.8201680672268907,0.8188303497266265
7,0.927791771620487,0.930324308995825,0.8100840336134454,0.8093508249694863
8,0.9479429051217464,0.948981006364967,0.8117647058823529,0.8145747624745748
9,0.9571788413098237,0.9577728886126188,0.8100840336134454,0.8103171734724208
10,0.963056255247691,0.9634169683515719,0.8134453781512605,0.8138576076999535
11,0.966414777497901,0.9668028723993874,0.8100840336134454,0.8028767062677468
12,0.9722921914357683,0.9726384049535333,0.8084033613445378,0.8057279591936267
13,0.9811083123425692,0.9811623470448793,0.8134453781512605,0.8104030805525124
14,0.979009235936188,0.9791860486019554,0.8100840336134454,0.8104045889336523
15,0.984047019311503,0.98413549265541,0.7966386554621848,0.7969628803815606
