epoch,train_accuracy,train_f1_score,val_accuracy,val_f1_score
1,0.6270474590508189,0.6715420114006522,0.825503355704698,0.8200646268532359
2,0.7916841663166737,0.8065018273070301,0.7802013422818792,0.7931016448526531
3,0.8227635447291054,0.8359757665891553,0.7919463087248322,0.8091091317476712
4,0.8500629987400252,0.8602191998597241,0.7969798657718121,0.8108229018549395
5,0.8773624527509449,0.8841040510681495,0.790268456375839,0.804015440408882
6,0.9008819823603528,0.9050434357089537,0.8070469798657718,0.817445641327533
7,0.9244015119697606,0.9269576729392413,0.7919463087248322,0.8024737106633171
8,0.9286014279714405,0.9305614003126336,0.8104026845637584,0.816065398329017
9,0.9491810163796724,0.9505177718260048,0.8120805369127517,0.8165969961756616
10,0.9567408651826963,0.9574489820618797,0.8003355704697986,0.8136030042318646
