epoch,train_accuracy,train_f1_score,val_accuracy,val_f1_score
1,0.426367461430575,0.39659757967876097,0.5750350631136045,0.5599723075312276
2,0.5631136044880786,0.545162558346587,0.5806451612903226,0.5733416451399375
3,0.5953716690042076,0.5876911059520195,0.576437587657784,0.5769722030465287
4,0.6251753155680224,0.624162706678448,0.6016830294530154,0.6018620099598129
5,0.6507713884992987,0.6485043830077059,0.603085553997195,0.6068680329391283
6,0.6798737727910238,0.6791142832604077,0.605890603085554,0.6081032084755332
7,0.7194950911640954,0.7190901712690703,0.5834502103786816,0.5863937645301776
8,0.7545582047685835,0.7547361990342518,0.5806451612903226,0.5864993254741401
9,0.7843618513323983,0.7842172703978495,0.5848527349228612,0.581207498405024
10,0.811711079943899,0.8121189306917868,0.5946704067321178,0.5987473960476464
11,0.8541374474053296,0.8543240341237462,0.5666199158485273,0.5700512975976169
12,0.8671107994389902,0.8671452289328889,0.576437587657784,0.5849047779637577
13,0.9035764375876578,0.9039126184029117,0.5638148667601683,0.5677333204027643
14,0.914796633941094,0.9150133343724937,0.5666199158485273,0.5709526361681952
15,0.9309256661991585,0.9311334299268448,0.5568022440392707,0.5625968698326469
16,0.9474053295932678,0.9474495003382785,0.5792426367461431,0.5823344193143771
17,0.9607293127629734,0.9607446632564386,0.5652173913043478,0.569739526111167
18,0.9628330995792427,0.9628472668059574,0.5455820476858345,0.553313834752419
19,0.9730014025245441,0.9730606312135037,0.5568022440392707,0.5630146315030256
20,0.9740532959326789,0.9740608403447341,0.5666199158485273,0.5702494225186703
21,0.9807152875175316,0.9807422509129573,0.5455820476858345,0.5489977574106579
22,0.9680925666199158,0.9681274209871923,0.5610098176718092,0.5665220639610018
23,0.9828190743338009,0.982824474288114,0.5680224403927069,0.5713306534477094
24,0.9870266479663394,0.9870301845309221,0.5610098176718092,0.5684320870897144
25,0.985273492286115,0.9852934830132182,0.5666199158485273,0.5703459321295337
