epoch,train_accuracy,train_f1_score,val_accuracy,val_f1_score
1,0.40357643758765777,0.40085195004625984,0.48246844319775595,0.44616193882814703
2,0.5634642356241234,0.5534455727965173,0.5385694249649369,0.5223747115308287
3,0.594319775596073,0.5878753843227097,0.514726507713885,0.5087452464969752
4,0.6370967741935484,0.634723638171797,0.5427769985974754,0.5430998545140023
5,0.667601683029453,0.6670721595300352,0.5427769985974754,0.5380308840936079
6,0.6931977559607293,0.6937978926172151,0.5315568022440392,0.5342314639936282
7,0.7191444600280504,0.7191430903609547,0.5259467040673211,0.5289499611519053
8,0.7556100981767181,0.7568443729773646,0.5301542776998598,0.5273961451212347
9,0.7875175315568023,0.7880747192692764,0.5455820476858345,0.5403940804916062
10,0.8222300140252454,0.8228760074521811,0.5343618513323983,0.535308277811431
11,0.8572931276297335,0.8578708157913377,0.541374474053296,0.5404734515470122
12,0.8807854137447405,0.8812263847624453,0.5329593267882188,0.5375655723642587
13,0.908835904628331,0.9092133657911656,0.5189340813464236,0.5238212568488305
14,0.9326788218793829,0.9328242790269753,0.5161290322580645,0.5236074281049076
15,0.9403927068723703,0.9404478286273112,0.5077138849929874,0.5145580601400316
16,0.9361851332398317,0.9363807136287993,0.5161290322580645,0.5226486068318013
17,0.9614305750350631,0.9614548791599296,0.5231416549789621,0.5276765435227287
18,0.9726507713884993,0.9727629091674312,0.5259467040673211,0.5316032523931004
