epoch,train_accuracy,train_f1_score,val_accuracy,val_f1_score
1,0.41935483870967744,0.3742290353019665,0.4726507713884993,0.4342166267270288
2,0.5606591865357644,0.5370682452256004,0.5511921458625526,0.5448133994781728
3,0.5950210378681627,0.5896066963246702,0.5792426367461431,0.5669013769135514
4,0.6220196353436185,0.6175016771460573,0.5722300140252454,0.5681993480580704
5,0.6626928471248247,0.6612395619585865,0.5778401122019635,0.5689022029094348
6,0.688288920056101,0.6876616630884764,0.5946704067321178,0.5899760662607584
7,0.708976157082749,0.7082955661431934,0.5638148667601683,0.5687171806644074
8,0.7552594670406733,0.756165244768134,0.5750350631136045,0.5746014658317529
9,0.7948807854137447,0.7942883872655888,0.5329593267882188,0.5380977224175862
10,0.8250350631136045,0.8257680718524039,0.5539971949509116,0.5530606855893051
11,0.8583450210378681,0.8583812034463695,0.544179523141655,0.5367448849223487
12,0.8653576437587658,0.8658131476868718,0.5553997194950911,0.5608289548135311
13,0.906030855539972,0.9063807085052575,0.5553997194950911,0.5522851132748839
14,0.9274193548387096,0.9273741663183899,0.5610098176718092,0.566947498890783
15,0.9389901823281908,0.9391534774447177,0.5371669004207573,0.5370225657487493
