epoch,train_accuracy,train_f1_score,val_accuracy,val_f1_score
1,0.422933730454207,0.4765685079193929,0.7440476190476191,0.7226379916259758
2,0.5011169024571854,0.5826731679817372,0.7946428571428571,0.7926640940720808
3,0.6693968726731199,0.7108787987089126,0.7291666666666666,0.7682135491061581
4,0.7215189873417721,0.7543887908697224,0.6964285714285714,0.7352623405245724
5,0.723752792256143,0.7505886744444731,0.7351190476190477,0.7922870379696666
6,0.7043931496649293,0.7508841936761437,0.8184523809523809,0.8330408295031649
7,0.7661950856291884,0.7914531706559479,0.8125,0.8266996701765582
8,0.7542814594192108,0.7895191352540378,0.8571428571428571,0.8625803623699837
9,0.7498138495904692,0.784103683045134,0.7916666666666666,0.8086978835824425
10,0.742367833209233,0.7805709669110626,0.8511904761904762,0.8503203781512605
11,0.7721518987341772,0.8003946479938834,0.7976190476190477,0.8206429585892027
12,0.7557706626954579,0.7924428448167574,0.875,0.8694125206422137
13,0.7565152643335815,0.7910972374190355,0.8095238095238095,0.8311237880979163
14,0.774385703648548,0.8021734530965414,0.8363095238095238,0.848406207225339
15,0.7468354430379747,0.7875349431313351,0.8779761904761905,0.8818747677443329
16,0.7453462397617274,0.784060271254399,0.8720238095238095,0.8685606075451447
17,0.7892777364110201,0.8149671515438335,0.8244047619047619,0.8450911829806257
18,0.7527922561429635,0.7860360207834032,0.8392857142857143,0.8503965501520747
19,0.7602382725241995,0.7927278738324779,0.8660714285714286,0.8692312455132807
20,0.774385703648548,0.8091826294999551,0.8988095238095238,0.8950465396117571
21,0.7758749069247952,0.8075004142394543,0.8005952380952381,0.8342186991902691
22,0.766939687267312,0.7976946019421988,0.8452380952380952,0.8648291083467537
23,0.7877885331347729,0.8124995359019719,0.8898809523809523,0.8916906755091687
24,0.806403574087863,0.8290169944441911,0.8690476190476191,0.8762165110675963
25,0.8071481757259866,0.830847508433797,0.8630952380952381,0.8681861438894729
26,0.7758749069247952,0.8037032031502527,0.8333333333333334,0.8552611889248029
27,0.7795979151154132,0.8126234347506512,0.8482142857142857,0.8617701745284736
28,0.7997021593447505,0.8309722504766635,0.8601190476190477,0.8689238178836273
29,0.7937453462397617,0.8246561846958455,0.8333333333333334,0.845063734955794
