epoch,train_accuracy,train_f1_score,val_accuracy,val_f1_score
1,0.383469843633656,0.4291394081631964,0.39880952380952384,0.26666360409883727
2,0.5212211466865228,0.5627521641581504,0.5892857142857143,0.588927079419111
3,0.6105733432613552,0.6572309389237899,0.7410714285714286,0.7334456636535893
4,0.6530156366344005,0.6938077246326312,0.7113095238095238,0.7476991616246003
5,0.7192851824274014,0.7634667032688816,0.7946428571428571,0.766907596371882
6,0.7066269545793,0.7574256698884264,0.8244047619047619,0.8181195368880609
7,0.7006701414743113,0.7451419436461008,0.8154761904761905,0.7936248359185202
8,0.7862993298585257,0.8123967093125084,0.8214285714285714,0.8107303779832653
9,0.7468354430379747,0.7837884264406708,0.8303571428571429,0.8171417690695181
10,0.7118391660461653,0.7545804662839274,0.7738095238095238,0.7588392857142858
11,0.7542814594192108,0.7865133729650207,0.8422619047619048,0.8422619047619048
12,0.7870439314966493,0.8125828814471834,0.8392857142857143,0.8389884902249056
13,0.7870439314966493,0.811858426916383,0.8214285714285714,0.8313347917514584
14,0.7557706626954579,0.7941393584698815,0.8660714285714286,0.8520307844142042
15,0.7699180938198064,0.7977496812218692,0.8273809523809523,0.8313462745572952
16,0.7148175725986597,0.7555643642920021,0.7142857142857143,0.710829826493851
17,0.7520476545048399,0.7812045915022068,0.8125,0.8217197148112999
18,0.7289650037230082,0.7834898720641721,0.8244047619047619,0.8236482092837134
19,0.7661950856291884,0.7919460269823784,0.8035714285714286,0.7931283324140468
20,0.77066269545793,0.806609530475232,0.8244047619047619,0.8099531579413158
21,0.7781087118391661,0.8085028017951279,0.8630952380952381,0.8501649400877102
22,0.7944899478778853,0.8232538576760984,0.8392857142857143,0.8403299986151487
23,0.7617274758004468,0.8034875763431881,0.8244047619047619,0.8330024356456074
