epoch,train_accuracy,train_f1_score,val_accuracy,val_f1_score
1,0.4025297619047619,0.44701413158510017,0.5194029850746269,0.5893428950189786
2,0.609375,0.6499338203238949,0.5850746268656717,0.6300007156065738
3,0.6272321428571429,0.6933023145263519,0.6537313432835821,0.7087573809089353
4,0.6837797619047619,0.7336343319379034,0.7910447761194029,0.7909920786275402
5,0.7373511904761905,0.7715532410545856,0.7791044776119403,0.7922102772849041
6,0.7105654761904762,0.7534940567389139,0.8597014925373134,0.8608033399519003
7,0.7142857142857143,0.7598221306545118,0.7761194029850746,0.7856643387577926
8,0.7715773809523809,0.8024596532864017,0.808955223880597,0.8261637325843119
9,0.7380952380952381,0.7741933508566591,0.7671641791044777,0.7966264264895027
10,0.7090773809523809,0.7529739698800688,0.7731343283582089,0.7838935265072454
11,0.7433035714285714,0.7836360076591122,0.808955223880597,0.8072580490646297
12,0.765625,0.7963887450811347,0.7582089552238805,0.8037021969420538
13,0.765625,0.7963750372259387,0.8149253731343283,0.8316725405829527
14,0.7738095238095238,0.8088908278425522,0.8208955223880597,0.8266042767800118
15,0.7864583333333334,0.8161025202935022,0.8238805970149253,0.8161144618755808
