epoch,train_accuracy,train_f1_score,val_accuracy,val_f1_score
1,0.08146067415730338,0.014322755895789603,0.1348314606741573,0.032359550561797755
2,0.07584269662921349,0.014841793941679901,0.1348314606741573,0.032359550561797755
3,0.06179775280898876,0.010895471569628874,0.1348314606741573,0.032359550561797755
4,0.08707865168539326,0.019777314555900146,0.1348314606741573,0.032359550561797755
5,0.07865168539325842,0.018737097562128685,0.1348314606741573,0.032359550561797755
6,0.08146067415730338,0.01577379605066592,0.1348314606741573,0.032359550561797755
7,0.07303370786516854,0.014204563237457356,0.1348314606741573,0.032359550561797755
8,0.0702247191011236,0.013688241342612904,0.1348314606741573,0.032359550561797755
9,0.07584269662921349,0.015577119509703781,0.1348314606741573,0.032359550561797755
10,0.06460674157303371,0.0165728593448134,0.1348314606741573,0.032359550561797755
