epoch,train_accuracy,train_f1_score,val_accuracy,val_f1_score
1,0.8513931888544891,0.8533948041919445,0.8836633663366337,0.8891949560874607
2,0.923219814241486,0.9247075512596764,0.9356435643564357,0.9373282371113598
3,0.9535603715170279,0.9542285967478381,0.9628712871287128,0.9631464872045069
4,0.9591331269349845,0.9596068864410459,0.943069306930693,0.9443681798707518
5,0.9715170278637771,0.9718290960927238,0.9529702970297029,0.9537000664075443
6,0.98328173374613,0.9833821207394113,0.9603960396039604,0.960854216349951
7,0.9869969040247678,0.9870838074934661,0.9727722772277227,0.9728953804363749
8,0.9919504643962849,0.9919877336321177,0.9653465346534653,0.9652376872302615
9,0.9944272445820433,0.9944413114723818,0.9702970297029703,0.9702037319116527
10,0.9919504643962849,0.9919764807297372,0.9752475247524752,0.9753227507124524
11,0.9944272445820433,0.9944413114723818,0.9455445544554455,0.9465935677471856
12,0.9969040247678018,0.9969096300092102,0.9678217821782178,0.9680602889105727
13,0.9975232198142415,0.9975268145955359,0.9628712871287128,0.9632502549419835
14,0.9975232198142415,0.9975268145955359,0.9628712871287128,0.9632502549419835
15,0.9981424148606811,0.998144441110769,0.9603960396039604,0.960516401139924
16,0.9981424148606811,0.998144441110769,0.9678217821782178,0.9675627737509828
17,0.9975232198142415,0.9975268145955359,0.9603960396039604,0.9606328234069514
18,0.9981424148606811,0.998144441110769,0.9529702970297029,0.9537000664075443
19,0.9987616099071207,0.9987625123265725,0.9628712871287128,0.9626949058213352
