epoch,train_accuracy,train_f1_score,val_accuracy,val_f1_score
1,0.8595297029702971,0.8646057955529615,0.9230769230769231,0.9233757546801026
2,0.9362623762376238,0.9374124103302903,0.9181141439205955,0.9192042392204358
3,0.9467821782178217,0.9477904409362568,0.9429280397022333,0.9428516154783898
4,0.9628712871287128,0.9632440393607936,0.913151364764268,0.9151764740801841
5,0.9709158415841584,0.9712564295062087,0.9255583126550868,0.9266302203438874
6,0.9851485148514851,0.9852463671477302,0.9454094292803971,0.9454094292803971
7,0.9888613861386139,0.9889189400598846,0.9404466501240695,0.9408978118655538
8,0.9938118811881188,0.9938349093803812,0.9429280397022333,0.9428516154783898
9,0.9931930693069307,0.9932109111094888,0.9404466501240695,0.9407525381100357
10,0.9956683168316832,0.9956796707060385,0.9280397022332506,0.9288369309553668
11,0.9938118811881188,0.9938258126003854,0.9230769230769231,0.9245801817230388
12,0.9913366336633663,0.9913688731325337,0.9478908188585607,0.9473773246653118
13,0.9969059405940595,0.9969094450643478,0.9379652605459057,0.9383602116618304
14,0.9987623762376238,0.9987633126922115,0.9454094292803971,0.9455520042914853
15,0.9987623762376238,0.9987633126922115,0.9404466501240695,0.9407525381100357
16,0.9987623762376238,0.9987633126922115,0.9503722084367245,0.9502381815965246
17,0.9987623762376238,0.9987633126922115,0.9454094292803971,0.9454094292803971
18,0.9993811881188119,0.9993814227157151,0.9429280397022333,0.9430031951977705
19,0.9993811881188119,0.9993814227157151,0.9528535980148883,0.9526610091553738
20,0.9993811881188119,0.9993814227157151,0.9503722084367245,0.9502381815965246
21,0.9993811881188119,0.9993814227157151,0.9478908188585607,0.9478210402193993
22,0.9993811881188119,0.9993814227157151,0.9478908188585607,0.9478210402193993
23,0.9993811881188119,0.9993814227157151,0.9503722084367245,0.9502381815965246
24,0.9993811881188119,0.9993814227157151,0.9354838709677419,0.9359726295210165
25,0.9993811881188119,0.9993814227157151,0.9528535980148883,0.9526610091553738
26,0.9993811881188119,0.9993814227157151,0.9478908188585607,0.9475300879627976
27,1.0,1.0,0.9404466501240695,0.9406021864998021
28,1.0,1.0,0.9404466501240695,0.9406021864998021
