epoch,train_accuracy,train_f1_score,val_accuracy,val_f1_score
1,0.8012383900928792,0.8043514243309265,0.8861386138613861,0.8910794984945567
2,0.9145510835913313,0.9167205817901937,0.943069306930693,0.943484366916656
3,0.9455108359133126,0.946247825916007,0.9356435643564357,0.936862858806636
4,0.9603715170278638,0.9608075079578577,0.9381188118811881,0.9396448681758496
5,0.9566563467492261,0.9572693414463216,0.9554455445544554,0.9555787354436379
6,0.9770897832817338,0.9772279219463914,0.9504950495049505,0.9511876286789274
7,0.98328173374613,0.9833477752079712,0.943069306930693,0.9442153712895686
8,0.9820433436532507,0.9821880170832668,0.9554455445544554,0.9547103225174003
9,0.9869969040247678,0.9870482696062,0.9603960396039604,0.9603960396039604
10,0.9925696594427245,0.9925963981377985,0.9603960396039604,0.9600166448280475
11,0.9962848297213622,0.9962902442380728,0.9579207920792079,0.9577241618371484
12,0.993188854489164,0.9932109596025532,0.9628712871287128,0.9630364071741896
13,0.9969040247678018,0.9969074158437079,0.9628712871287128,0.9626977898563075
14,0.9981424148606811,0.9981444495062246,0.9603960396039604,0.9605144315054558
15,0.9987616099071207,0.9987625160650982,0.9603960396039604,0.9601472454937803
16,0.9987616099071207,0.9987625160650982,0.9579207920792079,0.9577241618371484
17,0.9987616099071207,0.9987625160650982,0.9603960396039604,0.9601472454937803
18,0.9987616099071207,0.9987625160650982,0.9603960396039604,0.960273676674882
19,0.9987616099071207,0.9987625160650982,0.9579207920792079,0.9578563205340517
20,0.9987616099071207,0.9987625160650982,0.9603960396039604,0.9601472454937803
21,0.9993808049535604,0.9993810319617287,0.9554455445544554,0.9553078862592422
