epoch,train_accuracy,train_f1_score,val_accuracy,val_f1_score
1,0.8157503714710252,0.819305936551479,0.8158415841584158,0.8268449336359823
2,0.9217434373452204,0.9235650300438577,0.902970297029703,0.9066371689452929
3,0.9474987617632491,0.9483143716920067,0.9247524752475248,0.9269512477563546
4,0.9623576027736503,0.9627731662786978,0.9287128712871288,0.9305467038381176
5,0.9697870232788509,0.9701127699081881,0.9504950495049505,0.9509107911713639
6,0.9836552748885586,0.9837619976054262,0.9386138613861386,0.9397857068423141
7,0.9861317483902923,0.9862108821259188,0.9346534653465347,0.9362752101904919
8,0.986627043090639,0.986714361677167,0.9584158415841584,0.9582559694573018
9,0.9940564635958395,0.994073703851299,0.9524752475247524,0.9529283740620109
10,0.9960376423972264,0.996046867667963,0.9603960396039604,0.9598645127670661
11,0.9975235264982665,0.9975271480408537,0.9544554455445544,0.9548379278776549
12,0.9965329370975731,0.9965400118859258,0.9584158415841584,0.9581458496453463
13,0.9975235264982665,0.9975257066200784,0.9564356435643564,0.9566488820463817
14,0.9960376423972264,0.9960422856417992,0.9524752475247524,0.9528196089072889
15,0.9975235264982665,0.9975271480408537,0.9485148514851485,0.9490057385671785
16,0.9990094105993066,0.9990099929268597,0.9544554455445544,0.9546237504322148
17,0.9985141158989599,0.9985154239720471,0.9524752475247524,0.9527078713233254
18,0.9990094105993066,0.9990099929268597,0.9544554455445544,0.9543978443004163
19,0.9990094105993066,0.9990099929268597,0.9564356435643564,0.9565436786157286
