epoch,train_accuracy,train_f1_score,val_accuracy,val_f1_score
1,0.8320950965824666,0.8385262634811408,0.9168316831683169,0.9184805133698407
2,0.9380881624566617,0.9391286005739804,0.9425742574257425,0.9427389391142161
3,0.9593858345715701,0.9599295489656124,0.9405940594059405,0.9411353223234411
4,0.9717682020802377,0.9720452272268171,0.9128712871287129,0.9151480538820489
5,0.9757305596830114,0.9759687041072638,0.9485148514851485,0.9483084256436134
6,0.9846458642892522,0.9847346378715819,0.9386138613861386,0.9381743599994115
7,0.9905894006934126,0.9906269987202967,0.9405940594059405,0.9411353223234411
8,0.9940564635958395,0.9940711976300208,0.9386138613861386,0.9390135386053429
9,0.9945517582961863,0.9945702376367802,0.9485148514851485,0.9480907401084936
10,0.9891035165923725,0.9891568330238989,0.9524752475247524,0.9520837601001481
11,0.9925705794947994,0.9925867214504714,0.9445544554455445,0.9451523474928137
12,0.9955423476968797,0.9955520328702828,0.9504950495049505,0.950245263719826
13,0.9975235264982665,0.9975273825214764,0.9386138613861386,0.9389032821245349
14,0.9985141158989599,0.9985155086544305,0.9425742574257425,0.9430484127362422
15,0.9980188211986132,0.9980212931275686,0.9425742574257425,0.9427389391142161
16,0.9990094105993066,0.9990100306236029,0.9445544554455445,0.9449642023025832
17,0.9975235264982665,0.9975258477573842,0.9504950495049505,0.9508173698430186
18,0.9975235264982665,0.9975273825214764,0.9524752475247524,0.9525667270952447
19,0.9990094105993066,0.9990100306236029,0.9445544554455445,0.9448660111277268
