epoch,train_accuracy,train_f1_score,val_accuracy,val_f1_score
1,0.7623762376237624,0.7743812198844067,0.873015873015873,0.8798757598277407
2,0.9282178217821783,0.9295737465739148,0.9325396825396826,0.9336104812295287
3,0.9519801980198019,0.9525992381974447,0.9365079365079365,0.9375157470395564
4,0.9663366336633663,0.966593451483548,0.9404761904761905,0.9417030775075987
5,0.9747524752475247,0.9749253115922655,0.9464285714285714,0.9474706217148213
6,0.9806930693069307,0.9808048316967631,0.9464285714285714,0.945340444751005
7,0.9861386138613861,0.9861775271355476,0.9484126984126984,0.9482629415402526
8,0.9905940594059406,0.9906126353537402,0.9503968253968254,0.9500295562886738
9,0.996039603960396,0.9960440956310442,0.9523809523809523,0.9526466152506837
10,0.9975247524752475,0.9975254577941909,0.9503968253968254,0.9511233546032263
11,0.9975247524752475,0.9975268614359917,0.9543650793650794,0.9541650346457518
12,0.9985148514851485,0.9985152746765146,0.9603174603174603,0.9603174603174603
13,0.9995049504950495,0.9995050915588382,0.9523809523809523,0.9527741959084383
14,0.998019801980198,0.998022047815522,0.9484126984126984,0.9481091637498066
15,0.9945544554455445,0.994562162726607,0.9563492063492064,0.9563492063492064
16,0.999009900990099,0.9990104643117373,0.9543650793650794,0.9542992804197107
17,0.9995049504950495,0.9995050915588382,0.9523809523809523,0.9522427152679254
18,0.9995049504950495,0.9995050915588382,0.9523809523809523,0.9526466152506837
19,0.9995049504950495,0.9995050915588382,0.9603174603174603,0.9604296328720728
20,0.9995049504950495,0.9995050915588382,0.9603174603174603,0.9604296328720728
21,1.0,1.0,0.9603174603174603,0.9604296328720728
