epoch,train_accuracy,train_f1_score,val_accuracy,val_f1_score
1,0.8222222222222222,0.8239423498127478,0.9268774703557312,0.9276563460826841
2,0.9466666666666667,0.9469316134111789,0.9565217391304348,0.9564321304817549
3,0.965925925925926,0.9660491863850665,0.9683794466403162,0.9683474526488927
4,0.9718518518518519,0.9719321024318511,0.9565217391304348,0.9567523213005973
5,0.9812345679012345,0.9812707842560673,0.9387351778656127,0.9393570212461437
6,0.9753086419753086,0.9753822275924642,0.9624505928853755,0.9625395135236123
7,0.985679012345679,0.9857008702956688,0.9486166007905138,0.9489652753532924
8,0.988641975308642,0.9886531027208411,0.9703557312252964,0.9703703158991329
9,0.9975308641975309,0.9975305126555112,0.9545454545454546,0.9548039608140922
10,0.994567901234568,0.9945702016782905,0.950592885375494,0.9510100372479101
11,0.9955555555555555,0.9955574377367833,0.9466403162055336,0.9470908402277428
12,0.9866666666666667,0.986683389210484,0.9644268774703557,0.9644949207090967
13,0.9990123456790123,0.9990123456790123,0.9545454545454546,0.9548039608140922
14,1.0,1.0,0.9703557312252964,0.9703986661010732
15,1.0,1.0,0.9703557312252964,0.9702786645853165
16,1.0,1.0,0.9664031620553359,0.96648272262639
17,1.0,1.0,0.9624505928853755,0.9626045097871153
