epoch,train_accuracy,train_f1_score,val_accuracy,val_f1_score
1,0.8854166666666666,0.8854054186406611,0.835820895522388,0.8562001277957235
2,0.9360119047619048,0.9411941817009607,0.9194029850746268,0.9191057698520384
3,0.9568452380952381,0.9586676953567103,0.9253731343283582,0.9312989985442938
4,0.9791666666666666,0.9794315253494157,0.9373134328358209,0.9379074235026057
5,0.9925595238095238,0.9925763304771253,0.9522388059701492,0.9515843307772673
6,0.9985119047619048,0.9985114744126774,0.9492537313432836,0.9488031077489266
7,1.0,1.0,0.9522388059701492,0.9514008123105829
8,1.0,1.0,0.9552238805970149,0.9543892565608337
9,1.0,1.0,0.9552238805970149,0.9543892565608337
10,1.0,1.0,0.9552238805970149,0.9543892565608337
11,1.0,1.0,0.9552238805970149,0.9543892565608337
12,1.0,1.0,0.9552238805970149,0.9543892565608337
13,1.0,1.0,0.9552238805970149,0.9543892565608337
14,1.0,1.0,0.9552238805970149,0.9543892565608337
15,1.0,1.0,0.9552238805970149,0.9543892565608337
16,1.0,1.0,0.9582089552238806,0.9573312540396381
17,1.0,1.0,0.9582089552238806,0.9573312540396381
18,1.0,1.0,0.9582089552238806,0.9573312540396381
19,1.0,1.0,0.9582089552238806,0.9573312540396381
20,1.0,1.0,0.9582089552238806,0.9573312540396381
