epoch,train_accuracy,train_f1_score,val_accuracy,val_f1_score
1,0.8637379002233805,0.8656356146818323,0.8422619047619048,0.846612002462103
2,0.9367088607594937,0.9402684389098727,0.9404761904761905,0.9429628743135117
3,0.9590469099032017,0.9599379416626858,0.8779761904761905,0.8983883596149919
4,0.9813849590469099,0.9820284236442274,0.9613095238095238,0.9628491058870805
5,0.9977661950856291,0.9977777996247671,0.9613095238095238,0.9624372276821413
6,1.0,1.0,0.9642857142857143,0.9650296107063024
7,1.0,1.0,0.9642857142857143,0.9647073412698413
8,1.0,1.0,0.9642857142857143,0.9647073412698413
9,1.0,1.0,0.9642857142857143,0.9647073412698413
10,1.0,1.0,0.9642857142857143,0.9647073412698413
11,1.0,1.0,0.9642857142857143,0.9647073412698413
12,1.0,1.0,0.9642857142857143,0.9647073412698413
13,1.0,1.0,0.9702380952380952,0.9702380952380952
14,1.0,1.0,0.9702380952380952,0.9702380952380952
15,1.0,1.0,0.9702380952380952,0.9702380952380952
16,1.0,1.0,0.9702380952380952,0.9702380952380952
17,1.0,1.0,0.9702380952380952,0.9702380952380952
18,1.0,1.0,0.9702380952380952,0.9702380952380952
19,1.0,1.0,0.9702380952380952,0.9702380952380952
20,1.0,1.0,0.9702380952380952,0.9702380952380952
