epoch,train_accuracy,train_f1_score,val_accuracy,val_f1_score
1,0.5199328577423415,0.54328972626051,0.5563025210084034,0.5678604870569385
2,0.6689047419219472,0.7007115607637171,0.704201680672269,0.7224729436706453
3,0.6966009232060428,0.7219629953482912,0.7428571428571429,0.7589194691243851
4,0.7217792698279479,0.737683667700583,0.7579831932773109,0.7687366539579994
5,0.7305916911456147,0.7489877476987838,0.7210084033613445,0.7441141514714427
6,0.7167436005035669,0.7392529210492069,0.7512605042016807,0.763915122574794
7,0.7356273604699958,0.7535149662821776,0.7495798319327731,0.7654179821066596
8,0.7423415862358371,0.7602895980566874,0.7529411764705882,0.7667472537113279
9,0.7427612253462023,0.7621448941065658,0.7394957983193278,0.7576043148350113
10,0.741082668904742,0.758476589112507,0.7294117647058823,0.7524824234401276
11,0.7322702475870752,0.7544452648939067,0.7445378151260504,0.7619909103874568
12,0.7440201426772975,0.7622967601448573,0.7226890756302521,0.747795552009308
13,0.7549307595467898,0.7717569812340327,0.7226890756302521,0.7485324288445537
