epoch,train_accuracy,train_f1_score,val_accuracy,val_f1_score
1,0.8190618019359642,0.8196565393277792,0.9226190476190477,0.922905643738977
2,0.9292628443782577,0.9292917546155574,0.9285714285714286,0.9282803403493057
3,0.9560685033507074,0.9560745418749388,0.9226190476190477,0.9226190476190477
4,0.9501116902457185,0.9501185475528966,0.9196428571428571,0.9186673058485139
5,0.9865971705137752,0.9866008386785537,0.9255952380952381,0.9252117874566854
6,0.9769173492181683,0.9769267830850766,0.9136904761904762,0.9140851679120301
7,0.992553983618764,0.9925519093530518,0.9017857142857143,0.9029707434260243
8,0.9880863737900223,0.9880896343809368,0.9255952380952381,0.9255220613977125
9,0.992553983618764,0.992553983618764,0.9255952380952381,0.9253704678758693
10,0.9992553983618764,0.9992552951041002,0.9226190476190477,0.9226190476190477
11,1.0,1.0,0.9226190476190477,0.9226190476190477
12,1.0,1.0,0.9226190476190477,0.9226190476190477
13,1.0,1.0,0.9226190476190477,0.9226190476190477
14,1.0,1.0,0.9226190476190477,0.9226190476190477
15,1.0,1.0,0.9226190476190477,0.9226190476190477
16,1.0,1.0,0.9226190476190477,0.9226190476190477
17,1.0,1.0,0.9226190476190477,0.9226190476190477
18,1.0,1.0,0.9226190476190477,0.9226190476190477
19,1.0,1.0,0.9196428571428571,0.9197200224480888
20,1.0,1.0,0.9196428571428571,0.9197200224480888
