epoch,train_accuracy,train_f1_score,val_accuracy,val_f1_score
1,0.7475800446760983,0.7424562729439933,0.8541666666666666,0.8525175644028105
2,0.8987341772151899,0.8991152799190673,0.8869047619047619,0.8882923831649692
3,0.9203276247207743,0.9205394006388454,0.9077380952380952,0.9056510958246681
4,0.9590469099032017,0.9590530941560458,0.9166666666666666,0.9164092227705988
5,0.9754281459419211,0.9754463935761675,0.9196428571428571,0.9191903914711025
6,0.9918093819806404,0.991808134932331,0.9226190476190477,0.9226190476190477
7,0.9828741623231572,0.9828767484652555,0.9196428571428571,0.919045482843227
8,0.9910647803425168,0.9910647803425168,0.9226190476190477,0.9216646785878437
9,0.9828741623231572,0.9828918191159647,0.9107142857142857,0.9116598671751504
10,0.9970215934475056,0.9970224892718427,0.9107142857142857,0.9116598671751504
11,0.9985107967237528,0.9985112446359216,0.9315476190476191,0.9314969159573258
12,0.9992553983618764,0.999255510802837,0.9315476190476191,0.9314969159573258
13,0.9992553983618764,0.999255510802837,0.9315476190476191,0.9314969159573258
14,1.0,1.0,0.9315476190476191,0.9314969159573258
15,1.0,1.0,0.9285714285714286,0.9285714285714286
16,1.0,1.0,0.9315476190476191,0.9314969159573258
17,1.0,1.0,0.9315476190476191,0.9314969159573258
18,1.0,1.0,0.9315476190476191,0.9314969159573258
19,1.0,1.0,0.9315476190476191,0.9314969159573258
20,1.0,1.0,0.9315476190476191,0.9314969159573258
21,1.0,1.0,0.9315476190476191,0.9314969159573258
22,1.0,1.0,0.9315476190476191,0.9314969159573258
23,1.0,1.0,0.9315476190476191,0.9314969159573258
24,1.0,1.0,0.9315476190476191,0.9314969159573258
25,1.0,1.0,0.9315476190476191,0.9314969159573258
26,1.0,1.0,0.9315476190476191,0.9314969159573258
27,1.0,1.0,0.9315476190476191,0.9314969159573258
28,1.0,1.0,0.9315476190476191,0.9314969159573258
29,1.0,1.0,0.9345238095238095,0.9344254378434067
30,1.0,1.0,0.9345238095238095,0.9344254378434067
