epoch,train_accuracy,train_f1_score,val_accuracy,val_f1_score
1,0.842144452717796,0.8433486736757849,0.9107142857142857,0.9113231320594131
2,0.9240506329113924,0.9239999788205893,0.9166666666666666,0.9172057695993866
3,0.9560685033507074,0.9560317385623357,0.8988095238095238,0.8995684794865123
4,0.9672375279225615,0.9672792388238974,0.9107142857142857,0.9113231320594131
5,0.9798957557706627,0.97989244199901,0.8601190476190477,0.8609848643427818
6,0.9843633655994043,0.9843759555915651,0.9315476190476191,0.9313496653722216
7,0.9895755770662695,0.9895721273227265,0.8988095238095238,0.8988095238095238
8,0.9784065524944154,0.9784100843451784,0.9107142857142857,0.9107142857142857
9,0.9970215934475056,0.9970215934475056,0.9434523809523809,0.9434817772357788
10,0.9992553983618764,0.9992555201498337,0.9255952380952381,0.9251813711730967
11,0.9985107967237528,0.9985112819896335,0.9404761904761905,0.9405369290573372
12,1.0,1.0,0.9315476190476191,0.9315107073766765
13,1.0,1.0,0.9315476190476191,0.9315107073766765
14,1.0,1.0,0.9345238095238095,0.9345238095238095
15,1.0,1.0,0.9345238095238095,0.9345238095238095
16,1.0,1.0,0.9345238095238095,0.9345238095238095
17,1.0,1.0,0.9345238095238095,0.9345238095238095
18,1.0,1.0,0.9345238095238095,0.9345238095238095
19,1.0,1.0,0.9345238095238095,0.9345238095238095
20,1.0,1.0,0.9345238095238095,0.9345238095238095
