epoch,train_accuracy,train_f1_score,val_accuracy,val_f1_score
1,0.7222635889798957,0.72484142376237,0.8541666666666666,0.8492316591413067
2,0.8823529411764706,0.8827421768510115,0.8482142857142857,0.8492137366787477
3,0.91734921816828,0.9175168359130998,0.9047619047619048,0.904163763924367
4,0.9508562918838421,0.9509035881354863,0.8928571428571429,0.8935050210560415
5,0.9679821295606851,0.9680079090684431,0.9166666666666666,0.9162612861617838
6,0.9776619508562919,0.9776692298445024,0.8244047619047619,0.824817026685753
7,0.9784065524944154,0.9784373579284635,0.9107142857142857,0.9107142857142857
8,0.9851079672375279,0.9851269267381352,0.9077380952380952,0.9075834451023368
9,0.9940431868950111,0.9940451279585341,0.9166666666666666,0.916372549019608
10,0.9992553983618764,0.9992555201498337,0.9077380952380952,0.9078766505828697
11,0.9992553983618764,0.9992555201498337,0.9166666666666666,0.9162612861617838
12,0.9992553983618764,0.9992555201498337,0.9166666666666666,0.9165751720099548
13,1.0,1.0,0.9166666666666666,0.9165751720099548
14,1.0,1.0,0.9196428571428571,0.9195081618633255
15,1.0,1.0,0.9166666666666666,0.9165751720099548
16,1.0,1.0,0.9166666666666666,0.9165751720099548
17,1.0,1.0,0.9166666666666666,0.9165751720099548
18,1.0,1.0,0.9166666666666666,0.9165751720099548
19,1.0,1.0,0.9196428571428571,0.9195081618633255
20,1.0,1.0,0.9136904761904762,0.9136439353879832
21,1.0,1.0,0.9136904761904762,0.9136439353879832
22,1.0,1.0,0.9136904761904762,0.9136439353879832
23,1.0,1.0,0.9136904761904762,0.9136439353879832
24,1.0,1.0,0.9136904761904762,0.9136439353879832
25,1.0,1.0,0.9136904761904762,0.9136439353879832
26,1.0,1.0,0.9136904761904762,0.9136439353879832
27,1.0,1.0,0.9136904761904762,0.9136439353879832
28,1.0,1.0,0.9136904761904762,0.9136439353879832
29,1.0,1.0,0.9136904761904762,0.9136439353879832
30,1.0,1.0,0.9136904761904762,0.9136439353879832
