epoch,train_accuracy,train_f1_score,val_accuracy,val_f1_score
1,0.7401340282948623,0.7401697477009094,0.8005952380952381,0.8050465985566236
2,0.8979895755770663,0.898280830623294,0.8571428571428571,0.8602798168015559
3,0.9389426656738645,0.939038476996522,0.8809523809523809,0.882740956959707
4,0.9575577066269546,0.9575974577589822,0.8958333333333334,0.8972198376836749
5,0.9739389426656738,0.9739565358433248,0.9107142857142857,0.9113435400205738
6,0.9895755770662695,0.9895812322685843,0.9136904761904762,0.9140851679120301
7,0.9970215934475056,0.997022408595234,0.9047619047619048,0.9037225589072885
8,0.9992553983618764,0.9992555007097447,0.9107142857142857,0.9099522454785612
9,0.9992553983618764,0.9992555007097447,0.9017857142857143,0.9014890175961476
10,0.9992553983618764,0.9992555007097447,0.9077380952380952,0.9079975308607889
11,0.9992553983618764,0.9992555007097447,0.9077380952380952,0.9079975308607889
12,0.9992553983618764,0.9992555007097447,0.8988095238095238,0.8988095238095238
13,1.0,1.0,0.9047619047619048,0.9041660811481782
14,1.0,1.0,0.9017857142857143,0.9018800274365529
15,1.0,1.0,0.8958333333333334,0.8957308859567975
16,1.0,1.0,0.8928571428571429,0.8926438857945708
17,1.0,1.0,0.8958333333333334,0.8957308859567975
18,1.0,1.0,0.8928571428571429,0.8926438857945708
19,1.0,1.0,0.8958333333333334,0.8959333624327076
20,1.0,1.0,0.8958333333333334,0.8959333624327076
21,1.0,1.0,0.8958333333333334,0.8959333624327076
22,1.0,1.0,0.8958333333333334,0.8959333624327076
23,1.0,1.0,0.8928571428571429,0.8928571428571429
24,1.0,1.0,0.8928571428571429,0.8928571428571429
25,1.0,1.0,0.8928571428571429,0.8928571428571429
26,1.0,1.0,0.8928571428571429,0.8928571428571429
27,1.0,1.0,0.8928571428571429,0.8928571428571429
28,1.0,1.0,0.8928571428571429,0.8928571428571429
29,1.0,1.0,0.8928571428571429,0.8928571428571429
30,1.0,1.0,0.8928571428571429,0.8928571428571429
