epoch,train_accuracy,train_f1_score,val_accuracy,val_f1_score
1,0.8400297619047619,0.8399480328133558,0.9194029850746268,0.9185370995414651
2,0.9315476190476191,0.9317004950822055,0.9104477611940298,0.9102673445957029
3,0.9665178571428571,0.9665345791131733,0.9134328358208955,0.9127667436476856
4,0.9754464285714286,0.9754505474014498,0.9014925373134328,0.9018843410068302
5,0.9910714285714286,0.9910714285714286,0.8805970149253731,0.8812909692764562
6,0.9880952380952381,0.9880992169595111,0.9194029850746268,0.9188958190198839
7,0.9970238095238095,0.9970248042398777,0.9194029850746268,0.9187828302926727
8,0.9873511904761905,0.9873490525312645,0.9223880597014925,0.9224573156942559
9,0.9910714285714286,0.9910714285714286,0.9014925373134328,0.8995379983848576
10,0.9985119047619048,0.9985119047619048,0.9223880597014925,0.92173410724157
11,1.0,1.0,0.9223880597014925,0.9218460608574037
12,1.0,1.0,0.9194029850746268,0.9187828302926727
13,1.0,1.0,0.9223880597014925,0.92173410724157
14,1.0,1.0,0.9253731343283582,0.9247989169376598
15,1.0,1.0,0.9253731343283582,0.9247989169376598
16,1.0,1.0,0.9253731343283582,0.9247989169376598
17,1.0,1.0,0.9253731343283582,0.9247989169376598
18,1.0,1.0,0.9253731343283582,0.9247989169376598
19,1.0,1.0,0.9253731343283582,0.9247989169376598
20,1.0,1.0,0.9253731343283582,0.9247989169376598
