epoch,train_accuracy,train_f1_score,val_accuracy,val_f1_score
1,0.8413998510796724,0.841629708365124,0.8958333333333334,0.8957811888487408
2,0.924795234549516,0.9249042279102232,0.9017857142857143,0.9017365494859556
3,0.9545793000744601,0.9546728966614338,0.9047619047619048,0.9046647230320699
4,0.9679821295606851,0.9679979620252478,0.9166666666666666,0.9162876425925246
5,0.9843633655994043,0.9843710977332604,0.9166666666666666,0.916817638320229
6,0.9791511541325391,0.9791580536196249,0.9136904761904762,0.9138102038040837
7,0.9873417721518988,0.9873521241282728,0.9196428571428571,0.9193285681572835
8,0.9940431868950111,0.994047099211632,0.9077380952380952,0.9076919101231704
9,1.0,1.0,0.9077380952380952,0.9076919101231704
10,1.0,1.0,0.9077380952380952,0.9076919101231704
11,1.0,1.0,0.9077380952380952,0.9076919101231704
12,1.0,1.0,0.9077380952380952,0.9076919101231704
13,1.0,1.0,0.9077380952380952,0.9076919101231704
14,1.0,1.0,0.9077380952380952,0.9076919101231704
15,1.0,1.0,0.9077380952380952,0.9076919101231704
16,1.0,1.0,0.9077380952380952,0.9076919101231704
17,1.0,1.0,0.9077380952380952,0.9076919101231704
18,1.0,1.0,0.9077380952380952,0.9076919101231704
19,1.0,1.0,0.9077380952380952,0.9076919101231704
20,1.0,1.0,0.9077380952380952,0.9076919101231704
