epoch,train_accuracy,train_f1_score,val_accuracy,val_f1_score
1,0.7356664184661206,0.7336864546304631,0.8779761904761905,0.8786171236171236
2,0.9046909903201787,0.9048730015260089,0.8928571428571429,0.8931361607142857
3,0.9441548771407298,0.944235812804621,0.9107142857142857,0.9107985542118693
4,0.9635145197319435,0.9635786422496868,0.9017857142857143,0.9023396320429773
5,0.9746835443037974,0.9747001716494357,0.8928571428571429,0.892958265054243
6,0.992553983618764,0.992553983618764,0.8958333333333334,0.896420821863764
7,0.996276991809382,0.9962751081659814,0.9077380952380952,0.9080123294902358
8,0.9992553983618764,0.9992552737354752,0.9077380952380952,0.9081310809194049
9,1.0,1.0,0.9107142857142857,0.9109468005952379
10,1.0,1.0,0.9047619047619048,0.9050782761199804
11,1.0,1.0,0.9047619047619048,0.9050782761199804
12,1.0,1.0,0.9047619047619048,0.9050782761199804
13,1.0,1.0,0.9047619047619048,0.9050782761199804
14,1.0,1.0,0.9047619047619048,0.9050782761199804
15,1.0,1.0,0.9047619047619048,0.9050782761199804
16,1.0,1.0,0.9047619047619048,0.9050782761199804
17,1.0,1.0,0.9047619047619048,0.9050782761199804
18,1.0,1.0,0.9047619047619048,0.9050782761199804
19,1.0,1.0,0.9047619047619048,0.9050782761199804
20,1.0,1.0,0.9047619047619048,0.9050782761199804
21,1.0,1.0,0.9047619047619048,0.9050782761199804
22,1.0,1.0,0.9047619047619048,0.9050782761199804
23,1.0,1.0,0.9047619047619048,0.9050782761199804
24,1.0,1.0,0.9047619047619048,0.9050782761199804
25,1.0,1.0,0.9047619047619048,0.9050782761199804
26,1.0,1.0,0.9047619047619048,0.9050782761199804
27,1.0,1.0,0.9047619047619048,0.9050782761199804
28,1.0,1.0,0.9047619047619048,0.9050782761199804
29,1.0,1.0,0.9047619047619048,0.9050782761199804
30,1.0,1.0,0.9047619047619048,0.9050782761199804
