epoch,train_accuracy,train_f1_score,val_accuracy,val_f1_score
1,0.8689501116902457,0.8684256928678127,0.9107142857142857,0.9116598671751504
2,0.9262844378257632,0.9263391807285024,0.9196428571428571,0.9204061303935359
3,0.9597915115413254,0.9598154990811413,0.9464285714285714,0.9465045876453644
4,0.9791511541325391,0.9791574249028999,0.9255952380952381,0.9261010754445219
5,0.9791511541325391,0.9791574249028999,0.9285714285714286,0.9291596638655462
6,0.9821295606850335,0.9821295606850335,0.9047619047619048,0.9029547302792084
7,0.9910647803425168,0.9910620483701786,0.9047619047619048,0.9047619047619048
8,0.9895755770662695,0.98957871245145,0.9047619047619048,0.9043083900226757
9,0.9977661950856291,0.9977671987254073,0.9136904761904762,0.9133525885756869
10,0.9970215934475056,0.9970215934475056,0.9107142857142857,0.9115965556182947
11,0.9851079672375279,0.9851124463592144,0.9226190476190477,0.922832273851637
12,0.9910647803425168,0.9910701109069203,0.9255952380952381,0.9259380981079094
13,0.9932985852568875,0.993301596176222,0.9285714285714286,0.9282312925170069
14,0.996276991809382,0.9962786645423456,0.9226190476190477,0.9227288488210819
15,1.0,1.0,0.9255952380952381,0.9256487982274907
16,1.0,1.0,0.9226190476190477,0.9227288488210819
17,1.0,1.0,0.9226190476190477,0.9227288488210819
18,1.0,1.0,0.9226190476190477,0.9227288488210819
19,1.0,1.0,0.9226190476190477,0.9227288488210819
20,1.0,1.0,0.9226190476190477,0.9227288488210819
