epoch,train_accuracy,train_f1_score,val_accuracy,val_f1_score
1,0.2594776748104465,0.26313912121252825,0.2195945945945946,0.1484296360820751
2,0.4153327716933446,0.4305279461693768,0.652027027027027,0.6002830036211838
3,0.6402695871946082,0.6474353763735349,0.6621621621621622,0.6587641862384782
4,0.6790227464195451,0.6912263769125098,0.6621621621621622,0.6651690732239839
5,0.7405223251895535,0.7461087601541223,0.6013513513513513,0.6064937176184031
6,0.7548441449031171,0.763470869590159,0.6385135135135135,0.6444708377740002
7,0.8028643639427128,0.8092880369563799,0.6655405405405406,0.6506140539629423
8,0.8416175231676495,0.8456643546839617,0.6587837837837838,0.6461945548569332
9,0.8955349620893007,0.8972105610130454,0.6486486486486487,0.6532056616734037
10,0.9106992417860151,0.9122531755136578,0.6385135135135135,0.6378113222405972
11,0.9469250210614996,0.9473328462825052,0.6824324324324325,0.6748416192411055
12,0.9721988205560236,0.9724621656113139,0.6655405405405406,0.6541261073760833
13,0.8694187026116259,0.8721519247651623,0.6283783783783784,0.6305048257781612
14,0.8761583824768323,0.878195627325693,0.6554054054054054,0.6467253454979481
15,0.9334456613310868,0.9346452150996454,0.6587837837837838,0.6461681257167792
