epoch,train_accuracy,train_f1_score,val_accuracy,val_f1_score
1,0.22760800842992623,0.23733388045441697,0.5274261603375527,0.4723730676839114
2,0.5079030558482613,0.5118860033139216,0.6708860759493671,0.674509812698645
3,0.6322444678609063,0.6396961734889652,0.6666666666666666,0.6757933063229137
4,0.7038988408851422,0.7089468043826561,0.6962025316455697,0.7070009553725494
5,0.7597471022128557,0.7654373186663582,0.6877637130801688,0.6774142711714579
6,0.8134878819810326,0.8176401059093331,0.6962025316455697,0.6940438576459744
7,0.8619599578503688,0.8641121663403164,0.6919831223628692,0.6758047936867692
8,0.9104320337197049,0.9125723973282374,0.6582278481012658,0.6492105265435939
9,0.9199157007376185,0.9208869518220765,0.6582278481012658,0.6528755687887695
10,0.9525816649104321,0.9530285395956217,0.6582278481012658,0.6389092998036578
11,0.9831401475237092,0.983306862335354,0.6962025316455697,0.6904832027355027
12,0.982086406743941,0.9821192485053771,0.6962025316455697,0.6871192908112155
13,0.9789251844046365,0.97901247176809,0.6877637130801688,0.6785903153415382
14,0.9936775553213909,0.9937041300202863,0.6919831223628692,0.6817205385603623
15,0.9957850368809273,0.9957978094964396,0.6624472573839663,0.6669535627711277
