epoch,train_accuracy,train_f1_score,val_accuracy,val_f1_score
1,0.3561643835616438,0.3551101647437236,0.4810126582278481,0.46224751503977113
2,0.5626975763962065,0.5707155122468607,0.5316455696202531,0.5151341953638112
3,0.6596417281348789,0.6662450903103684,0.5991561181434599,0.6076395741872991
4,0.7091675447839831,0.7187580170552831,0.569620253164557,0.5721384936171284
5,0.708113804004215,0.7207643428213643,0.620253164556962,0.619919735358982
6,0.7576396206533192,0.7627918262856469,0.5822784810126582,0.5815466399675796
7,0.7513171759747103,0.7592304144388826,0.6244725738396625,0.5768846147994485
8,0.7934668071654373,0.7994173853136527,0.6371308016877637,0.6258952155679145
9,0.8577449947312961,0.8616462890682143,0.6286919831223629,0.6194119009253399
10,0.9188619599578504,0.9197490633028161,0.6329113924050633,0.6243053896982724
11,0.9146469968387777,0.9163635432018277,0.620253164556962,0.6110374955439297
12,0.9304531085353003,0.931654526546886,0.6413502109704642,0.621542002301496
13,0.9062170706006323,0.9075545415157248,0.6160337552742616,0.6148156439407371
14,0.9557428872497366,0.9559205669600629,0.6033755274261603,0.6057879590226111
15,0.9778714436248683,0.9779738993398627,0.620253164556962,0.6182444252497025
