epoch,train_accuracy,train_f1_score,val_accuracy,val_f1_score
1,0.24552160168598525,0.25794658714486224,0.4430379746835443,0.3565946306817476
2,0.47523709167544786,0.47200585853367333,0.6286919831223629,0.5923511565280652
3,0.6332982086406744,0.6399341823693626,0.5949367088607594,0.5760077148670836
4,0.6659641728134879,0.6794860216086267,0.6455696202531646,0.62091599272048
5,0.7376185458377239,0.7439563700114988,0.6413502109704642,0.6401423016463968
6,0.7829293993677555,0.7878297786434315,0.6371308016877637,0.6382691362488476
7,0.8134878819810326,0.8180712894020407,0.6329113924050633,0.6099158635867498
8,0.8545837723919916,0.8565685299640153,0.6455696202531646,0.6298909548317035
9,0.8914646996838778,0.8929259407479397,0.6371308016877637,0.6471587228335773
10,0.9241306638566913,0.9258105466091017,0.6371308016877637,0.6158286229172046
11,0.9441517386722866,0.944822599139123,0.6540084388185654,0.6522428453766003
12,0.9694415173867229,0.9700224975151321,0.6540084388185654,0.6442648526059355
13,0.9905163329820864,0.9905989379759017,0.6455696202531646,0.6240816817904002
14,0.9936775553213909,0.9936804600384694,0.6413502109704642,0.6267002251138483
15,0.9915700737618546,0.9916173495940475,0.6455696202531646,0.6239396330110466
