epoch,train_accuracy,train_f1_score,val_accuracy,val_f1_score
1,0.3263069139966273,0.3441070780005664,0.5521885521885522,0.5003468102555207
2,0.6037099494097807,0.6119069206834596,0.6397306397306397,0.623943188625493
3,0.7259696458684655,0.7329169906235231,0.6565656565656566,0.6638140013004783
4,0.7774030354131535,0.7829836138987162,0.6296296296296297,0.6341247127358238
5,0.806070826306914,0.8117803181117498,0.6565656565656566,0.6460675413881739
6,0.8650927487352446,0.8688065921965983,0.6127946127946128,0.611216883474948
7,0.9291736930860034,0.9303131358559532,0.6127946127946128,0.6032426599355734
8,0.9603709949409781,0.961016259159217,0.6026936026936027,0.585773575244028
9,0.975548060708263,0.9756637826226564,0.632996632996633,0.6296708990426515
10,0.9780775716694773,0.9781797626422953,0.6127946127946128,0.6118713818552439
11,0.9772344013490725,0.9773353387329726,0.6195286195286195,0.6145784484351492
12,0.9738617200674536,0.9739662716678917,0.5959595959595959,0.5923542463671675
