epoch,train_accuracy,train_f1_score,val_accuracy,val_f1_score
1,0.33220910623946037,0.34117273983600666,0.6296296296296297,0.5878408680341047
2,0.6155143338954469,0.6182710702371199,0.6363636363636364,0.6478500956769039
3,0.6905564924114671,0.6957209147603235,0.6060606060606061,0.6194114483452883
4,0.7310286677908938,0.7381393987813263,0.5723905723905723,0.590919022909044
5,0.7959527824620574,0.8004653041004947,0.67003367003367,0.6834956034611867
6,0.8465430016863407,0.8499106480439033,0.6599326599326599,0.6727252376988296
7,0.8912310286677909,0.8924652225038096,0.6767676767676768,0.6800957599533751
8,0.9224283305227656,0.9231818632102728,0.6498316498316499,0.6559594392786615
9,0.9359190556492412,0.936720493111276,0.569023569023569,0.5927544911600949
10,0.9654300168634065,0.9656760574396976,0.6565656565656566,0.6647412200201331
11,0.9831365935919055,0.9831675048154277,0.6531986531986532,0.6574420385579155
12,0.9907251264755481,0.9907425499771213,0.6835016835016835,0.6897727239046254
13,0.978920741989882,0.979012229414012,0.67003367003367,0.6696476414173183
14,0.9763912310286678,0.976508463682835,0.632996632996633,0.6264887229480628
15,0.9780775716694773,0.9782652872034528,0.6127946127946128,0.6340842365993156
