epoch,train_accuracy,train_f1_score,val_accuracy,val_f1_score
1,0.2721145745577085,0.28441669135263953,0.3885135135135135,0.41041297282261524
2,0.5619208087615838,0.5720806877441125,0.652027027027027,0.659927254085846
3,0.6604886267902275,0.6715445978923856,0.6722972972972973,0.6641563893913304
4,0.7042965459140691,0.7130809821657983,0.6722972972972973,0.6872532749219263
5,0.7354675652906487,0.7450866858741861,0.6790540540540541,0.6829678200071664
6,0.7438921651221567,0.7516461752534834,0.6047297297297297,0.6215723800350048
7,0.7607413647851727,0.7682024579034158,0.6182432432432432,0.6255384167806897
8,0.8003369839932604,0.8046687471800611,0.7094594594594594,0.6964012126316518
9,0.8323504633529908,0.8358726626228475,0.6824324324324325,0.682406879686698
10,0.8887952822240943,0.8914171973335241,0.6858108108108109,0.6775893232153054
11,0.8803706823925863,0.8825323208536427,0.6891891891891891,0.69556631695217
12,0.9090143218197135,0.9109753917454978,0.6959459459459459,0.698647033951088
13,0.9334456613310868,0.9343702341441767,0.6722972972972973,0.6625252325147234
14,0.9545071609098568,0.9550026463771432,0.6722972972972973,0.6692774548970808
15,0.966301600673968,0.9665484774890796,0.6587837837837838,0.6531612243544853
