epoch,train_accuracy,train_f1_score,val_accuracy,val_f1_score
1,0.29641350210970463,0.3065165370789299,0.5084033613445378,0.4435810455131226
2,0.5548523206751055,0.5518059145151075,0.6050420168067226,0.560218886371007
3,0.6476793248945147,0.654874660722646,0.6722689075630253,0.675966772496028
4,0.6983122362869199,0.706257919218783,0.5210084033613446,0.5138993346091459
5,0.729957805907173,0.7347266000736234,0.6302521008403361,0.6406217591528233
6,0.7837552742616034,0.7876810666631214,0.6386554621848739,0.6339717269266621
7,0.8227848101265823,0.8252183658187999,0.6428571428571429,0.6507857931440449
8,0.8544303797468354,0.8566152786887067,0.6470588235294118,0.6545113563171987
9,0.9008438818565401,0.9025487439010341,0.6554621848739496,0.6366014961990194
10,0.9187763713080169,0.9194965993711433,0.634453781512605,0.6399766650761097
11,0.9462025316455697,0.9467580833032936,0.6554621848739496,0.6360060065375785
12,0.9567510548523207,0.95709704323522,0.6428571428571429,0.6475471031759998
13,0.9746835443037974,0.9747858413369896,0.6680672268907563,0.6550103997489447
14,0.9862869198312236,0.986291450732714,0.6218487394957983,0.627184755562375
15,0.9989451476793249,0.9989468542073283,0.6512605042016807,0.6481288587612324
