epoch,train_accuracy,train_f1_score,val_accuracy,val_f1_score
1,0.49703557312252966,0.49305477172944134,0.6331360946745562,0.5156848891636492
2,0.6437747035573123,0.5235935426102594,0.7100591715976331,0.6713328640756558
