epoch,train_accuracy,train_f1_score,val_accuracy,val_f1_score
1,0.7339576829691293,0.7357784715782223,0.7766990291262136,0.7790579177074213
2,0.8120013874436351,0.8133202275545887,0.8321775312066574,0.8302078009433834
3,0.8439125910509886,0.8448416659978926,0.7475728155339806,0.7494127006936524
4,0.8813735691987513,0.8820796661583982,0.7933425797503467,0.7935295658204924
5,0.9236906000693722,0.9240263849322792,0.8099861303744799,0.8101580571638084
6,0.9497051682275408,0.9499092346538031,0.7891816920943134,0.7791758838469972
7,0.9573361082206036,0.9574349350178016,0.8002773925104022,0.8009533078873772
8,0.9826569545612209,0.9826904915156386,0.7850208044382802,0.7826895519975913
9,0.9861255636489767,0.9861458951058996,0.7905686546463245,0.7807898616082423
10,0.9812695109261186,0.9812849694980293,0.7711511789181692,0.7729441504647673
11,0.9812695109261186,0.9812849694980293,0.7766990291262136,0.7772788631456131
12,0.9871661463753035,0.9871735986308976,0.7864077669902912,0.7870193845035952
13,0.9795352063822407,0.9795668069598134,0.7864077669902912,0.7864077669902912
14,0.9934096427332639,0.9934123854567323,0.7961165048543689,0.7957910341592971
15,0.991675338189386,0.9916781144711357,0.7891816920943134,0.7864172866395452
