epoch,train_accuracy,train_f1_score,val_accuracy,val_f1_score
1,0.7291955617198336,0.7308153814125469,0.7472222222222222,0.7503898290737819
2,0.8096393897364771,0.8102621998037475,0.8013888888888889,0.8014556081505235
3,0.8290568654646324,0.829616146636152,0.7875,0.7900169787849242
4,0.8432732316227461,0.8437749799654004,0.7875,0.7882328697850822
5,0.8751733703190014,0.8754833454417364,0.7694444444444445,0.7722485202760367
6,0.8959778085991679,0.8963108274106641,0.7972222222222223,0.7988772066458982
7,0.9306518723994452,0.9308036277249018,0.6888888888888889,0.6858890923434967
8,0.9410540915395285,0.9412592856849705,0.7902777777777777,0.7910010675656693
9,0.9667128987517337,0.9667857413079528,0.7819444444444444,0.7787351891252214
10,0.9583911234396671,0.9584312549386141,0.7666666666666667,0.7695927418612782
11,0.9774618585298197,0.9774993077300783,0.7805555555555556,0.7814983812149143
12,0.9854368932038835,0.9854463221953569,0.7680555555555556,0.7689875674507214
13,0.9850901525658807,0.9850986139395396,0.7597222222222222,0.7629369541442508
14,0.9878640776699029,0.9878670496644325,0.7458333333333333,0.74914526544908
15,0.9875173370319001,0.9875313343935962,0.7930555555555555,0.7889090592980722
