epoch,train_accuracy,train_f1_score,val_accuracy,val_f1_score
1,0.6612097669256382,0.6646298834468649,0.7891231964483907,0.7919546624807332
2,0.7832963374028857,0.7847071099101282,0.8423973362930077,0.8404270720899345
3,0.8088235294117647,0.8098831842127479,0.8335183129855716,0.8331403769669697
4,0.8265815760266371,0.8276779496554266,0.832408435072142,0.8319782053905103
5,0.847669256381798,0.848646683118451,0.8113207547169812,0.8122397418667207
6,0.8754162042175361,0.8760689332430973,0.8179800221975583,0.8177776806707332
7,0.9106548279689234,0.9111091653585268,0.8002219755826859,0.8018133070743764
8,0.9273029966703663,0.9276110280757816,0.8079911209766926,0.8080430870457782
9,0.9644839067702553,0.9645651420583745,0.8057713651498335,0.8072160933683329
10,0.962819089900111,0.9629086065762891,0.7902330743618202,0.7924355251897002
11,0.9741953385127636,0.9742528018254457,0.8035516093229744,0.8029288630789451
