epoch,train_accuracy,train_f1_score,val_accuracy,val_f1_score
1,0.7356919875130072,0.7380457404694478,0.8252427184466019,0.8244778716063005
2,0.8033298647242456,0.8045638141628976,0.7877947295423023,0.7898392796300364
3,0.8366285119667014,0.837528405206472,0.8224687933425797,0.8215682166145157
4,0.8643773846687478,0.8652946534813222,0.811373092926491,0.8094006998704634
5,0.8945542837322233,0.8951002465072988,0.7961165048543689,0.7965986015832475
6,0.9275060700659036,0.927816806724362,0.7600554785020804,0.7620371580227585
7,0.9455428373222338,0.9457530135934861,0.8002773925104022,0.8014561365619005
8,0.9642733263961152,0.9643742514372238,0.7850208044382802,0.7841533046156255
9,0.9732917100242803,0.9733548741362597,0.7739251040221914,0.7741119961300411
10,0.980922650017343,0.980946548991394,0.7614424410540915,0.7608710227391178
11,0.9830038154699965,0.9830251072832419,0.7766990291262136,0.7748165849543899
12,0.9847381200138744,0.9847559946884823,0.782246879334258,0.7807460677075566
13,0.9823100936524454,0.9823351246129401,0.7891816920943134,0.7854416141260977
14,0.9871661463753035,0.987178016163191,0.7891816920943134,0.7867994476247641
15,0.9854318418314256,0.9854416903549662,0.7905686546463245,0.7902619801924694
