epoch,train_accuracy,train_f1_score,val_accuracy,val_f1_score
1,0.6856270810210877,0.6882544993323487,0.7758046614872364,0.7779963755812591
2,0.8002219755826859,0.8013653037130969,0.7991120976692564,0.7927823031881526
3,0.8312985571587126,0.8319845440361638,0.781354051054384,0.7835011240382942
4,0.8526637069922308,0.8533218429543827,0.8224195338512763,0.8225806247937233
5,0.8879023307436182,0.8882245103165323,0.7591564927857936,0.7611532598562349
6,0.9125971143174251,0.912906392930009,0.8091009988901221,0.8095181391629419
7,0.945338512763596,0.945485506247245,0.7780244173140954,0.7802022155600689
8,0.951165371809101,0.9512875863927797,0.7946725860155383,0.7942199504279686
9,0.9741953385127636,0.9742518031677766,0.7935627081021087,0.7948684332738464
10,0.9741953385127636,0.9742318568733662,0.781354051054384,0.7834681343760836
11,0.9747502774694784,0.9748055278308352,0.7802441731409545,0.7814382922622344
12,0.9875138734739178,0.9875232536486535,0.8002219755826859,0.7994073483511449
13,0.9836293007769146,0.9836415992282346,0.7891231964483907,0.784902590030462
