epoch,train_accuracy,train_f1_score,val_accuracy,val_f1_score
1,0.7483351831298557,0.7499970170212823,0.7402885682574917,0.7446734666072959
2,0.8138179800221975,0.8147741685696746,0.7758046614872364,0.7760777964653308
3,0.8312985571587126,0.8322375562647676,0.7413984461709212,0.7458154737040494
4,0.8562708102108768,0.8569306933793456,0.7635960044395117,0.7649829399765499
5,0.8867924528301887,0.8871695317873193,0.7291897891231964,0.7338060106114384
6,0.9084350721420644,0.9089097685567141,0.7869034406215316,0.7821275830854556
7,0.94173140954495,0.9418866009400447,0.7613762486126526,0.7596572328642811
8,0.9533851276359601,0.9535301534160004,0.7447280799112098,0.7490889494962614
9,0.9594894561598224,0.9595692943053467,0.7835738068812431,0.7767864231556408
10,0.9722530521642619,0.9722945354547237,0.7425083240843507,0.7468440409774186
11,0.9833518312985572,0.9833706579914986,0.7880133185349611,0.7861617845683007
12,0.9830743618201998,0.9830903797678432,0.7602663706992231,0.7586291441286933
13,0.9819644839067703,0.9819881780865273,0.7602663706992231,0.7613661123166691
14,0.9877913429522752,0.9877990997940227,0.7624861265260822,0.763699301145794
15,0.9927857935627081,0.99278764240871,0.758046614872364,0.7609248786207702
