epoch,train_accuracy,train_f1_score,val_accuracy,val_f1_score
1,0.7252861602497399,0.7261965878645785,0.8058252427184466,0.807196600554536
2,0.8099202219909816,0.8109675938984696,0.8030513176144244,0.7920048945105627
3,0.8321193201526188,0.8328876519195207,0.8141470180305131,0.8141470180305131
4,0.8713146028442594,0.871911314902381,0.7697642163661581,0.7739142258845286
5,0.9101630246271245,0.91052432386819,0.768377253814147,0.7722572042537629
6,0.9392993409642734,0.9395510607577794,0.7739251040221914,0.7767614112667367
7,0.9621921609434617,0.9622997949705652,0.7766990291262136,0.7779203853542981
8,0.9746791536593826,0.9747043532740245,0.7808599167822469,0.7833611279293308
9,0.9836975372875477,0.9837088504189847,0.7753120665742025,0.7759968424907089
10,0.9791883454734651,0.9792136997819053,0.7766990291262136,0.7782069657836722
11,0.9864724245577523,0.9864818120497958,0.7669902912621359,0.7684906113304171
12,0.9909816163718349,0.9909871892799934,0.7725381414701803,0.7709407110792954
13,0.9798820672910163,0.9799005820129738,0.7614424410540915,0.7608493256838986
14,0.9854318418314256,0.9854474274373138,0.7794729542302358,0.7797328048860387
15,0.9895941727367326,0.9896006030153769,0.7877947295423023,0.7869893863606857
