epoch,train_accuracy,train_f1_score,val_accuracy,val_f1_score
1,0.6322418136020151,0.6373196540542505,0.7449664429530202,0.7718419074817344
2,0.8178001679261125,0.8292325257791273,0.8305369127516778,0.8383728127263775
3,0.8929471032745592,0.8983243315803009,0.8322147651006712,0.83776461612373
4,0.9416456759026028,0.9431375037644227,0.7835570469798657,0.8020120712181673
5,0.9450041981528128,0.9464498501953279,0.697986577181208,0.7153394012372374
6,0.9584382871536524,0.9591521937024629,0.825503355704698,0.8288253018246469
7,0.9882451721242653,0.9882907894900297,0.8338926174496645,0.8320390932923509
8,0.9911838790931989,0.9912483285574709,0.8238255033557047,0.824988884253123
9,0.9937027707808564,0.9937125487574396,0.8322147651006712,0.830108399693797
10,0.9928631402183039,0.992874463363524,0.8221476510067114,0.83074963957359
11,0.9752308984047019,0.9753801731398696,0.8137583892617449,0.8140673440647717
12,0.9878253568429891,0.9879025401804914,0.825503355704698,0.8329363506600794
13,0.9878253568429891,0.9878751259099328,0.8154362416107382,0.824357159934094
14,0.9941225860621327,0.9941419676647031,0.8322147651006712,0.83752400393286
15,0.9979009235936188,0.9979012266932538,0.8221476510067114,0.8261965656601905
16,0.9970612930310663,0.9970634893546588,0.8187919463087249,0.8226368038028856
17,0.9970612930310663,0.9970663558392421,0.8221476510067114,0.8265667193355275
18,0.9979009235936188,0.9979014096247102,0.8204697986577181,0.8254460640377249
19,0.9962216624685138,0.9962295565210488,0.8171140939597316,0.8219032891164387
20,0.9974811083123426,0.9974813938870072,0.8187919463087249,0.8233174034104527
21,0.9970612930310663,0.9970615226261105,0.8171140939597316,0.8214176299589289
