epoch,train_accuracy,train_f1_score,val_accuracy,val_f1_score
1,0.6277801091061687,0.6346263851370767,0.7663865546218488,0.7830378185724414
2,0.7989928661351238,0.8112910091275013,0.7563025210084033,0.7775401604636456
3,0.8892152748636173,0.895419004031893,0.8100840336134454,0.8190585885465622
4,0.9420898027696182,0.9436387180181239,0.8100840336134454,0.8138659244003251
5,0.9483843894250944,0.9492299289830689,0.8117647058823529,0.8163594407097695
6,0.9546789760805707,0.955129809387606,0.8302521008403362,0.8285951031246124
7,0.9815358791439363,0.9816836934477888,0.8336134453781513,0.8301853526288
8,0.9760805707091901,0.9763009810708819,0.8067226890756303,0.8022915829144204
9,0.9874108266890474,0.9874484291637718,0.8436974789915966,0.8389913668647019
10,0.9962232480067142,0.9962238530016937,0.8487394957983193,0.8469950866072793
11,0.9928661351237935,0.9928748910640709,0.838655462184874,0.8388521793147241
12,0.9861519093579522,0.9862494678614558,0.8436974789915966,0.8393010964907277
13,0.9819555182543013,0.9820662122996264,0.826890756302521,0.8274518590117267
14,0.9882501049097776,0.9883220661323908,0.8184873949579832,0.8152871242638324
15,0.9882501049097776,0.9883081937271581,0.8134453781512605,0.8201822429048199
16,0.9945446915652539,0.9945594591357643,0.8403361344537815,0.8402981920124101
17,0.9869911875786823,0.987042945426304,0.826890756302521,0.8308225108225109
18,0.9861519093579522,0.9862003369550338,0.8302521008403362,0.8295660365997022
19,0.9916072177926982,0.99165465497951,0.8285714285714286,0.8323807141882963
20,0.9966428871170793,0.9966506179223104,0.853781512605042,0.8482406692605158
