epoch,train_accuracy,train_f1_score,val_accuracy,val_f1_score
1,0.6381192275398825,0.6465010538557598,0.802013422818792,0.8189277971667501
2,0.836272040302267,0.8437732511593764,0.8187919463087249,0.8332326962405848
3,0.9026028547439127,0.9070465723629275,0.790268456375839,0.8047149344552229
4,0.9286314021830394,0.9304021036828036,0.7684563758389261,0.7937055224418719
5,0.9496221662468514,0.9507067277419643,0.8456375838926175,0.8419228591906707
6,0.9718723761544921,0.972128397986237,0.8305369127516778,0.8282621455806105
7,0.9848866498740554,0.9849181821508808,0.8523489932885906,0.8436234048907796
8,0.9932829554995802,0.9932820397212019,0.8456375838926175,0.8414438285960238
9,0.9588581024349286,0.9590786516990892,0.7751677852348994,0.7716989373876736
10,0.9093198992443325,0.9101362354066044,0.802013422818792,0.8017294663456849
11,0.9420654911838791,0.9422529968004686,0.8087248322147651,0.8080306833488968
12,0.9550797649034425,0.9550944035778262,0.8154362416107382,0.816305574936816
13,0.9554995801847187,0.9555448586914951,0.8003355704697986,0.8001899695825937
14,0.4811083123425693,0.48684729570658014,0.5637583892617449,0.5362560961104804
15,0.6519731318219983,0.6623270994634914,0.5604026845637584,0.5895022322604051
16,0.7220822837951302,0.734689216870338,0.714765100671141,0.7417265808232282
17,0.7678421494542401,0.7804645981413509,0.7550335570469798,0.7764276809034288
18,0.8287153652392947,0.8347501719172455,0.8271812080536913,0.8286849780567157
19,0.8639798488664987,0.8682117321779725,0.8137583892617449,0.8125316461726385
20,0.8845507976490344,0.8876352249184778,0.8238255033557047,0.808759949430071
