epoch,train_accuracy,train_f1_score,val_accuracy,val_f1_score
1,0.6704450041981528,0.678256379656546,0.7046979865771812,0.704593921356529
2,0.8224181360201511,0.8311569654225794,0.7953020134228188,0.8073714277432753
3,0.8979848866498741,0.9023742832215671,0.802013422818792,0.8190370203573059
4,0.9336691855583543,0.9347256339383982,0.7919463087248322,0.7955552292829243
5,0.9605373635600336,0.9610643864296092,0.7869127516778524,0.7982741341093594
6,0.9718723761544921,0.9721107888237974,0.8238255033557047,0.8293188975196155
7,0.9697732997481109,0.9702074256714471,0.8355704697986577,0.842233319853132
8,0.9911838790931989,0.99120517138185,0.8288590604026845,0.8363652937574894
9,0.9979009235936188,0.9979036258159976,0.8489932885906041,0.8503515377657515
10,0.9991603694374476,0.9991605273217187,0.8456375838926175,0.8477963255054667
11,0.9995801847187238,0.9995802030622503,0.8422818791946308,0.8437111782803347
12,0.9991603694374476,0.9991603694374476,0.8439597315436241,0.8464107540197462
13,0.9991603694374476,0.9991603694374476,0.8439597315436241,0.8463152959458247
14,0.9991603694374476,0.9991603694374476,0.8439597315436241,0.8464107540197462
15,0.9995801847187238,0.9995802030622503,0.8422818791946308,0.8447483187100503
16,0.9991603694374476,0.9991603694374476,0.8406040268456376,0.8430871459274436
17,0.9991603694374476,0.9991603694374476,0.8406040268456376,0.8430871459274436
18,0.9995801847187238,0.9995801661847625,0.8456375838926175,0.848351083851068
19,0.9995801847187238,0.9995802030622503,0.8439597315436241,0.8465421356217189
20,0.9995801847187238,0.9995801661847625,0.8439597315436241,0.8465421356217189
