epoch,train_accuracy,train_f1_score,val_accuracy,val_f1_score
1,0.7319644839067703,0.7325693375594429,0.8079911209766926,0.8026249251980696
2,0.8271365149833518,0.8274185495232492,0.7968923418423973,0.7976978857268747
3,0.8579356270810211,0.8582440877678813,0.8102108768035516,0.8108646186093417
4,0.892896781354051,0.8930521519790123,0.8135405105438401,0.8118597462753673
5,0.9400665926748057,0.9401164253145808,0.7968923418423973,0.7970346493712251
6,0.9697558268590455,0.9697688100108955,0.8035516093229744,0.8040075907133819
7,0.9880688124306326,0.988068405023905,0.7769145394006659,0.7772608527822485
8,0.9805771365149833,0.9805823298459,0.7980022197558269,0.7987104185848283
9,0.9911209766925638,0.9911203688906229,0.7980022197558269,0.7983200579566566
10,0.9980577136514983,0.9980579107427818,0.7913429522752498,0.7918474372060393
