epoch,train_accuracy,train_f1_score,val_accuracy,val_f1_score
1,0.7319644839067703,0.7323096405744213,0.7957824639289678,0.7966058559905715
2,0.8124306326304107,0.8128561470528777,0.8290788013318535,0.8294797030648269
3,0.8460044395116537,0.8463734950453392,0.8235294117647058,0.8236714016599063
4,0.8715316315205327,0.8718653981169981,0.8190899001109878,0.8198344780419627
5,0.9087125416204217,0.908934523866086,0.7780244173140954,0.778451066225166
6,0.9331298557158713,0.9332467932400935,0.8113207547169812,0.809328366154269
7,0.962819089900111,0.9628508852126446,0.8146503884572697,0.8140515782322301
8,0.9769700332963374,0.9769877551560014,0.8035516093229744,0.8026565132542614
9,0.9805771365149833,0.9805892485374709,0.8157602663706992,0.8124958268072492
10,0.9952830188679245,0.9952831731156229,0.8102108768035516,0.8109255019158328
11,0.9944506104328524,0.9944516858976249,0.7946725860155383,0.7947733252163369
12,0.9994450610432852,0.9994450972478769,0.8102108768035516,0.8110508264233348
13,0.9955604883462819,0.9955613487181001,0.8057713651498335,0.8066309627139393
14,0.9797447280799112,0.9797518355337668,0.8179800221975583,0.8161637218214712
15,0.9961154273029966,0.9961156807351379,0.8102108768035516,0.810725499572367
16,0.982519422863485,0.9825233653954477,0.806881243063263,0.807066189238051
17,1.0,1.0,0.8179800221975583,0.8180981396940951
18,1.0,1.0,0.8157602663706992,0.8155663738587786
19,1.0,1.0,0.8157602663706992,0.8155663738587786
20,1.0,1.0,0.8168701442841287,0.8165745037877838
21,1.0,1.0,0.8179800221975583,0.8177884657399981
22,1.0,1.0,0.8157602663706992,0.8154978378178986
23,1.0,1.0,0.8157602663706992,0.8154273389008881
24,1.0,1.0,0.8146503884572697,0.8143511644397571
25,1.0,1.0,0.8146503884572697,0.8143511644397571
26,1.0,1.0,0.8146503884572697,0.8143511644397571
27,1.0,1.0,0.8135405105438401,0.813203571899694
28,1.0,1.0,0.8135405105438401,0.813203571899694
29,1.0,1.0,0.8135405105438401,0.813203571899694
30,1.0,1.0,0.8135405105438401,0.813203571899694
