epoch,train_accuracy,train_f1_score,val_accuracy,val_f1_score
1,0.7405660377358491,0.7414544923272385,0.7924528301886793,0.7928054268907905
2,0.8265815760266371,0.8270443415097404,0.8190899001109878,0.8191729146981072
3,0.8596004439511654,0.8599243886440385,0.8213096559378469,0.8210436235610257
4,0.8940066592674806,0.8941568791028222,0.8102108768035516,0.8105131631528768
5,0.9278579356270811,0.927894296826153,0.8146503884572697,0.8148706862480237
6,0.9605993340732519,0.9606022476041466,0.7991120976692564,0.7992376188308171
7,0.9872364039955605,0.9872295650706863,0.7968923418423973,0.7972499641066028
8,0.9783573806881243,0.9783621397691671,0.806881243063263,0.8064610178496373
9,0.9930632630410655,0.9930630048806999,0.7980022197558269,0.7973135703206956
10,0.9797447280799112,0.9797513648157924,0.7957824639289678,0.7957413789843011
