epoch,train_accuracy,train_f1_score,val_accuracy,val_f1_score
1,0.7161487236403996,0.717183647116741,0.7980022197558269,0.7963636996057
2,0.8174250832408435,0.817882318817353,0.8135405105438401,0.8138296944179484
3,0.8501664816870145,0.850589740872299,0.8190899001109878,0.8188205629841442
4,0.8756936736958935,0.87592770297243,0.8124306326304107,0.8116308192717551
5,0.894284128745838,0.8944560135201101,0.7935627081021087,0.7937809390201214
6,0.9361820199778025,0.9362359240252419,0.8091009988901221,0.8094513241252503
7,0.9550499445061044,0.9550788118497844,0.804661487236404,0.8050326076614547
8,0.9750277469478358,0.9750295935519239,0.8124306326304107,0.8122458759042623
9,0.991953385127636,0.991953683288458,0.7991120976692564,0.7979534151573829
10,0.9886237513873474,0.9886241729250614,0.7935627081021087,0.7939549149149465
11,0.9975027746947835,0.9975026817570518,0.8135405105438401,0.8135761424573157
12,0.9969478357380688,0.996947948833553,0.781354051054384,0.7815399146972433
13,0.9861265260821309,0.9861305756975111,0.802441731409545,0.8019539940382119
14,0.9988901220865705,0.9988902041578632,0.7968923418423973,0.7940348660628308
15,1.0,1.0,0.806881243063263,0.8067588300581054
16,1.0,1.0,0.802441731409545,0.8020676686968362
17,1.0,1.0,0.8013318534961155,0.800927875830081
18,1.0,1.0,0.7991120976692564,0.7987036062862829
19,1.0,1.0,0.8002219755826859,0.7998437099181491
20,1.0,1.0,0.8002219755826859,0.7998981128670463
21,1.0,1.0,0.8002219755826859,0.7998981128670463
22,1.0,1.0,0.8013318534961155,0.8009829938489695
23,1.0,1.0,0.8035516093229744,0.8032066475489811
24,1.0,1.0,0.804661487236404,0.8043448214700009
25,1.0,1.0,0.804661487236404,0.8043448214700009
26,1.0,1.0,0.804661487236404,0.8043960182301094
27,1.0,1.0,0.804661487236404,0.8043960182301094
28,1.0,1.0,0.804661487236404,0.8043960182301094
29,1.0,1.0,0.804661487236404,0.8043960182301094
30,1.0,1.0,0.804661487236404,0.8043960182301094
