epoch,train_accuracy,train_f1_score,val_accuracy,val_f1_score
1,0.7122641509433962,0.7132191123924035,0.8091009988901221,0.8095918324759371
2,0.8221420643729189,0.8225178634057144,0.7635960044395117,0.7610692627678737
3,0.8412874583795783,0.841584037035048,0.8113207547169812,0.8111370964144394
4,0.8840177580466149,0.8841772980269491,0.8312985571587126,0.8320265056855961
5,0.9239733629300777,0.9240615966172046,0.8246392896781354,0.8253222141883862
6,0.9436736958934517,0.9437279999435337,0.8146503884572697,0.8153835794045275
7,0.9791897891231964,0.9791959437052062,0.8102108768035516,0.8089701430487621
8,0.9872364039955605,0.9872346729950602,0.8013318534961155,0.8006547670799077
9,0.9866814650388457,0.9866841102295033,0.804661487236404,0.805555420734747
10,0.9933407325194229,0.9933420551147516,0.8057713651498335,0.8052642068729089
11,0.9977802441731409,0.9977803925540244,0.804661487236404,0.8048333022648211
12,1.0,1.0,0.8057713651498335,0.8061186786430462
13,1.0,1.0,0.8035516093229744,0.8039493492011413
14,1.0,1.0,0.8057713651498335,0.8059689158973152
15,1.0,1.0,0.8035516093229744,0.8038544210810374
16,1.0,1.0,0.802441731409545,0.8026693285413186
17,1.0,1.0,0.8035516093229744,0.8037514177932847
18,1.0,1.0,0.8035516093229744,0.8037514177932847
19,1.0,1.0,0.802441731409545,0.8026693285413186
20,1.0,1.0,0.8035516093229744,0.8038039312899558
21,1.0,1.0,0.8013318534961155,0.8014787611102431
22,1.0,1.0,0.8002219755826859,0.8003976954981126
23,1.0,1.0,0.8002219755826859,0.8003976954981126
24,1.0,1.0,0.8013318534961155,0.8015339196892539
25,1.0,1.0,0.7991120976692564,0.7993164215852233
26,1.0,1.0,0.7991120976692564,0.7993164215852233
27,1.0,1.0,0.7991120976692564,0.7993164215852233
28,1.0,1.0,0.7980022197558269,0.7982349314298874
29,1.0,1.0,0.7980022197558269,0.7981798921147581
30,1.0,1.0,0.7968923418423973,0.7970989234811925
