epoch,train_accuracy,train_f1_score,val_accuracy,val_f1_score
1,0.7622086570477248,0.762643520462533,0.7980022197558269,0.7934258975937712
2,0.852108768035516,0.8521816656402099,0.806881243063263,0.8064355320491914
3,0.8926193118756937,0.8927117972870704,0.7780244173140954,0.7786894639017309
4,0.9361820199778025,0.9362073697216047,0.8102108768035516,0.8105732157672494
5,0.9664261931187569,0.9664406056084253,0.804661487236404,0.8048242123195838
6,0.9769700332963374,0.9769708159803713,0.7724750277469479,0.7732861261516548
7,0.978912319644839,0.9789206960819214,0.8013318534961155,0.8018667716217391
8,0.9861265260821309,0.9861283986804275,0.8091009988901221,0.8098931482124636
9,0.9877913429522752,0.9877946073317088,0.7713651498335183,0.7714309995654641
10,0.9844617092119867,0.9844648401908399,0.7957824639289678,0.7963837914508018
11,0.9972253052164262,0.9972254933686545,0.7835738068812431,0.784260722914359
12,0.9897336293007769,0.9897367100568498,0.806881243063263,0.8071851103541661
13,0.9961154273029966,0.9961159516305197,0.802441731409545,0.8025534870556303
14,0.9905660377358491,0.9905660377358491,0.7902330743618202,0.7911209882246616
15,0.9911209766925638,0.991122765823337,0.7924528301886793,0.7924221355251687
16,0.9947280799112098,0.994728259079844,0.7857935627081021,0.7866023032239929
17,0.9955604883462819,0.9955610875777368,0.8079911209766926,0.806875865776383
18,0.9994450610432852,0.9994450610432852,0.802441731409545,0.8028400025697772
19,0.9014983351831298,0.9016688828527758,0.7946725860155383,0.7932875904565373
20,0.9869589345172031,0.9869602578443912,0.7869034406215316,0.7876505514741043
