epoch,train_accuracy,train_f1_score,val_accuracy,val_f1_score
1,0.4933135215453195,0.5222521444456424,0.7405940594059406,0.6302211108482862
2,0.733531451213472,0.6207771881412297,0.7504950495049505,0.6881987255329306
3,0.5220406141654285,0.5492270973716697,0.2594059405940594,0.10686219565352763
