epoch,train_accuracy,train_f1_score,val_accuracy,val_f1_score
1,0.5988904299583911,0.6066321404576844,0.6870144284128746,0.6986206957199445
2,0.7528432732316227,0.7614095495520375,0.6293007769145395,0.6447980651335935
3,0.8288488210818308,0.8332563775913685,0.7136514983351832,0.7154632200876161
4,0.8968099861303744,0.8986718914810122,0.6847946725860156,0.6944993545355534
5,0.9342579750346741,0.9348166558796234,0.6970033296337403,0.7050101465415427
6,0.9675450762829404,0.9676904645766753,0.6825749167591565,0.6846843868829064
7,0.9678224687933425,0.9679354690135902,0.7014428412874584,0.701527064505634
8,0.975866851595007,0.9759319636704474,0.6947835738068813,0.6957509332337047
9,0.9816920943134535,0.9817207151298629,0.6892341842397336,0.6849330045219483
10,0.991123439667129,0.9911364365137565,0.6759156492785794,0.661183909554895
11,0.9778085991678225,0.9778828240366569,0.6892341842397336,0.682408797422172
12,0.9828016643550624,0.9828395624599864,0.6947835738068813,0.6854327646851839
13,0.9889042995839112,0.9889113597362625,0.6881243063263041,0.6935269302252561
14,0.9883495145631068,0.9883549416160992,0.6992230854605993,0.6965118955063081
15,0.9858529819694868,0.9858666128444539,0.6770255271920089,0.6849602260351871
16,0.9786407766990292,0.9786715907160115,0.7036625971143174,0.7014663781050521
17,0.9830790568654646,0.9831086669764084,0.704772475027747,0.7116623952336496
18,0.9955617198335645,0.9955625369797626,0.7069922308546059,0.7107564575617116
19,0.9941747572815534,0.9941765811790788,0.6981132075471698,0.7066633124320518
20,0.9955617198335645,0.9955640751280002,0.7158712541620422,0.7182493422227052
