epoch,train_accuracy,train_f1_score,val_accuracy,val_f1_score
1,0.5993340732519423,0.6053817415332758,0.697339246119734,0.7065115702383762
2,0.7505549389567148,0.7605262858965312,0.6651884700665188,0.6781845756689364
3,0.8254716981132075,0.8304538528162636,0.6685144124168514,0.6869209091404751
4,0.8951165371809101,0.8972262967745158,0.7195121951219512,0.72361214859908
5,0.9264705882352942,0.9269690431420026,0.6796008869179601,0.6890794923672209
6,0.9528301886792453,0.9531961224731842,0.6862527716186253,0.6767936665776271
7,0.9800221975582686,0.980123678474264,0.6906873614190687,0.6908682824594814
8,0.9891786903440621,0.9891908040890053,0.6984478935698448,0.6934690180026174
9,0.994173140954495,0.9941927400163728,0.7039911308203991,0.7040161677411558
10,0.9958379578246392,0.9958380687086867,0.7006651884700665,0.691692346672879
11,0.996392896781354,0.9963963527941585,0.6984478935698448,0.6960710054741033
12,0.9950055493895672,0.9950102051689204,0.6906873614190687,0.6895569949043141
13,0.9264705882352942,0.9272998829051136,0.6873614190687362,0.6970733989833914
14,0.9619866814650389,0.9621593160512351,0.6851441241685144,0.692820807639287
15,0.9841842397336293,0.9842240212496678,0.7039911308203991,0.697778181662683
16,0.9861265260821309,0.986164440674538,0.7006651884700665,0.6918932331885443
17,0.9913984461709212,0.9914068015496391,0.6962305986696231,0.686992303504161
18,0.9822419533851277,0.9822775091828572,0.697339246119734,0.6981062519418766
19,0.9830743618201998,0.983095719245649,0.6929046563192904,0.6916162446419589
20,0.9925083240843507,0.9925143100667028,0.688470066518847,0.6929293039542394
