epoch,train_accuracy,train_f1_score,val_accuracy,val_f1_score
1,0.5916782246879334,0.5988251502688675,0.7069922308546059,0.7056121547297959
2,0.7300970873786408,0.7392315941967914,0.6847946725860156,0.7022662779490574
3,0.7919556171983356,0.7986041417019362,0.6892341842397336,0.7062449362162943
4,0.8532593619972261,0.8565958737889202,0.6970033296337403,0.7085859700043196
5,0.8965325936199723,0.8985412871748875,0.7369589345172031,0.7388019424907432
6,0.9306518723994452,0.931076250245577,0.7081021087680355,0.7158070454106621
7,0.9475728155339805,0.9478293172384571,0.6870144284128746,0.69780173100392
8,0.965880721220527,0.9660803214393522,0.7669256381798002,0.7625868209096437
9,0.9631067961165048,0.9633030309496116,0.6881243063263041,0.7006516561528102
10,0.954507628294036,0.954699662423061,0.7169811320754716,0.7253215460464941
11,0.9736477115117892,0.9737461385596641,0.6892341842397336,0.7014228575208209
12,0.9614424410540915,0.9616571771513214,0.7158712541620422,0.7209727443265868
13,0.9841886269070735,0.9841925534010435,0.7314095449500555,0.736175454764238
14,0.9897364771151179,0.9897535679181053,0.7192008879023307,0.7260921659393357
15,0.9839112343966713,0.9839637466644021,0.7169811320754716,0.7228810695720849
16,0.9852981969486824,0.9853274769666652,0.7347391786903441,0.732374072332924
17,0.9955617198335645,0.9955634329055215,0.7336293007769146,0.7351017065492088
18,0.996116504854369,0.9961172961701977,0.730299667036626,0.7341054957813706
19,0.9969486823855755,0.996950624831106,0.730299667036626,0.7345798977535527
20,0.9988904299583912,0.9988909741289493,0.7358490566037735,0.7410620496155121
