epoch,train_accuracy,train_f1_score,val_accuracy,val_f1_score
1,0.6343966712898752,0.6418826839381694,0.7036625971143174,0.7079022476940373
2,0.7400832177531207,0.7490331427417116,0.7003329633740288,0.7132534577413187
3,0.8066574202496533,0.8127143120313094,0.6981132075471698,0.7135003922669395
4,0.8768377253814147,0.8797074986111207,0.7258601553829079,0.7289759988853081
5,0.9306518723994452,0.9311860333448131,0.7014428412874584,0.7015246648979193
6,0.9325936199722608,0.9333271223128728,0.7136514983351832,0.7129217742461834
7,0.9631067961165048,0.9632325523429865,0.709211986681465,0.709869268670338
8,0.9703190013869626,0.9703469659879683,0.6936736958934517,0.7054589578757632
9,0.9755894590846047,0.9756746693524916,0.6958934517203108,0.7030920183217909
10,0.9725381414701803,0.9726721586784106,0.7058823529411765,0.708022405584999
11,0.9816920943134535,0.9817465011367762,0.704772475027747,0.7112333143872004
12,0.9839112343966713,0.983946404589603,0.6958934517203108,0.7076103896805667
13,0.9858529819694868,0.985895059323593,0.7147613762486127,0.7146390393779726
14,0.982246879334258,0.982325037485313,0.7203107658157603,0.7156257094436567
15,0.988626907073509,0.9886571313365657,0.7069922308546059,0.7093276293599616
16,0.9778085991678225,0.9778790313388807,0.7136514983351832,0.7116314900248115
17,0.984743411927878,0.984773623114902,0.709211986681465,0.7076958183274815
18,0.9869625520110957,0.9869716656862734,0.7203107658157603,0.7217339721604294
19,0.9930651872399445,0.993074281086638,0.7180910099889012,0.7197219085663562
20,0.9875173370319001,0.9875759350542169,0.7158712541620422,0.7135216081911314
