epoch,train_accuracy,train_f1_score,val_accuracy,val_f1_score
1,0.596116504854369,0.6041241479722925,0.7014428412874584,0.7010380627210951
2,0.7425797503467406,0.7520546675628728,0.7103218645948945,0.7270606192356945
3,0.8166435506241332,0.8228043444540535,0.7169811320754716,0.7333525669913074
4,0.8876560332871013,0.8901801204258112,0.7269700332963374,0.7303070869005746
5,0.9209431345353676,0.9223082875662574,0.7336293007769146,0.7355814210920498
6,0.9439667128987518,0.944275126120087,0.7203107658157603,0.722412948818725
7,0.9778085991678225,0.9778671723011854,0.7136514983351832,0.7181810332986305
8,0.9814147018030513,0.9814975660496311,0.7158712541620422,0.7187407104152715
9,0.9775312066574202,0.9776786361610528,0.7158712541620422,0.7172482426012764
10,0.9791955617198336,0.9792731438812681,0.7291897891231964,0.7248500997099562
11,0.9858529819694868,0.9858821472458347,0.7125416204217536,0.7177550083604383
12,0.9816920943134535,0.981781023532424,0.7336293007769146,0.7313343240072614
13,0.9852981969486824,0.9853260396100665,0.7247502774694784,0.7220324407821462
14,0.9916782246879334,0.9917029382645035,0.7347391786903441,0.7304345265756701
15,0.9905686546463246,0.990582840404776,0.7314095449500555,0.7328184117956651
16,0.9808599167822469,0.9809200878315704,0.7136514983351832,0.7220574371620467
17,0.9880721220527046,0.9880980287841663,0.7225305216426193,0.720680049451575
18,0.9905686546463246,0.9905879332445754,0.7203107658157603,0.7254015593260477
19,0.996116504854369,0.9961231187742964,0.7280799112097669,0.7280670876371808
20,0.996116504854369,0.9961178458313925,0.730299667036626,0.7343474666607612
21,0.9963938973647711,0.9964013038793677,0.7291897891231964,0.7281684719638875
22,0.9963938973647711,0.9963967589566652,0.7280799112097669,0.7297927654055751
23,0.9825242718446602,0.9825863169050317,0.6992230854605993,0.6964692351322384
24,0.968377253814147,0.9685337760640895,0.7081021087680355,0.7188136010022579
