epoch,train_accuracy,train_f1_score,val_accuracy,val_f1_score
1,0.6030513176144244,0.6117162191016047,0.7491675915649278,0.7377027956325397
2,0.7331484049930652,0.7429683301306866,0.7180910099889012,0.7258435724292801
3,0.7983356449375867,0.8055342073899606,0.7180910099889012,0.7245287828037185
4,0.8665742024965326,0.869522459186923,0.7158712541620422,0.7271208421921518
5,0.8269070735090153,0.8294472306598126,0.7081021087680355,0.7060606117745029
6,0.9162274618585298,0.9173450183667602,0.7192008879023307,0.7236221671052648
7,0.9647711511789182,0.9649564340317357,0.7291897891231964,0.731826138128123
8,0.9728155339805825,0.9729349028496048,0.7436182019977803,0.7418119121432781
9,0.9816920943134535,0.9817187000413103,0.7169811320754716,0.7268105509866671
10,0.961997226074896,0.9622048870898836,0.7402885682574917,0.74290091907941
11,0.9739251040221913,0.9740358084961943,0.7336293007769146,0.7378952915756043
12,0.9808599167822469,0.9808938914754762,0.732519422863485,0.7301135680574842
13,0.9902912621359223,0.9902953592463776,0.7358490566037735,0.7401454030307458
14,0.9941747572815534,0.9941792867272327,0.7469478357380688,0.7475295643274763
15,0.9958391123439667,0.9958437429418842,0.7402885682574917,0.7434180280489354
16,0.9947295423023579,0.9947324528852771,0.7425083240843507,0.740636596316428
17,0.99500693481276,0.9950106728833192,0.7380688124306326,0.7417552857214162
18,0.9933425797503468,0.9933706310275746,0.7336293007769146,0.7363226507621805
19,0.955617198335645,0.9559365173100745,0.7203107658157603,0.7242281408961476
20,0.9711511789181692,0.9712815299798296,0.730299667036626,0.7233686755676493
