epoch,train_accuracy,train_f1_score,val_accuracy,val_f1_score
1,0.7691015952980689,0.7686712723726319,0.8336134453781513,0.8319895828774544
2,0.8753148614609572,0.8753187075299278,0.8504201680672269,0.849824781569282
3,0.910159529806885,0.9101625699542057,0.8453781512605042,0.8449165595134797
4,0.9240134340890008,0.9240138492485903,0.8453781512605042,0.8443453348322069
5,0.9508816120906801,0.9508837504721193,0.8705882352941177,0.8704198947871833
6,0.9706129303106633,0.9706129303106633,0.8470588235294118,0.8455661822408925
7,0.9802686817800168,0.9802694016986669,0.8621848739495799,0.8618906573229999
8,0.9924433249370277,0.9924434741220658,0.8756302521008403,0.8756302521008403
9,0.9819479429051218,0.9819478378927453,0.8554621848739495,0.8548865003641652
10,0.9895046179680941,0.9895050009035462,0.8705882352941177,0.8705845798114002
11,0.9987405541561712,0.9987405468297263,0.8739495798319328,0.8739111108398756
12,1.0,1.0,0.880672268907563,0.8806021096565626
13,1.0,1.0,0.8773109243697479,0.877286658677033
14,1.0,1.0,0.8789915966386554,0.8789731348091526
15,1.0,1.0,0.8789915966386554,0.8789731348091526
16,1.0,1.0,0.8789915966386554,0.8789731348091526
17,1.0,1.0,0.880672268907563,0.880658784062499
18,1.0,1.0,0.880672268907563,0.880658784062499
19,1.0,1.0,0.880672268907563,0.880658784062499
20,1.0,1.0,0.880672268907563,0.880658784062499
21,1.0,1.0,0.8823529411764706,0.88234363512847
22,1.0,1.0,0.8823529411764706,0.88234363512847
23,1.0,1.0,0.8840336134453781,0.8840205084551046
24,1.0,1.0,0.8840336134453781,0.8840205084551046
25,1.0,1.0,0.8840336134453781,0.8840205084551046
26,1.0,1.0,0.8840336134453781,0.8840205084551046
27,1.0,1.0,0.8840336134453781,0.8840205084551046
28,1.0,1.0,0.8840336134453781,0.8840205084551046
29,1.0,1.0,0.8840336134453781,0.8840205084551046
30,1.0,1.0,0.8840336134453781,0.8840205084551046
