epoch,train_accuracy,train_f1_score,val_accuracy,val_f1_score
1,0.8110037799244015,0.8108716925492485,0.8154362416107382,0.8109355201204408
2,0.8962620747585048,0.8962620747585048,0.8808724832214765,0.8803729326014557
3,0.9344813103737926,0.9344821193732046,0.9043624161073825,0.904274872163158
4,0.9701805963880722,0.9701809645898348,0.8859060402684564,0.8857321538556073
5,0.9693406131877362,0.9693408403357687,0.8926174496644296,0.8926234974094107
6,0.9861402771944561,0.9861403798778132,0.8976510067114094,0.8976126799070966
7,0.9878202435951281,0.9878202049213022,0.9043624161073825,0.9043718400945788
8,0.99370012599748,0.9937001437783362,0.8942953020134228,0.8942557185925752
9,0.9823603527929441,0.9823605145962515,0.8624161073825504,0.8615303842248541
10,0.9941201175976481,0.9941199744548629,0.8909395973154363,0.890935605971504
11,0.991180176396472,0.9911800830446063,0.8959731543624161,0.8959825261503114
12,0.994540109197816,0.9945400514085658,0.8691275167785235,0.868055572522068
13,0.994960100797984,0.994960100797984,0.8758389261744967,0.8751085999631345
14,0.9907601847963041,0.9907601847963041,0.8859060402684564,0.8857002430827934
15,0.996640067198656,0.9966400849794149,0.8842281879194631,0.884239595903964
16,0.996220075598488,0.9962200635962661,0.8758389261744967,0.8758291390331074
17,0.997480050398992,0.997480033506866,0.9010067114093959,0.9009696086283092
18,0.996640067198656,0.9966400446758211,0.8657718120805369,0.865114576541012
19,0.9941201175976481,0.9941200781826871,0.8808724832214765,0.8807876066060779
20,0.999160016799664,0.999160016799664,0.8859060402684564,0.8858970418152072
