epoch,train_accuracy,train_f1_score,val_accuracy,val_f1_score
1,0.8476070528967254,0.8475881169207937,0.8638655462184874,0.8637855053828389
2,0.910159529806885,0.9101572492011925,0.8705882352941177,0.8704037008084867
3,0.9391267842149454,0.9391264301034437,0.8621848739495799,0.8614792610048584
4,0.9588581024349286,0.9588534310176253,0.8554621848739495,0.8554630014164163
5,0.961376994122586,0.9613765311450061,0.8739495798319328,0.8739032803203927
6,0.9748110831234257,0.9748107811815259,0.8605042016806723,0.8593242743264041
7,0.982367758186398,0.9823673105908883,0.8638655462184874,0.8636714255258108
8,0.9924433249370277,0.9924433249370277,0.8739495798319328,0.8739111108398756
9,0.9903442485306465,0.9903443012946598,0.8605042016806723,0.8603052878844728
10,0.9928631402183039,0.992863008117116,0.8722689075630252,0.8722588038537674
11,0.9878253568429891,0.9878254233715277,0.8504201680672269,0.8497246276449096
12,0.9966414777497901,0.9966414777497901,0.8689075630252101,0.8684399280332794
13,0.9941225860621327,0.9941225860621327,0.8554621848739495,0.8554630014164163
14,0.9865659109991604,0.9865657499634803,0.8638655462184874,0.8638640080151787
15,0.9974811083123426,0.9974810781181527,0.8571428571428571,0.8567161508337978
16,1.0,1.0,0.8857142857142857,0.8857110573042777
17,1.0,1.0,0.8857142857142857,0.8857052455533708
18,1.0,1.0,0.8857142857142857,0.8857052455533708
19,1.0,1.0,0.8823529411764706,0.8823349921755651
20,1.0,1.0,0.8840336134453781,0.8840205084551046
