epoch,train_accuracy,train_f1_score,val_accuracy,val_f1_score
1,0.8215035699286014,0.8213617951007739,0.8808724832214765,0.8807547135786145
2,0.9151616967660646,0.9151562493880516,0.8473154362416108,0.8464231448795938
3,0.9386812263754725,0.9386810533162576,0.8624161073825504,0.8617163701348349
4,0.9659806803863923,0.9659804763601382,0.8708053691275168,0.8704953926387464
5,0.9806803863922722,0.9806803863922722,0.8590604026845637,0.8586979593258008
6,0.9848803023939521,0.9848803023939521,0.8758389261744967,0.875754901085059
7,0.9903401931961361,0.9903401659321567,0.8791946308724832,0.8792109568416203
8,0.9903401931961361,0.9903402783937271,0.8640939597315436,0.8622064569005128
9,0.997060058798824,0.9970600307936397,0.8657718120805369,0.8657869314429896
10,0.9928601427971441,0.9928601604296396,0.8741610738255033,0.8741656792223482
11,0.994540109197816,0.994540057188188,0.8875838926174496,0.8875677393761452
12,0.999160016799664,0.9991600206521237,0.8825503355704698,0.8825662080404643
13,0.99370012599748,0.9937001415555645,0.8657718120805369,0.8649488405054416
14,0.997060058798824,0.9970600660592633,0.8708053691275168,0.8707999100610528
15,0.9916001679966401,0.9916001176172544,0.8808724832214765,0.8808405910004454
16,0.996640067198656,0.9966400826084948,0.8657718120805369,0.8657597112747746
17,0.997060058798824,0.9970600307936397,0.87751677852349,0.8774991787232624
18,1.0,1.0,0.8791946308724832,0.8791946308724832
19,1.0,1.0,0.8791946308724832,0.8792027963399349
20,1.0,1.0,0.8791946308724832,0.8792027963399349
