epoch,train_accuracy,train_f1_score,val_accuracy,val_f1_score
1,0.7485306465155331,0.7482975958844009,0.8773109243697479,0.8769661447146614
2,0.8849706129303107,0.8849693154356733,0.9042016806722689,0.903996654841712
3,0.9122586062132662,0.9122620239248439,0.8941176470588236,0.8938200974934749
4,0.9450041981528128,0.9450049832650235,0.9042016806722689,0.9041090515159756
5,0.9672544080604534,0.9672556546804948,0.892436974789916,0.8924199580164291
6,0.9668345927791772,0.9668358846414483,0.8974789915966387,0.8974581375686382
7,0.9827875734676742,0.982788256055166,0.8840336134453781,0.8837077258261867
8,0.9949622166246851,0.9949622663530311,0.8873949579831932,0.8873185657326456
9,0.9966414777497901,0.9966414777497901,0.8873949579831932,0.8872739543325283
10,0.9920235096557515,0.9920233704532991,0.8974789915966387,0.8974755163965706
11,0.9970612930310663,0.9970613080533217,0.8957983193277311,0.8957659314912727
12,1.0,1.0,0.8974789915966387,0.897440750568979
13,0.9979009235936188,0.9979009121231812,0.8974789915966387,0.897440750568979
14,0.9991603694374476,0.9991603694374476,0.8974789915966387,0.8973688240937945
15,1.0,1.0,0.8991596638655462,0.8991152076674404
16,1.0,1.0,0.8957983193277311,0.8957771224123761
17,1.0,1.0,0.8991596638655462,0.8991391507216542
18,1.0,1.0,0.8991596638655462,0.8991391507216542
19,1.0,1.0,0.8991596638655462,0.8991391507216542
20,1.0,1.0,0.8974789915966387,0.8974529214101409
21,1.0,1.0,0.8957983193277311,0.8957771224123761
22,1.0,1.0,0.8957983193277311,0.8957771224123761
23,1.0,1.0,0.8957983193277311,0.8957771224123761
24,1.0,1.0,0.8957983193277311,0.8957771224123761
25,1.0,1.0,0.8957983193277311,0.8957771224123761
26,1.0,1.0,0.8957983193277311,0.8957771224123761
27,1.0,1.0,0.8957983193277311,0.8957771224123761
28,1.0,1.0,0.8957983193277311,0.8957771224123761
29,1.0,1.0,0.8941176470588236,0.8940907221121124
30,1.0,1.0,0.8957983193277311,0.8957771224123761
