epoch,train_accuracy,train_f1_score,val_accuracy,val_f1_score
1,0.8161209068010076,0.8160929049086422,0.865546218487395,0.8638452359795882
2,0.8992443324937027,0.8992461792965449,0.8974789915966387,0.8970701648651496
3,0.9370277078085643,0.9370301051547978,0.892436974789916,0.8923329592423288
4,0.9584382871536524,0.9584394665948457,0.9092436974789916,0.9092154887182052
5,0.9756507136859782,0.9756513317156195,0.8991596638655462,0.8990279038444646
6,0.9869857262804366,0.9869856551637229,0.8991596638655462,0.8991220521844978
7,0.979009235936188,0.979009235936188,0.907563025210084,0.9075625029982672
8,0.9815281276238456,0.9815283099611142,0.8991596638655462,0.8990021971175598
9,0.9928631402183039,0.9928630156687414,0.9025210084033614,0.9024907101047391
10,0.9937027707808564,0.9937027363695434,0.907563025210084,0.9074422305006927
11,0.998320738874895,0.998320738874895,0.9025210084033614,0.9022642406156943
12,0.9899244332493703,0.9899241916958503,0.892436974789916,0.892430897782842
13,0.9966414777497901,0.9966414398599235,0.8873949579831932,0.8872190967325085
14,1.0,1.0,0.8974789915966387,0.8974094404431548
15,1.0,1.0,0.8974789915966387,0.8974094404431548
16,1.0,1.0,0.8974789915966387,0.8974094404431548
17,1.0,1.0,0.8974789915966387,0.8974094404431548
18,1.0,1.0,0.8974789915966387,0.8974094404431548
19,1.0,1.0,0.8974789915966387,0.8974094404431548
20,1.0,1.0,0.8974789915966387,0.8974094404431548
