epoch,train_accuracy,train_f1_score,val_accuracy,val_f1_score
1,0.7573467674223342,0.7572225314423909,0.8638655462184874,0.8638355495592835
2,0.8853904282115869,0.8853877012874398,0.8588235294117647,0.8580691243684867
3,0.8992443324937027,0.8992424856908607,0.8705882352941177,0.8698321782461766
4,0.9374475230898405,0.9374481514903689,0.8873949579831932,0.88727782319902
5,0.9559193954659949,0.9559198382985821,0.8890756302521008,0.8890305013355385
6,0.9773299748110831,0.9773302624861412,0.8840336134453781,0.8840375444093895
7,0.9903442485306465,0.9903444476444472,0.8705882352941177,0.8701558607225341
8,0.9941225860621327,0.9941226855095693,0.8840336134453781,0.8839372558329522
9,0.9991603694374476,0.9991603753570881,0.8823529411764706,0.8823130382735342
10,0.9995801847187238,0.9995801862726406,0.880672268907563,0.8806621542450419
11,0.9995801847187238,0.9995801862726406,0.8823529411764706,0.8822964018363977
12,1.0,1.0,0.8840336134453781,0.8840014942412362
13,1.0,1.0,0.8789915966386554,0.8789765519662361
14,1.0,1.0,0.880672268907563,0.8806520370672959
15,1.0,1.0,0.8789915966386554,0.8789854426954877
16,1.0,1.0,0.8789915966386554,0.8789854426954877
17,1.0,1.0,0.8789915966386554,0.8789854426954877
18,1.0,1.0,0.880672268907563,0.8806621542450419
19,1.0,1.0,0.8823529411764706,0.8823529411764706
20,1.0,1.0,0.8823529411764706,0.8823529411764706
21,1.0,1.0,0.8823529411764706,0.8823469581761688
22,1.0,1.0,0.8840336134453781,0.8840309924473235
23,1.0,1.0,0.8840336134453781,0.8840309924473235
24,1.0,1.0,0.8823529411764706,0.8823469581761688
25,1.0,1.0,0.8823529411764706,0.8823469581761688
26,1.0,1.0,0.8840336134453781,0.8840309924473235
27,1.0,1.0,0.8840336134453781,0.8840309924473235
28,1.0,1.0,0.8840336134453781,0.8840309924473235
29,1.0,1.0,0.8840336134453781,0.8840309924473235
30,1.0,1.0,0.8840336134453781,0.8840309924473235
