epoch,train_accuracy,train_f1_score,val_accuracy,val_f1_score
1,0.6346534653465347,0.6538865803223701,0.8217821782178217,0.8300230288986346
2,0.8910891089108911,0.8939584105940555,0.904950495049505,0.9062664295046358
3,0.944059405940594,0.9446852036879386,0.9108910891089109,0.9122039833716892
4,0.9584158415841584,0.958824764329955,0.904950495049505,0.9069088450517931
5,0.9757425742574257,0.9759477221670096,0.9089108910891089,0.9106405174135104
6,0.9871287128712871,0.9871674450729474,0.9108910891089109,0.9123589891693119
7,0.9925742574257426,0.992585522721912,0.9386138613861386,0.9385467363572172
8,0.9910891089108911,0.9911211804108716,0.9128712871287129,0.9134168472248887
9,0.9930693069306931,0.9930819032660799,0.9287128712871288,0.9288656906663778
10,0.9995049504950495,0.9995051016932689,0.9287128712871288,0.9280596133240744
11,0.9975247524752475,0.9975270129795664,0.9287128712871288,0.9285559279998449
12,0.9965346534653465,0.9965378181713931,0.9366336633663367,0.9360529896213994
13,0.9965346534653465,0.9965378181713931,0.9306930693069307,0.9304626680840273
14,0.9985148514851485,0.99851620778774,0.9207920792079208,0.9209618785181976
15,0.9995049504950495,0.9995051016932689,0.8930693069306931,0.8959122681058056
16,0.9955445544554455,0.9955539861346009,0.902970297029703,0.9004270327129393
