epoch,train_accuracy,train_f1_score,val_accuracy,val_f1_score
1,0.7469367341835459,0.7496639598507262,0.8108747044917257,0.8129615331120618
2,0.8552138034508627,0.8559475058443144,0.8463356973995272,0.8479710018507695
3,0.8802200550137534,0.8808648048877374,0.8108747044917257,0.812938130467443
4,0.9094773693423356,0.9098496267778489,0.7848699763593381,0.7869270527316754
