epoch,train_accuracy,train_f1_score,val_accuracy,val_f1_score
1,0.8004467609828742,0.7958985946471704,0.8988095238095238,0.8985951920117278
2,0.8950111690245719,0.8955689309889543,0.9107142857142857,0.9101890756302521
3,0.9225614296351452,0.9227554951123028,0.9017857142857143,0.9020034843205574
4,0.9404318689501117,0.940508908845919,0.9196428571428571,0.919517536145214
5,0.9545793000744601,0.9546451277477584,0.9136904761904762,0.9137320288239562
6,0.9627699180938198,0.9628296355832693,0.8988095238095238,0.8993970814132106
7,0.9664929262844378,0.9665203285748396,0.9077380952380952,0.9080751181875462
8,0.9821295606850335,0.9821636877861267,0.9107142857142857,0.9110683386548563
9,0.9813849590469099,0.9814119376015403,0.9136904761904762,0.9136472707603852
10,0.9918093819806404,0.991816080318294,0.9166666666666666,0.9166666666666666
11,0.9932985852568875,0.993304065714968,0.9107142857142857,0.9110108838624817
12,0.996276991809382,0.996277610201511,0.9077380952380952,0.9080123294902358
13,0.9992553983618764,0.9992555220403022,0.9255952380952381,0.9253042297752626
14,0.996276991809382,0.996277610201511,0.9017857142857143,0.9022564081155547
15,0.9977661950856291,0.9977672996761802,0.9077380952380952,0.9078660799285035
16,0.9903201787043932,0.9903280949216204,0.9017857142857143,0.9020776410702509
17,0.9932985852568875,0.9932974636192764,0.9166666666666666,0.9162876425925246
18,0.996276991809382,0.996277610201511,0.9166666666666666,0.9164901581273052
19,0.9992553983618764,0.9992555220403022,0.9047619047619048,0.904851791159327
20,0.9992553983618764,0.9992552737354752,0.8988095238095238,0.8993615444957728
21,0.9977661950856291,0.9977665661209064,0.9047619047619048,0.9050782761199804
22,0.9977661950856291,0.9977665661209064,0.9017857142857143,0.9022564081155547
