epoch,train_accuracy,train_f1_score,val_accuracy,val_f1_score
1,0.6714378659726741,0.6823853394400782,0.8322496749024707,0.8356567024769209
2,0.8379960962914769,0.840942910799723,0.8634590377113134,0.8618990842742787
3,0.8627195836044242,0.8642190677082393,0.8452535760728218,0.8487776528582203
4,0.8793103448275862,0.8814485530221531,0.8699609882964889,0.8691137161409861
5,0.8936239427456083,0.8940430951467865,0.8634590377113134,0.865357278050158
6,0.9121665582303188,0.9130450701507851,0.8556566970091027,0.8592757519594059
7,0.9255042290175667,0.9261348400862754,0.8634590377113134,0.8654901978010804
8,0.9339622641509434,0.9345212774563926,0.8673602080624188,0.8687314230899885
9,0.94469746258946,0.9450223185403324,0.8647594278283485,0.8673311423183626
10,0.9512036434612883,0.9515392191283327,0.8725617685305592,0.8720723545119194
11,0.9388418998048146,0.939074842717545,0.8530559167750326,0.8556537538821164
12,0.9599869876382563,0.9602270897444847,0.8543563068920677,0.8571258455736214
13,0.9671437865972674,0.9672732495713315,0.8582574772431729,0.8583454066707609
14,0.9736499674690956,0.9737468598452449,0.8543563068920677,0.8545361963889381
15,0.9765777488614183,0.976654574275924,0.8504551365409623,0.8512604866406697
16,0.9782042940793754,0.9782553475350771,0.8556566970091027,0.8551968043915351
17,0.9801561483409239,0.9802132999923715,0.8530559167750326,0.8548039264115014
18,0.9765777488614183,0.9766913815683466,0.8647594278283485,0.8652516035382007
19,0.9830839297332465,0.983121265895806,0.8556566970091027,0.8565981968732062
20,0.9856864020819779,0.9857141095170711,0.8543563068920677,0.8555489809279004
21,0.9882888744307091,0.9883083507917477,0.8478543563068921,0.849507001585652
22,0.9908913467794405,0.9909039996702916,0.8582574772431729,0.8599436104323332
23,0.9892648015614834,0.9892841202318948,0.8595578673602081,0.8613000393894101
24,0.9918672739102147,0.9918752095105676,0.8556566970091027,0.8578039233897136
25,0.9928432010409889,0.9928531425980862,0.8556566970091027,0.8565981968732062
26,0.9915419648666233,0.9915537139795565,0.8582574772431729,0.857040823186779
27,0.9941444372153546,0.9941525712166162,0.8491547464239272,0.8510259682330701
28,0.9928432010409889,0.9928570547585356,0.8374512353706112,0.8407526186791868
29,0.9934938191281718,0.9935046393287487,0.8621586475942783,0.8629797202767492
