epoch,train_accuracy,train_f1_score,val_accuracy,val_f1_score
1,0.6291883842144452,0.5586592847732401,0.8065476190476191,0.7975041298570711
2,0.8294862248696947,0.8387814068357169,0.8005952380952381,0.8282865646258503
3,0.8361876396128072,0.8558591143728658,0.8720238095238095,0.8764762137682774
4,0.8696947133283693,0.8830199276474968,0.8571428571428571,0.8733729117584065
5,0.9009679821295606,0.9082266594005309,0.8303571428571429,0.8530250717750718
6,0.9069247952345495,0.9146465886672298,0.8660714285714286,0.8801402690442094
7,0.9292628443782577,0.932586524832102,0.8690476190476191,0.8810530791263874
8,0.9486224869694714,0.9501208875965719,0.8690476190476191,0.8802744834279824
9,0.9463886820551005,0.9489896503645914,0.8779761904761905,0.8854970512579208
10,0.9612807148175726,0.9624270326230795,0.8779761904761905,0.8875269824479336
11,0.9664929262844378,0.9670092883801672,0.8988095238095238,0.8916079863119337
12,0.9724497393894267,0.9730557184219621,0.8839285714285714,0.8832889877782899
13,0.9784065524944154,0.9785006316001618,0.8988095238095238,0.895007492751199
14,0.9776619508562919,0.9779345641619758,0.8869047619047619,0.8932228133771981
15,0.9843633655994043,0.9844041847278302,0.8928571428571429,0.8919370752704087
16,0.9865971705137752,0.9866881169708811,0.9047619047619048,0.8994426871826976
17,0.9843633655994043,0.9844212248864231,0.9017857142857143,0.8923904712127578
18,0.9910647803425168,0.9911213106062141,0.9017857142857143,0.8983576612886959
19,0.9932985852568875,0.9933113925366165,0.8958333333333334,0.8893536328821893
20,0.9970215934475056,0.9970202150469915,0.8869047619047619,0.8847088852199217
21,0.9977661950856291,0.9977673413380552,0.8898809523809523,0.8857640993691207
22,0.9977661950856291,0.9977760200213375,0.8898809523809523,0.8834551011264722
23,0.9985107967237528,0.9985128783991455,0.8958333333333334,0.8924184349202753
24,0.9992553983618764,0.9992553136522638,0.8958333333333334,0.8929458437172312
25,0.9992553983618764,0.9992553136522638,0.8988095238095238,0.8941963425046131
