epoch,train_accuracy,train_f1_score,val_accuracy,val_f1_score
1,0.6351451973194341,0.622551695070956,0.8511904761904762,0.8336245960292148
2,0.8436336559940432,0.8469678932120196,0.8244047619047619,0.8378366121354395
3,0.8577810871183916,0.8674804635196656,0.8482142857142857,0.8594342079611224
4,0.877885331347729,0.8883401466665893,0.8720238095238095,0.8775435557894122
5,0.913626209977662,0.9183137222005935,0.8660714285714286,0.8777386105848973
6,0.913626209977662,0.9180092430669763,0.8690476190476191,0.8771841320843873
7,0.9255398361876396,0.9293795991286947,0.8869047619047619,0.8909027674344489
8,0.9478778853313478,0.9491202701150364,0.8809523809523809,0.8810913232202202
9,0.953090096798213,0.9540230496580328,0.8869047619047619,0.8859241908609222
10,0.964259121370067,0.9646690297845907,0.8839285714285714,0.8836493066063136
11,0.9724497393894267,0.972762977241473,0.8869047619047619,0.8859241908609222
12,0.9769173492181683,0.9770980417824943,0.8809523809523809,0.8791832010582011
13,0.9761727475800447,0.9764173167345614,0.8779761904761905,0.8807672844855645
14,0.9784065524944154,0.9786757377701858,0.8839285714285714,0.8822215957195337
15,0.9821295606850335,0.9822261806202072,0.8988095238095238,0.8958749887717588
16,0.9813849590469099,0.9813884018315063,0.8809523809523809,0.8773525536882396
17,0.9932985852568875,0.9932936318597906,0.8809523809523809,0.8775038470672821
18,0.9940431868950111,0.9940483593082519,0.8809523809523809,0.8745538807489985
19,0.9947877885331348,0.9947875841620514,0.8809523809523809,0.8787420343420678
20,0.9947877885331348,0.9947839799831844,0.875,0.8657582361962368
21,0.996276991809382,0.9962742714165602,0.8720238095238095,0.8671959976402486
22,0.9977661950856291,0.9977652247153806,0.8779761904761905,0.870971556407798
23,0.996276991809382,0.9962742714165602,0.8690476190476191,0.8629275006420133
24,0.9970215934475056,0.9970198603738772,0.8720238095238095,0.8666214301589852
