epoch,train_accuracy,train_f1_score,val_accuracy,val_f1_score
1,0.5465376023827252,0.614392598323289,0.8273809523809523,0.8271092530083978
2,0.8525688756515264,0.8585761914596994,0.8511904761904762,0.8640056022408964
3,0.8711839166046166,0.8843760793664881,0.8214285714285714,0.8466791777225993
4,0.8689501116902457,0.8878857677345083,0.8809523809523809,0.8817210130808649
5,0.8957557706626954,0.9071848713777566,0.9017857142857143,0.9008035070802038
6,0.9061801935964259,0.9165859061676105,0.9107142857142857,0.9121244169253367
7,0.9255398361876396,0.9307370825229728,0.8988095238095238,0.9022544778534396
8,0.9434102755026061,0.9453795300364218,0.9017857142857143,0.9025983565231799
9,0.9463886820551005,0.9480193762199932,0.9107142857142857,0.9069408243032532
10,0.9575577066269546,0.958646770837728,0.9107142857142857,0.9109974177692616
11,0.9635145197319435,0.9643574644437469,0.9077380952380952,0.9152703383406149
12,0.9672375279225615,0.9681034955909659,0.9077380952380952,0.9081325024820515
13,0.9664929262844378,0.9672100217705597,0.9047619047619048,0.9059789123281187
14,0.9754281459419211,0.9756983759532386,0.9107142857142857,0.9071652091428968
15,0.9798957557706627,0.9799536923993571,0.9047619047619048,0.9033379659254518
